Traceback (most recent call last):
  File "/home/bslimted/apps/passenger_wsgi.py", line 8, in <module>
    wsgi = imp.load_source('wsgi', 'passenger_wsgi.py')
  File "/opt/alt/python310/lib64/python3.10/imp.py", line 172, in load_source
    module = _load(spec)
  File "<frozen importlib._bootstrap>", line 719, in _load
  File "<frozen importlib._bootstrap>", line 688, in _load_unlocked
  File "<frozen importlib._bootstrap_external>", line 883, in exec_module
  File "<frozen importlib._bootstrap>", line 241, in _call_with_frames_removed
  File "passenger_wsgi.py", line 8, in <module>
    wsgi = imp.load_source('wsgi', 'passenger_wsgi.py')
  File "/opt/alt/python310/lib64/python3.10/imp.py", line 170, in load_source
    module = _exec(spec, sys.modules[name])
  File "<frozen importlib._bootstrap>", line 619, in _exec
  File "<frozen importlib._bootstrap_external>", line 883, in exec_module
  File "<frozen importlib._bootstrap>", line 241, in _call_with_frames_removed
  File "passenger_wsgi.py", line 8, in <module>
    wsgi = imp.load_source('wsgi', 'passenger_wsgi.py')
  File "/opt/alt/python310/lib64/python3.10/imp.py", line 170, in load_source
    module = _exec(spec, sys.modules[name])
  File "<frozen importlib._bootstrap>", line 619, in _exec
  File "<frozen importlib._bootstrap_external>", line 883, in exec_module
  File "<frozen importlib._bootstrap>", line 241, in _call_with_frames_removed
  File "passenger_wsgi.py", line 8, in <module>
    wsgi = imp.load_source('wsgi', 'passenger_wsgi.py')
  File "/opt/alt/python310/lib64/python3.10/imp.py", line 170, in load_source
    module = _exec(spec, sys.modules[name])
  File "<frozen importlib._bootstrap>", line 619, in _exec
  File "<frozen importlib._bootstrap_external>", line 883, in exec_module
  File "<frozen importlib._bootstrap>", line 241, in _call_with_frames_removed
  File "passenger_wsgi.py", line 8, in <module>
    wsgi = imp.load_source('wsgi', 'passenger_wsgi.py')
  File "/opt/alt/python310/lib64/python3.10/imp.py", line 170, in load_source
    module = _exec(spec, sys.modules[name])
  File "<frozen importlib._bootstrap>", line 619, in _exec
  File "<frozen importlib._bootstrap_external>", line 883, in exec_module
  File "<frozen importlib._bootstrap>", line 241, in _call_with_frames_removed
  File "passenger_wsgi.py", line 8, in <module>
    wsgi = imp.load_source('wsgi', 'passenger_wsgi.py')
  File "/opt/alt/python310/lib64/python3.10/imp.py", line 170, in load_source
    module = _exec(spec, sys.modules[name])
  File "<frozen importlib._bootstrap>", line 619, in _exec
  File "<frozen importlib._bootstrap_external>", line 883, in exec_module
  File "<frozen importlib._bootstrap>", line 241, in _call_with_frames_removed
  File "passenger_wsgi.py", line 8, in <module>
    wsgi = imp.load_source('wsgi', 'passenger_wsgi.py')
  File "/opt/alt/python310/lib64/python3.10/imp.py", line 170, in load_source
    module = _exec(spec, sys.modules[name])
  File "<frozen importlib._bootstrap>", line 619, in _exec
  File "<frozen importlib._bootstrap_external>", line 883, in exec_module
  File "<frozen importlib._bootstrap>", line 241, in _call_with_frames_removed
  File "passenger_wsgi.py", line 8, in <module>
    wsgi = imp.load_source('wsgi', 'passenger_wsgi.py')
  File "/opt/alt/python310/lib64/python3.10/imp.py", line 170, in load_source
    module = _exec(spec, sys.modules[name])
  File "<frozen importlib._bootstrap>", line 619, in _exec
  File "<frozen importlib._bootstrap_external>", line 883, in exec_module
  File "<frozen importlib._bootstrap>", line 241, in _call_with_frames_removed
  File "passenger_wsgi.py", line 8, in <module>
    wsgi = imp.load_source('wsgi', 'passenger_wsgi.py')
  File "/opt/alt/python310/lib64/python3.10/imp.py", line 170, in load_source
    module = _exec(spec, sys.modules[name])
  File "<frozen importlib._bootstrap>", line 619, in _exec
  File "<frozen importlib._bootstrap_external>", line 883, in exec_module
  File "<frozen importlib._bootstrap>", line 241, in _call_with_frames_removed
  File "passenger_wsgi.py", line 8, in <module>
    wsgi = imp.load_source('wsgi', 'passenger_wsgi.py')
  File "/opt/alt/python310/lib64/python3.10/imp.py", line 170, in load_source
    module = _exec(spec, sys.modules[name])
  File "<frozen importlib._bootstrap>", line 619, in _exec
  File "<frozen importlib._bootstrap_external>", line 883, in exec_module
  File "<frozen importlib._bootstrap>", line 241, in _call_with_frames_removed
  File "passenger_wsgi.py", line 8, in <module>
    wsgi = imp.load_source('wsgi', 'passenger_wsgi.py')
  File "/opt/alt/python310/lib64/python3.10/imp.py", line 170, in load_source
    module = _exec(spec, sys.modules[name])
  File "<frozen importlib._bootstrap>", line 619, in _exec
  File "<frozen importlib._bootstrap_external>", line 883, in exec_module
  File "<frozen importlib._bootstrap>", line 241, in _call_with_frames_removed
  File "passenger_wsgi.py", line 8, in <module>
    wsgi = imp.load_source('wsgi', 'passenger_wsgi.py')
  File "/opt/alt/python310/lib64/python3.10/imp.py", line 170, in load_source
    module = _exec(spec, sys.modules[name])
  File "<frozen importlib._bootstrap>", line 619, in _exec
  File "<frozen importlib._bootstrap_external>", line 883, in exec_module
  File "<frozen importlib._bootstrap>", line 241, in _call_with_frames_removed
  File "passenger_wsgi.py", line 8, in <module>
    wsgi = imp.load_source('wsgi', 'passenger_wsgi.py')
  File "/opt/alt/python310/lib64/python3.10/imp.py", line 170, in load_source
    module = _exec(spec, sys.modules[name])
  File "<frozen importlib._bootstrap>", line 619, in _exec
  File "<frozen importlib._bootstrap_external>", line 883, in exec_module
  File "<frozen importlib._bootstrap>", line 241, in _call_with_frames_removed
  File "passenger_wsgi.py", line 8, in <module>
    wsgi = imp.load_source('wsgi', 'passenger_wsgi.py')
  File "/opt/alt/python310/lib64/python3.10/imp.py", line 170, in load_source
    module = _exec(spec, sys.modules[name])
  File "<frozen importlib._bootstrap>", line 619, in _exec
  File "<frozen importlib._bootstrap_external>", line 883, in exec_module
  File "<frozen importlib._bootstrap>", line 241, in _call_with_frames_removed
  File "passenger_wsgi.py", line 8, in <module>
    wsgi = imp.load_source('wsgi', 'passenger_wsgi.py')
  File "/opt/alt/python310/lib64/python3.10/imp.py", line 170, in load_source
    module = _exec(spec, sys.modules[name])
  File "<frozen importlib._bootstrap>", line 619, in _exec
  File "<frozen importlib._bootstrap_external>", line 883, in exec_module
  File "<frozen importlib._bootstrap>", line 241, in _call_with_frames_removed
  File "passenger_wsgi.py", line 8, in <module>
    wsgi = imp.load_source('wsgi', 'passenger_wsgi.py')
  File "/opt/alt/python310/lib64/python3.10/imp.py", line 170, in load_source
    module = _exec(spec, sys.modules[name])
  File "<frozen importlib._bootstrap>", line 619, in _exec
  File "<frozen importlib._bootstrap_external>", line 883, in exec_module
  File "<frozen importlib._bootstrap>", line 241, in _call_with_frames_removed
  File "passenger_wsgi.py", line 8, in <module>
    wsgi = imp.load_source('wsgi', 'passenger_wsgi.py')
  File "/opt/alt/python310/lib64/python3.10/imp.py", line 170, in load_source
    module = _exec(spec, sys.modules[name])
  File "<frozen importlib._bootstrap>", line 619, in _exec
  File "<frozen importlib._bootstrap_external>", line 883, in exec_module
  File "<frozen importlib._bootstrap>", line 241, in _call_with_frames_removed
  File "passenger_wsgi.py", line 8, in <module>
    wsgi = imp.load_source('wsgi', 'passenger_wsgi.py')
  File "/opt/alt/python310/lib64/python3.10/imp.py", line 170, in load_source
    module = _exec(spec, sys.modules[name])
  File "<frozen importlib._bootstrap>", line 619, in _exec
  File "<frozen importlib._bootstrap_external>", line 883, in exec_module
  File "<frozen importlib._bootstrap>", line 241, in _call_with_frames_removed
  File "passenger_wsgi.py", line 8, in <module>
    wsgi = imp.load_source('wsgi', 'passenger_wsgi.py')
  File "/opt/alt/python310/lib64/python3.10/imp.py", line 170, in load_source
    module = _exec(spec, sys.modules[name])
  File "<frozen importlib._bootstrap>", line 619, in _exec
  File "<frozen importlib._bootstrap_external>", line 883, in exec_module
  File "<frozen importlib._bootstrap>", line 241, in _call_with_frames_removed
  File "passenger_wsgi.py", line 8, in <module>
    wsgi = imp.load_source('wsgi', 'passenger_wsgi.py')
  File "/opt/alt/python310/lib64/python3.10/imp.py", line 170, in load_source
    module = _exec(spec, sys.modules[name])
  File "<frozen importlib._bootstrap>", line 619, in _exec
  File "<frozen importlib._bootstrap_external>", line 883, in exec_module
  File "<frozen importlib._bootstrap>", line 241, in _call_with_frames_removed
  File "passenger_wsgi.py", line 8, in <module>
    wsgi = imp.load_source('wsgi', 'passenger_wsgi.py')
  File "/opt/alt/python310/lib64/python3.10/imp.py", line 170, in load_source
    module = _exec(spec, sys.modules[name])
  File "<frozen importlib._bootstrap>", line 619, in _exec
  File "<frozen importlib._bootstrap_external>", line 883, in exec_module
  File "<frozen importlib._bootstrap>", line 241, in _call_with_frames_removed
  File "passenger_wsgi.py", line 8, in <module>
    wsgi = imp.load_source('wsgi', 'passenger_wsgi.py')
  File "/opt/alt/python310/lib64/python3.10/imp.py", line 170, in load_source
    module = _exec(spec, sys.modules[name])
  File "<frozen importlib._bootstrap>", line 619, in _exec
  File "<frozen importlib._bootstrap_external>", line 883, in exec_module
  File "<frozen importlib._bootstrap>", line 241, in _call_with_frames_removed
  File "passenger_wsgi.py", line 8, in <module>
    wsgi = imp.load_source('wsgi', 'passenger_wsgi.py')
  File "/opt/alt/python310/lib64/python3.10/imp.py", line 170, in load_source
    module = _exec(spec, sys.modules[name])
  File "<frozen importlib._bootstrap>", line 619, in _exec
  File "<frozen importlib._bootstrap_external>", line 883, in exec_module
  File "<frozen importlib._bootstrap>", line 241, in _call_with_frames_removed
  File "passenger_wsgi.py", line 8, in <module>
    wsgi = imp.load_source('wsgi', 'passenger_wsgi.py')
  File "/opt/alt/python310/lib64/python3.10/imp.py", line 170, in load_source
    module = _exec(spec, sys.modules[name])
  File "<frozen importlib._bootstrap>", line 619, in _exec
  File "<frozen importlib._bootstrap_external>", line 883, in exec_module
  File "<frozen importlib._bootstrap>", line 241, in _call_with_frames_removed
  File "passenger_wsgi.py", line 8, in <module>
    wsgi = imp.load_source('wsgi', 'passenger_wsgi.py')
  File "/opt/alt/python310/lib64/python3.10/imp.py", line 170, in load_source
    module = _exec(spec, sys.modules[name])
  File "<frozen importlib._bootstrap>", line 619, in _exec
  File "<frozen importlib._bootstrap_external>", line 883, in exec_module
  File "<frozen importlib._bootstrap>", line 241, in _call_with_frames_removed
  File "passenger_wsgi.py", line 8, in <module>
    wsgi = imp.load_source('wsgi', 'passenger_wsgi.py')
  File "/opt/alt/python310/lib64/python3.10/imp.py", line 170, in load_source
    module = _exec(spec, sys.modules[name])
  File "<frozen importlib._bootstrap>", line 619, in _exec
  File "<frozen importlib._bootstrap_external>", line 883, in exec_module
  File "<frozen importlib._bootstrap>", line 241, in _call_with_frames_removed
  File "passenger_wsgi.py", line 8, in <module>
    wsgi = imp.load_source('wsgi', 'passenger_wsgi.py')
  File "/opt/alt/python310/lib64/python3.10/imp.py", line 170, in load_source
    module = _exec(spec, sys.modules[name])
  File "<frozen importlib._bootstrap>", line 619, in _exec
  File "<frozen importlib._bootstrap_external>", line 883, in exec_module
  File "<frozen importlib._bootstrap>", line 241, in _call_with_frames_removed
  File "passenger_wsgi.py", line 8, in <module>
    wsgi = imp.load_source('wsgi', 'passenger_wsgi.py')
  File "/opt/alt/python310/lib64/python3.10/imp.py", line 170, in load_source
    module = _exec(spec, sys.modules[name])
  File "<frozen importlib._bootstrap>", line 619, in _exec
  File "<frozen importlib._bootstrap_external>", line 883, in exec_module
  File "<frozen importlib._bootstrap>", line 241, in _call_with_frames_removed
  File "passenger_wsgi.py", line 8, in <module>
    wsgi = imp.load_source('wsgi', 'passenger_wsgi.py')
  File "/opt/alt/python310/lib64/python3.10/imp.py", line 170, in load_source
    module = _exec(spec, sys.modules[name])
  File "<frozen importlib._bootstrap>", line 619, in _exec
  File "<frozen importlib._bootstrap_external>", line 883, in exec_module
  File "<frozen importlib._bootstrap>", line 241, in _call_with_frames_removed
  File "passenger_wsgi.py", line 8, in <module>
    wsgi = imp.load_source('wsgi', 'passenger_wsgi.py')
  File "/opt/alt/python310/lib64/python3.10/imp.py", line 170, in load_source
    module = _exec(spec, sys.modules[name])
  File "<frozen importlib._bootstrap>", line 619, in _exec
  File "<frozen importlib._bootstrap_external>", line 883, in exec_module
  File "<frozen importlib._bootstrap>", line 241, in _call_with_frames_removed
  File "passenger_wsgi.py", line 8, in <module>
    wsgi = imp.load_source('wsgi', 'passenger_wsgi.py')
  File "/opt/alt/python310/lib64/python3.10/imp.py", line 170, in load_source
    module = _exec(spec, sys.modules[name])
  File "<frozen importlib._bootstrap>", line 619, in _exec
  File "<frozen importlib._bootstrap_external>", line 883, in exec_module
  File "<frozen importlib._bootstrap>", line 241, in _call_with_frames_removed
  File "passenger_wsgi.py", line 8, in <module>
    wsgi = imp.load_source('wsgi', 'passenger_wsgi.py')
  File "/opt/alt/python310/lib64/python3.10/imp.py", line 170, in load_source
    module = _exec(spec, sys.modules[name])
  File "<frozen importlib._bootstrap>", line 619, in _exec
  File "<frozen importlib._bootstrap_external>", line 883, in exec_module
  File "<frozen importlib._bootstrap>", line 241, in _call_with_frames_removed
  File "passenger_wsgi.py", line 8, in <module>
    wsgi = imp.load_source('wsgi', 'passenger_wsgi.py')
  File "/opt/alt/python310/lib64/python3.10/imp.py", line 170, in load_source
    module = _exec(spec, sys.modules[name])
  File "<frozen importlib._bootstrap>", line 619, in _exec
  File "<frozen importlib._bootstrap_external>", line 883, in exec_module
  File "<frozen importlib._bootstrap>", line 241, in _call_with_frames_removed
  File "passenger_wsgi.py", line 8, in <module>
    wsgi = imp.load_source('wsgi', 'passenger_wsgi.py')
  File "/opt/alt/python310/lib64/python3.10/imp.py", line 170, in load_source
    module = _exec(spec, sys.modules[name])
  File "<frozen importlib._bootstrap>", line 619, in _exec
  File "<frozen importlib._bootstrap_external>", line 883, in exec_module
  File "<frozen importlib._bootstrap>", line 241, in _call_with_frames_removed
  File "passenger_wsgi.py", line 8, in <module>
    wsgi = imp.load_source('wsgi', 'passenger_wsgi.py')
  File "/opt/alt/python310/lib64/python3.10/imp.py", line 170, in load_source
    module = _exec(spec, sys.modules[name])
  File "<frozen importlib._bootstrap>", line 619, in _exec
  File "<frozen importlib._bootstrap_external>", line 883, in exec_module
  File "<frozen importlib._bootstrap>", line 241, in _call_with_frames_removed
  File "passenger_wsgi.py", line 8, in <module>
    wsgi = imp.load_source('wsgi', 'passenger_wsgi.py')
  File "/opt/alt/python310/lib64/python3.10/imp.py", line 170, in load_source
    module = _exec(spec, sys.modules[name])
  File "<frozen importlib._bootstrap>", line 619, in _exec
  File "<frozen importlib._bootstrap_external>", line 883, in exec_module
  File "<frozen importlib._bootstrap>", line 241, in _call_with_frames_removed
  File "passenger_wsgi.py", line 8, in <module>
    wsgi = imp.load_source('wsgi', 'passenger_wsgi.py')
  File "/opt/alt/python310/lib64/python3.10/imp.py", line 170, in load_source
    module = _exec(spec, sys.modules[name])
  File "<frozen importlib._bootstrap>", line 619, in _exec
  File "<frozen importlib._bootstrap_external>", line 883, in exec_module
  File "<frozen importlib._bootstrap>", line 241, in _call_with_frames_removed
  File "passenger_wsgi.py", line 8, in <module>
    wsgi = imp.load_source('wsgi', 'passenger_wsgi.py')
  File "/opt/alt/python310/lib64/python3.10/imp.py", line 170, in load_source
    module = _exec(spec, sys.modules[name])
  File "<frozen importlib._bootstrap>", line 619, in _exec
  File "<frozen importlib._bootstrap_external>", line 883, in exec_module
  File "<frozen importlib._bootstrap>", line 241, in _call_with_frames_removed
  File "passenger_wsgi.py", line 8, in <module>
    wsgi = imp.load_source('wsgi', 'passenger_wsgi.py')
  File "/opt/alt/python310/lib64/python3.10/imp.py", line 170, in load_source
    module = _exec(spec, sys.modules[name])
  File "<frozen importlib._bootstrap>", line 619, in _exec
  File "<frozen importlib._bootstrap_external>", line 883, in exec_module
  File "<frozen importlib._bootstrap>", line 241, in _call_with_frames_removed
  File "passenger_wsgi.py", line 8, in <module>
    wsgi = imp.load_source('wsgi', 'passenger_wsgi.py')
  File "/opt/alt/python310/lib64/python3.10/imp.py", line 170, in load_source
    module = _exec(spec, sys.modules[name])
  File "<frozen importlib._bootstrap>", line 619, in _exec
  File "<frozen importlib._bootstrap_external>", line 883, in exec_module
  File "<frozen importlib._bootstrap>", line 241, in _call_with_frames_removed
  File "passenger_wsgi.py", line 8, in <module>
    wsgi = imp.load_source('wsgi', 'passenger_wsgi.py')
  File "/opt/alt/python310/lib64/python3.10/imp.py", line 170, in load_source
    module = _exec(spec, sys.modules[name])
  File "<frozen importlib._bootstrap>", line 619, in _exec
  File "<frozen importlib._bootstrap_external>", line 883, in exec_module
  File "<frozen importlib._bootstrap>", line 241, in _call_with_frames_removed
  File "passenger_wsgi.py", line 8, in <module>
    wsgi = imp.load_source('wsgi', 'passenger_wsgi.py')
  File "/opt/alt/python310/lib64/python3.10/imp.py", line 170, in load_source
    module = _exec(spec, sys.modules[name])
  File "<frozen importlib._bootstrap>", line 619, in _exec
  File "<frozen importlib._bootstrap_external>", line 883, in exec_module
  File "<frozen importlib._bootstrap>", line 241, in _call_with_frames_removed
  File "passenger_wsgi.py", line 8, in <module>
    wsgi = imp.load_source('wsgi', 'passenger_wsgi.py')
  File "/opt/alt/python310/lib64/python3.10/imp.py", line 170, in load_source
    module = _exec(spec, sys.modules[name])
  File "<frozen importlib._bootstrap>", line 619, in _exec
  File "<frozen importlib._bootstrap_external>", line 883, in exec_module
  File "<frozen importlib._bootstrap>", line 241, in _call_with_frames_removed
  File "passenger_wsgi.py", line 8, in <module>
    wsgi = imp.load_source('wsgi', 'passenger_wsgi.py')
  File "/opt/alt/python310/lib64/python3.10/imp.py", line 170, in load_source
    module = _exec(spec, sys.modules[name])
  File "<frozen importlib._bootstrap>", line 619, in _exec
  File "<frozen importlib._bootstrap_external>", line 883, in exec_module
  File "<frozen importlib._bootstrap>", line 241, in _call_with_frames_removed
  File "passenger_wsgi.py", line 8, in <module>
    wsgi = imp.load_source('wsgi', 'passenger_wsgi.py')
  File "/opt/alt/python310/lib64/python3.10/imp.py", line 170, in load_source
    module = _exec(spec, sys.modules[name])
  File "<frozen importlib._bootstrap>", line 619, in _exec
  File "<frozen importlib._bootstrap_external>", line 883, in exec_module
  File "<frozen importlib._bootstrap>", line 241, in _call_with_frames_removed
  File "passenger_wsgi.py", line 8, in <module>
    wsgi = imp.load_source('wsgi', 'passenger_wsgi.py')
  File "/opt/alt/python310/lib64/python3.10/imp.py", line 170, in load_source
    module = _exec(spec, sys.modules[name])
  File "<frozen importlib._bootstrap>", line 619, in _exec
  File "<frozen importlib._bootstrap_external>", line 883, in exec_module
  File "<frozen importlib._bootstrap>", line 241, in _call_with_frames_removed
  File "passenger_wsgi.py", line 8, in <module>
    wsgi = imp.load_source('wsgi', 'passenger_wsgi.py')
  File "/opt/alt/python310/lib64/python3.10/imp.py", line 170, in load_source
    module = _exec(spec, sys.modules[name])
  File "<frozen importlib._bootstrap>", line 619, in _exec
  File "<frozen importlib._bootstrap_external>", line 883, in exec_module
  File "<frozen importlib._bootstrap>", line 241, in _call_with_frames_removed
  File "passenger_wsgi.py", line 8, in <module>
    wsgi = imp.load_source('wsgi', 'passenger_wsgi.py')
  File "/opt/alt/python310/lib64/python3.10/imp.py", line 170, in load_source
    module = _exec(spec, sys.modules[name])
  File "<frozen importlib._bootstrap>", line 619, in _exec
  File "<frozen importlib._bootstrap_external>", line 883, in exec_module
  File "<frozen importlib._bootstrap>", line 241, in _call_with_frames_removed
  File "passenger_wsgi.py", line 8, in <module>
    wsgi = imp.load_source('wsgi', 'passenger_wsgi.py')
  File "/opt/alt/python310/lib64/python3.10/imp.py", line 170, in load_source
    module = _exec(spec, sys.modules[name])
  File "<frozen importlib._bootstrap>", line 619, in _exec
  File "<frozen importlib._bootstrap_external>", line 883, in exec_module
  File "<frozen importlib._bootstrap>", line 241, in _call_with_frames_removed
  File "passenger_wsgi.py", line 8, in <module>
    wsgi = imp.load_source('wsgi', 'passenger_wsgi.py')
  File "/opt/alt/python310/lib64/python3.10/imp.py", line 170, in load_source
    module = _exec(spec, sys.modules[name])
  File "<frozen importlib._bootstrap>", line 619, in _exec
  File "<frozen importlib._bootstrap_external>", line 883, in exec_module
  File "<frozen importlib._bootstrap>", line 241, in _call_with_frames_removed
  File "passenger_wsgi.py", line 8, in <module>
    wsgi = imp.load_source('wsgi', 'passenger_wsgi.py')
  File "/opt/alt/python310/lib64/python3.10/imp.py", line 170, in load_source
    module = _exec(spec, sys.modules[name])
  File "<frozen importlib._bootstrap>", line 619, in _exec
  File "<frozen importlib._bootstrap_external>", line 883, in exec_module
  File "<frozen importlib._bootstrap>", line 241, in _call_with_frames_removed
  File "passenger_wsgi.py", line 8, in <module>
    wsgi = imp.load_source('wsgi', 'passenger_wsgi.py')
  File "/opt/alt/python310/lib64/python3.10/imp.py", line 170, in load_source
    module = _exec(spec, sys.modules[name])
  File "<frozen importlib._bootstrap>", line 619, in _exec
  File "<frozen importlib._bootstrap_external>", line 883, in exec_module
  File "<frozen importlib._bootstrap>", line 241, in _call_with_frames_removed
  File "passenger_wsgi.py", line 8, in <module>
    wsgi = imp.load_source('wsgi', 'passenger_wsgi.py')
  File "/opt/alt/python310/lib64/python3.10/imp.py", line 170, in load_source
    module = _exec(spec, sys.modules[name])
  File "<frozen importlib._bootstrap>", line 619, in _exec
  File "<frozen importlib._bootstrap_external>", line 883, in exec_module
  File "<frozen importlib._bootstrap>", line 241, in _call_with_frames_removed
  File "passenger_wsgi.py", line 8, in <module>
    wsgi = imp.load_source('wsgi', 'passenger_wsgi.py')
  File "/opt/alt/python310/lib64/python3.10/imp.py", line 170, in load_source
    module = _exec(spec, sys.modules[name])
  File "<frozen importlib._bootstrap>", line 619, in _exec
  File "<frozen importlib._bootstrap_external>", line 883, in exec_module
  File "<frozen importlib._bootstrap>", line 241, in _call_with_frames_removed
  File "passenger_wsgi.py", line 8, in <module>
    wsgi = imp.load_source('wsgi', 'passenger_wsgi.py')
  File "/opt/alt/python310/lib64/python3.10/imp.py", line 170, in load_source
    module = _exec(spec, sys.modules[name])
  File "<frozen importlib._bootstrap>", line 619, in _exec
  File "<frozen importlib._bootstrap_external>", line 883, in exec_module
  File "<frozen importlib._bootstrap>", line 241, in _call_with_frames_removed
  File "passenger_wsgi.py", line 8, in <module>
    wsgi = imp.load_source('wsgi', 'passenger_wsgi.py')
  File "/opt/alt/python310/lib64/python3.10/imp.py", line 170, in load_source
    module = _exec(spec, sys.modules[name])
  File "<frozen importlib._bootstrap>", line 619, in _exec
  File "<frozen importlib._bootstrap_external>", line 883, in exec_module
  File "<frozen importlib._bootstrap>", line 241, in _call_with_frames_removed
  File "passenger_wsgi.py", line 8, in <module>
    wsgi = imp.load_source('wsgi', 'passenger_wsgi.py')
  File "/opt/alt/python310/lib64/python3.10/imp.py", line 170, in load_source
    module = _exec(spec, sys.modules[name])
  File "<frozen importlib._bootstrap>", line 619, in _exec
  File "<frozen importlib._bootstrap_external>", line 883, in exec_module
  File "<frozen importlib._bootstrap>", line 241, in _call_with_frames_removed
  File "passenger_wsgi.py", line 8, in <module>
    wsgi = imp.load_source('wsgi', 'passenger_wsgi.py')
  File "/opt/alt/python310/lib64/python3.10/imp.py", line 170, in load_source
    module = _exec(spec, sys.modules[name])
  File "<frozen importlib._bootstrap>", line 619, in _exec
  File "<frozen importlib._bootstrap_external>", line 883, in exec_module
  File "<frozen importlib._bootstrap>", line 241, in _call_with_frames_removed
  File "passenger_wsgi.py", line 8, in <module>
    wsgi = imp.load_source('wsgi', 'passenger_wsgi.py')
  File "/opt/alt/python310/lib64/python3.10/imp.py", line 170, in load_source
    module = _exec(spec, sys.modules[name])
  File "<frozen importlib._bootstrap>", line 619, in _exec
  File "<frozen importlib._bootstrap_external>", line 883, in exec_module
  File "<frozen importlib._bootstrap>", line 241, in _call_with_frames_removed
  File "passenger_wsgi.py", line 8, in <module>
    wsgi = imp.load_source('wsgi', 'passenger_wsgi.py')
  File "/opt/alt/python310/lib64/python3.10/imp.py", line 170, in load_source
    module = _exec(spec, sys.modules[name])
  File "<frozen importlib._bootstrap>", line 619, in _exec
  File "<frozen importlib._bootstrap_external>", line 883, in exec_module
  File "<frozen importlib._bootstrap>", line 241, in _call_with_frames_removed
  File "passenger_wsgi.py", line 8, in <module>
    wsgi = imp.load_source('wsgi', 'passenger_wsgi.py')
  File "/opt/alt/python310/lib64/python3.10/imp.py", line 170, in load_source
    module = _exec(spec, sys.modules[name])
  File "<frozen importlib._bootstrap>", line 619, in _exec
  File "<frozen importlib._bootstrap_external>", line 883, in exec_module
  File "<frozen importlib._bootstrap>", line 241, in _call_with_frames_removed
  File "passenger_wsgi.py", line 8, in <module>
    wsgi = imp.load_source('wsgi', 'passenger_wsgi.py')
  File "/opt/alt/python310/lib64/python3.10/imp.py", line 170, in load_source
    module = _exec(spec, sys.modules[name])
  File "<frozen importlib._bootstrap>", line 619, in _exec
  File "<frozen importlib._bootstrap_external>", line 883, in exec_module
  File "<frozen importlib._bootstrap>", line 241, in _call_with_frames_removed
  File "passenger_wsgi.py", line 8, in <module>
    wsgi = imp.load_source('wsgi', 'passenger_wsgi.py')
  File "/opt/alt/python310/lib64/python3.10/imp.py", line 170, in load_source
    module = _exec(spec, sys.modules[name])
  File "<frozen importlib._bootstrap>", line 619, in _exec
  File "<frozen importlib._bootstrap_external>", line 883, in exec_module
  File "<frozen importlib._bootstrap>", line 241, in _call_with_frames_removed
  File "passenger_wsgi.py", line 8, in <module>
    wsgi = imp.load_source('wsgi', 'passenger_wsgi.py')
  File "/opt/alt/python310/lib64/python3.10/imp.py", line 170, in load_source
    module = _exec(spec, sys.modules[name])
  File "<frozen importlib._bootstrap>", line 619, in _exec
  File "<frozen importlib._bootstrap_external>", line 883, in exec_module
  File "<frozen importlib._bootstrap>", line 241, in _call_with_frames_removed
  File "passenger_wsgi.py", line 8, in <module>
    wsgi = imp.load_source('wsgi', 'passenger_wsgi.py')
  File "/opt/alt/python310/lib64/python3.10/imp.py", line 170, in load_source
    module = _exec(spec, sys.modules[name])
  File "<frozen importlib._bootstrap>", line 619, in _exec
  File "<frozen importlib._bootstrap_external>", line 883, in exec_module
  File "<frozen importlib._bootstrap>", line 241, in _call_with_frames_removed
  File "passenger_wsgi.py", line 8, in <module>
    wsgi = imp.load_source('wsgi', 'passenger_wsgi.py')
  File "/opt/alt/python310/lib64/python3.10/imp.py", line 170, in load_source
    module = _exec(spec, sys.modules[name])
  File "<frozen importlib._bootstrap>", line 619, in _exec
  File "<frozen importlib._bootstrap_external>", line 883, in exec_module
  File "<frozen importlib._bootstrap>", line 241, in _call_with_frames_removed
  File "passenger_wsgi.py", line 8, in <module>
    wsgi = imp.load_source('wsgi', 'passenger_wsgi.py')
  File "/opt/alt/python310/lib64/python3.10/imp.py", line 170, in load_source
    module = _exec(spec, sys.modules[name])
  File "<frozen importlib._bootstrap>", line 619, in _exec
  File "<frozen importlib._bootstrap_external>", line 883, in exec_module
  File "<frozen importlib._bootstrap>", line 241, in _call_with_frames_removed
  File "passenger_wsgi.py", line 8, in <module>
    wsgi = imp.load_source('wsgi', 'passenger_wsgi.py')
  File "/opt/alt/python310/lib64/python3.10/imp.py", line 170, in load_source
    module = _exec(spec, sys.modules[name])
  File "<frozen importlib._bootstrap>", line 619, in _exec
  File "<frozen importlib._bootstrap_external>", line 883, in exec_module
  File "<frozen importlib._bootstrap>", line 241, in _call_with_frames_removed
  File "passenger_wsgi.py", line 8, in <module>
    wsgi = imp.load_source('wsgi', 'passenger_wsgi.py')
  File "/opt/alt/python310/lib64/python3.10/imp.py", line 170, in load_source
    module = _exec(spec, sys.modules[name])
  File "<frozen importlib._bootstrap>", line 619, in _exec
  File "<frozen importlib._bootstrap_external>", line 883, in exec_module
  File "<frozen importlib._bootstrap>", line 241, in _call_with_frames_removed
  File "passenger_wsgi.py", line 8, in <module>
    wsgi = imp.load_source('wsgi', 'passenger_wsgi.py')
  File "/opt/alt/python310/lib64/python3.10/imp.py", line 170, in load_source
    module = _exec(spec, sys.modules[name])
  File "<frozen importlib._bootstrap>", line 619, in _exec
  File "<frozen importlib._bootstrap_external>", line 883, in exec_module
  File "<frozen importlib._bootstrap>", line 241, in _call_with_frames_removed
  File "passenger_wsgi.py", line 8, in <module>
    wsgi = imp.load_source('wsgi', 'passenger_wsgi.py')
  File "/opt/alt/python310/lib64/python3.10/imp.py", line 170, in load_source
    module = _exec(spec, sys.modules[name])
  File "<frozen importlib._bootstrap>", line 619, in _exec
  File "<frozen importlib._bootstrap_external>", line 883, in exec_module
  File "<frozen importlib._bootstrap>", line 241, in _call_with_frames_removed
  File "passenger_wsgi.py", line 8, in <module>
    wsgi = imp.load_source('wsgi', 'passenger_wsgi.py')
  File "/opt/alt/python310/lib64/python3.10/imp.py", line 170, in load_source
    module = _exec(spec, sys.modules[name])
  File "<frozen importlib._bootstrap>", line 619, in _exec
  File "<frozen importlib._bootstrap_external>", line 883, in exec_module
  File "<frozen importlib._bootstrap>", line 241, in _call_with_frames_removed
  File "passenger_wsgi.py", line 8, in <module>
    wsgi = imp.load_source('wsgi', 'passenger_wsgi.py')
  File "/opt/alt/python310/lib64/python3.10/imp.py", line 170, in load_source
    module = _exec(spec, sys.modules[name])
  File "<frozen importlib._bootstrap>", line 619, in _exec
  File "<frozen importlib._bootstrap_external>", line 883, in exec_module
  File "<frozen importlib._bootstrap>", line 241, in _call_with_frames_removed
  File "passenger_wsgi.py", line 8, in <module>
    wsgi = imp.load_source('wsgi', 'passenger_wsgi.py')
  File "/opt/alt/python310/lib64/python3.10/imp.py", line 170, in load_source
    module = _exec(spec, sys.modules[name])
  File "<frozen importlib._bootstrap>", line 619, in _exec
  File "<frozen importlib._bootstrap_external>", line 883, in exec_module
  File "<frozen importlib._bootstrap>", line 241, in _call_with_frames_removed
  File "passenger_wsgi.py", line 8, in <module>
    wsgi = imp.load_source('wsgi', 'passenger_wsgi.py')
  File "/opt/alt/python310/lib64/python3.10/imp.py", line 170, in load_source
    module = _exec(spec, sys.modules[name])
  File "<frozen importlib._bootstrap>", line 619, in _exec
  File "<frozen importlib._bootstrap_external>", line 883, in exec_module
  File "<frozen importlib._bootstrap>", line 241, in _call_with_frames_removed
  File "passenger_wsgi.py", line 8, in <module>
    wsgi = imp.load_source('wsgi', 'passenger_wsgi.py')
  File "/opt/alt/python310/lib64/python3.10/imp.py", line 170, in load_source
    module = _exec(spec, sys.modules[name])
  File "<frozen importlib._bootstrap>", line 619, in _exec
  File "<frozen importlib._bootstrap_external>", line 883, in exec_module
  File "<frozen importlib._bootstrap>", line 241, in _call_with_frames_removed
  File "passenger_wsgi.py", line 8, in <module>
    wsgi = imp.load_source('wsgi', 'passenger_wsgi.py')
  File "/opt/alt/python310/lib64/python3.10/imp.py", line 170, in load_source
    module = _exec(spec, sys.modules[name])
  File "<frozen importlib._bootstrap>", line 619, in _exec
  File "<frozen importlib._bootstrap_external>", line 883, in exec_module
  File "<frozen importlib._bootstrap>", line 241, in _call_with_frames_removed
  File "passenger_wsgi.py", line 8, in <module>
    wsgi = imp.load_source('wsgi', 'passenger_wsgi.py')
  File "/opt/alt/python310/lib64/python3.10/imp.py", line 170, in load_source
    module = _exec(spec, sys.modules[name])
  File "<frozen importlib._bootstrap>", line 619, in _exec
  File "<frozen importlib._bootstrap_external>", line 883, in exec_module
  File "<frozen importlib._bootstrap>", line 241, in _call_with_frames_removed
  File "passenger_wsgi.py", line 8, in <module>
    wsgi = imp.load_source('wsgi', 'passenger_wsgi.py')
  File "/opt/alt/python310/lib64/python3.10/imp.py", line 170, in load_source
    module = _exec(spec, sys.modules[name])
  File "<frozen importlib._bootstrap>", line 619, in _exec
  File "<frozen importlib._bootstrap_external>", line 883, in exec_module
  File "<frozen importlib._bootstrap>", line 241, in _call_with_frames_removed
  File "passenger_wsgi.py", line 8, in <module>
    wsgi = imp.load_source('wsgi', 'passenger_wsgi.py')
  File "/opt/alt/python310/lib64/python3.10/imp.py", line 170, in load_source
    module = _exec(spec, sys.modules[name])
  File "<frozen importlib._bootstrap>", line 619, in _exec
  File "<frozen importlib._bootstrap_external>", line 883, in exec_module
  File "<frozen importlib._bootstrap>", line 241, in _call_with_frames_removed
  File "passenger_wsgi.py", line 8, in <module>
    wsgi = imp.load_source('wsgi', 'passenger_wsgi.py')
  File "/opt/alt/python310/lib64/python3.10/imp.py", line 170, in load_source
    module = _exec(spec, sys.modules[name])
  File "<frozen importlib._bootstrap>", line 619, in _exec
  File "<frozen importlib._bootstrap_external>", line 883, in exec_module
  File "<frozen importlib._bootstrap>", line 241, in _call_with_frames_removed
  File "passenger_wsgi.py", line 8, in <module>
    wsgi = imp.load_source('wsgi', 'passenger_wsgi.py')
  File "/opt/alt/python310/lib64/python3.10/imp.py", line 170, in load_source
    module = _exec(spec, sys.modules[name])
  File "<frozen importlib._bootstrap>", line 619, in _exec
  File "<frozen importlib._bootstrap_external>", line 883, in exec_module
  File "<frozen importlib._bootstrap>", line 241, in _call_with_frames_removed
  File "passenger_wsgi.py", line 8, in <module>
    wsgi = imp.load_source('wsgi', 'passenger_wsgi.py')
  File "/opt/alt/python310/lib64/python3.10/imp.py", line 170, in load_source
    module = _exec(spec, sys.modules[name])
  File "<frozen importlib._bootstrap>", line 619, in _exec
  File "<frozen importlib._bootstrap_external>", line 883, in exec_module
  File "<frozen importlib._bootstrap>", line 241, in _call_with_frames_removed
  File "passenger_wsgi.py", line 8, in <module>
    wsgi = imp.load_source('wsgi', 'passenger_wsgi.py')
  File "/opt/alt/python310/lib64/python3.10/imp.py", line 170, in load_source
    module = _exec(spec, sys.modules[name])
  File "<frozen importlib._bootstrap>", line 619, in _exec
  File "<frozen importlib._bootstrap_external>", line 883, in exec_module
  File "<frozen importlib._bootstrap>", line 241, in _call_with_frames_removed
  File "passenger_wsgi.py", line 8, in <module>
    wsgi = imp.load_source('wsgi', 'passenger_wsgi.py')
  File "/opt/alt/python310/lib64/python3.10/imp.py", line 170, in load_source
    module = _exec(spec, sys.modules[name])
  File "<frozen importlib._bootstrap>", line 619, in _exec
  File "<frozen importlib._bootstrap_external>", line 883, in exec_module
  File "<frozen importlib._bootstrap>", line 241, in _call_with_frames_removed
  File "passenger_wsgi.py", line 8, in <module>
    wsgi = imp.load_source('wsgi', 'passenger_wsgi.py')
  File "/opt/alt/python310/lib64/python3.10/imp.py", line 170, in load_source
    module = _exec(spec, sys.modules[name])
  File "<frozen importlib._bootstrap>", line 619, in _exec
  File "<frozen importlib._bootstrap_external>", line 883, in exec_module
  File "<frozen importlib._bootstrap>", line 241, in _call_with_frames_removed
  File "passenger_wsgi.py", line 8, in <module>
    wsgi = imp.load_source('wsgi', 'passenger_wsgi.py')
  File "/opt/alt/python310/lib64/python3.10/imp.py", line 170, in load_source
    module = _exec(spec, sys.modules[name])
  File "<frozen importlib._bootstrap>", line 619, in _exec
  File "<frozen importlib._bootstrap_external>", line 883, in exec_module
  File "<frozen importlib._bootstrap>", line 241, in _call_with_frames_removed
  File "passenger_wsgi.py", line 8, in <module>
    wsgi = imp.load_source('wsgi', 'passenger_wsgi.py')
  File "/opt/alt/python310/lib64/python3.10/imp.py", line 170, in load_source
    module = _exec(spec, sys.modules[name])
  File "<frozen importlib._bootstrap>", line 619, in _exec
  File "<frozen importlib._bootstrap_external>", line 883, in exec_module
  File "<frozen importlib._bootstrap>", line 241, in _call_with_frames_removed
  File "passenger_wsgi.py", line 8, in <module>
    wsgi = imp.load_source('wsgi', 'passenger_wsgi.py')
  File "/opt/alt/python310/lib64/python3.10/imp.py", line 170, in load_source
    module = _exec(spec, sys.modules[name])
  File "<frozen importlib._bootstrap>", line 619, in _exec
  File "<frozen importlib._bootstrap_external>", line 883, in exec_module
  File "<frozen importlib._bootstrap>", line 241, in _call_with_frames_removed
  File "passenger_wsgi.py", line 8, in <module>
    wsgi = imp.load_source('wsgi', 'passenger_wsgi.py')
  File "/opt/alt/python310/lib64/python3.10/imp.py", line 170, in load_source
    module = _exec(spec, sys.modules[name])
  File "<frozen importlib._bootstrap>", line 619, in _exec
  File "<frozen importlib._bootstrap_external>", line 883, in exec_module
  File "<frozen importlib._bootstrap>", line 241, in _call_with_frames_removed
  File "passenger_wsgi.py", line 8, in <module>
    wsgi = imp.load_source('wsgi', 'passenger_wsgi.py')
  File "/opt/alt/python310/lib64/python3.10/imp.py", line 170, in load_source
    module = _exec(spec, sys.modules[name])
  File "<frozen importlib._bootstrap>", line 619, in _exec
  File "<frozen importlib._bootstrap_external>", line 883, in exec_module
  File "<frozen importlib._bootstrap>", line 241, in _call_with_frames_removed
  File "passenger_wsgi.py", line 8, in <module>
    wsgi = imp.load_source('wsgi', 'passenger_wsgi.py')
  File "/opt/alt/python310/lib64/python3.10/imp.py", line 170, in load_source
    module = _exec(spec, sys.modules[name])
  File "<frozen importlib._bootstrap>", line 619, in _exec
  File "<frozen importlib._bootstrap_external>", line 883, in exec_module
  File "<frozen importlib._bootstrap>", line 241, in _call_with_frames_removed
  File "passenger_wsgi.py", line 8, in <module>
    wsgi = imp.load_source('wsgi', 'passenger_wsgi.py')
  File "/opt/alt/python310/lib64/python3.10/imp.py", line 170, in load_source
    module = _exec(spec, sys.modules[name])
  File "<frozen importlib._bootstrap>", line 619, in _exec
  File "<frozen importlib._bootstrap_external>", line 883, in exec_module
  File "<frozen importlib._bootstrap>", line 241, in _call_with_frames_removed
  File "passenger_wsgi.py", line 8, in <module>
    wsgi = imp.load_source('wsgi', 'passenger_wsgi.py')
  File "/opt/alt/python310/lib64/python3.10/imp.py", line 170, in load_source
    module = _exec(spec, sys.modules[name])
  File "<frozen importlib._bootstrap>", line 619, in _exec
  File "<frozen importlib._bootstrap_external>", line 883, in exec_module
  File "<frozen importlib._bootstrap>", line 241, in _call_with_frames_removed
  File "passenger_wsgi.py", line 8, in <module>
    wsgi = imp.load_source('wsgi', 'passenger_wsgi.py')
  File "/opt/alt/python310/lib64/python3.10/imp.py", line 170, in load_source
    module = _exec(spec, sys.modules[name])
  File "<frozen importlib._bootstrap>", line 619, in _exec
  File "<frozen importlib._bootstrap_external>", line 883, in exec_module
  File "<frozen importlib._bootstrap>", line 241, in _call_with_frames_removed
  File "passenger_wsgi.py", line 8, in <module>
    wsgi = imp.load_source('wsgi', 'passenger_wsgi.py')
  File "/opt/alt/python310/lib64/python3.10/imp.py", line 170, in load_source
    module = _exec(spec, sys.modules[name])
  File "<frozen importlib._bootstrap>", line 619, in _exec
  File "<frozen importlib._bootstrap_external>", line 883, in exec_module
  File "<frozen importlib._bootstrap>", line 241, in _call_with_frames_removed
  File "passenger_wsgi.py", line 8, in <module>
    wsgi = imp.load_source('wsgi', 'passenger_wsgi.py')
  File "/opt/alt/python310/lib64/python3.10/imp.py", line 170, in load_source
    module = _exec(spec, sys.modules[name])
  File "<frozen importlib._bootstrap>", line 619, in _exec
  File "<frozen importlib._bootstrap_external>", line 883, in exec_module
  File "<frozen importlib._bootstrap>", line 241, in _call_with_frames_removed
  File "passenger_wsgi.py", line 8, in <module>
    wsgi = imp.load_source('wsgi', 'passenger_wsgi.py')
  File "/opt/alt/python310/lib64/python3.10/imp.py", line 170, in load_source
    module = _exec(spec, sys.modules[name])
  File "<frozen importlib._bootstrap>", line 619, in _exec
  File "<frozen importlib._bootstrap_external>", line 883, in exec_module
  File "<frozen importlib._bootstrap>", line 241, in _call_with_frames_removed
  File "passenger_wsgi.py", line 8, in <module>
    wsgi = imp.load_source('wsgi', 'passenger_wsgi.py')
  File "/opt/alt/python310/lib64/python3.10/imp.py", line 170, in load_source
    module = _exec(spec, sys.modules[name])
  File "<frozen importlib._bootstrap>", line 619, in _exec
  File "<frozen importlib._bootstrap_external>", line 883, in exec_module
  File "<frozen importlib._bootstrap>", line 241, in _call_with_frames_removed
  File "passenger_wsgi.py", line 8, in <module>
    wsgi = imp.load_source('wsgi', 'passenger_wsgi.py')
  File "/opt/alt/python310/lib64/python3.10/imp.py", line 170, in load_source
    module = _exec(spec, sys.modules[name])
  File "<frozen importlib._bootstrap>", line 619, in _exec
  File "<frozen importlib._bootstrap_external>", line 883, in exec_module
  File "<frozen importlib._bootstrap>", line 241, in _call_with_frames_removed
  File "passenger_wsgi.py", line 8, in <module>
    wsgi = imp.load_source('wsgi', 'passenger_wsgi.py')
  File "/opt/alt/python310/lib64/python3.10/imp.py", line 170, in load_source
    module = _exec(spec, sys.modules[name])
  File "<frozen importlib._bootstrap>", line 619, in _exec
  File "<frozen importlib._bootstrap_external>", line 883, in exec_module
  File "<frozen importlib._bootstrap>", line 241, in _call_with_frames_removed
  File "passenger_wsgi.py", line 8, in <module>
    wsgi = imp.load_source('wsgi', 'passenger_wsgi.py')
  File "/opt/alt/python310/lib64/python3.10/imp.py", line 170, in load_source
    module = _exec(spec, sys.modules[name])
  File "<frozen importlib._bootstrap>", line 619, in _exec
  File "<frozen importlib._bootstrap_external>", line 883, in exec_module
  File "<frozen importlib._bootstrap>", line 241, in _call_with_frames_removed
  File "passenger_wsgi.py", line 8, in <module>
    wsgi = imp.load_source('wsgi', 'passenger_wsgi.py')
  File "/opt/alt/python310/lib64/python3.10/imp.py", line 170, in load_source
    module = _exec(spec, sys.modules[name])
  File "<frozen importlib._bootstrap>", line 619, in _exec
  File "<frozen importlib._bootstrap_external>", line 883, in exec_module
  File "<frozen importlib._bootstrap>", line 241, in _call_with_frames_removed
  File "passenger_wsgi.py", line 8, in <module>
    wsgi = imp.load_source('wsgi', 'passenger_wsgi.py')
  File "/opt/alt/python310/lib64/python3.10/imp.py", line 170, in load_source
    module = _exec(spec, sys.modules[name])
  File "<frozen importlib._bootstrap>", line 619, in _exec
  File "<frozen importlib._bootstrap_external>", line 883, in exec_module
  File "<frozen importlib._bootstrap>", line 241, in _call_with_frames_removed
  File "passenger_wsgi.py", line 8, in <module>
    wsgi = imp.load_source('wsgi', 'passenger_wsgi.py')
  File "/opt/alt/python310/lib64/python3.10/imp.py", line 170, in load_source
    module = _exec(spec, sys.modules[name])
  File "<frozen importlib._bootstrap>", line 619, in _exec
  File "<frozen importlib._bootstrap_external>", line 883, in exec_module
  File "<frozen importlib._bootstrap>", line 241, in _call_with_frames_removed
  File "passenger_wsgi.py", line 8, in <module>
    wsgi = imp.load_source('wsgi', 'passenger_wsgi.py')
  File "/opt/alt/python310/lib64/python3.10/imp.py", line 170, in load_source
    module = _exec(spec, sys.modules[name])
  File "<frozen importlib._bootstrap>", line 619, in _exec
  File "<frozen importlib._bootstrap_external>", line 883, in exec_module
  File "<frozen importlib._bootstrap>", line 241, in _call_with_frames_removed
  File "passenger_wsgi.py", line 8, in <module>
    wsgi = imp.load_source('wsgi', 'passenger_wsgi.py')
  File "/opt/alt/python310/lib64/python3.10/imp.py", line 170, in load_source
    module = _exec(spec, sys.modules[name])
  File "<frozen importlib._bootstrap>", line 619, in _exec
  File "<frozen importlib._bootstrap_external>", line 883, in exec_module
  File "<frozen importlib._bootstrap>", line 241, in _call_with_frames_removed
  File "passenger_wsgi.py", line 8, in <module>
    wsgi = imp.load_source('wsgi', 'passenger_wsgi.py')
  File "/opt/alt/python310/lib64/python3.10/imp.py", line 170, in load_source
    module = _exec(spec, sys.modules[name])
  File "<frozen importlib._bootstrap>", line 619, in _exec
  File "<frozen importlib._bootstrap_external>", line 883, in exec_module
  File "<frozen importlib._bootstrap>", line 241, in _call_with_frames_removed
  File "passenger_wsgi.py", line 8, in <module>
    wsgi = imp.load_source('wsgi', 'passenger_wsgi.py')
  File "/opt/alt/python310/lib64/python3.10/imp.py", line 170, in load_source
    module = _exec(spec, sys.modules[name])
  File "<frozen importlib._bootstrap>", line 619, in _exec
  File "<frozen importlib._bootstrap_external>", line 883, in exec_module
  File "<frozen importlib._bootstrap>", line 241, in _call_with_frames_removed
  File "passenger_wsgi.py", line 8, in <module>
    wsgi = imp.load_source('wsgi', 'passenger_wsgi.py')
  File "/opt/alt/python310/lib64/python3.10/imp.py", line 170, in load_source
    module = _exec(spec, sys.modules[name])
  File "<frozen importlib._bootstrap>", line 619, in _exec
  File "<frozen importlib._bootstrap_external>", line 883, in exec_module
  File "<frozen importlib._bootstrap>", line 241, in _call_with_frames_removed
  File "passenger_wsgi.py", line 8, in <module>
    wsgi = imp.load_source('wsgi', 'passenger_wsgi.py')
  File "/opt/alt/python310/lib64/python3.10/imp.py", line 170, in load_source
    module = _exec(spec, sys.modules[name])
  File "<frozen importlib._bootstrap>", line 619, in _exec
  File "<frozen importlib._bootstrap_external>", line 883, in exec_module
  File "<frozen importlib._bootstrap>", line 241, in _call_with_frames_removed
  File "passenger_wsgi.py", line 8, in <module>
    wsgi = imp.load_source('wsgi', 'passenger_wsgi.py')
  File "/opt/alt/python310/lib64/python3.10/imp.py", line 170, in load_source
    module = _exec(spec, sys.modules[name])
  File "<frozen importlib._bootstrap>", line 619, in _exec
  File "<frozen importlib._bootstrap_external>", line 883, in exec_module
  File "<frozen importlib._bootstrap>", line 241, in _call_with_frames_removed
  File "passenger_wsgi.py", line 8, in <module>
    wsgi = imp.load_source('wsgi', 'passenger_wsgi.py')
  File "/opt/alt/python310/lib64/python3.10/imp.py", line 170, in load_source
    module = _exec(spec, sys.modules[name])
  File "<frozen importlib._bootstrap>", line 619, in _exec
  File "<frozen importlib._bootstrap_external>", line 883, in exec_module
  File "<frozen importlib._bootstrap>", line 241, in _call_with_frames_removed
  File "passenger_wsgi.py", line 8, in <module>
    wsgi = imp.load_source('wsgi', 'passenger_wsgi.py')
  File "/opt/alt/python310/lib64/python3.10/imp.py", line 170, in load_source
    module = _exec(spec, sys.modules[name])
  File "<frozen importlib._bootstrap>", line 619, in _exec
  File "<frozen importlib._bootstrap_external>", line 883, in exec_module
  File "<frozen importlib._bootstrap>", line 241, in _call_with_frames_removed
  File "passenger_wsgi.py", line 8, in <module>
    wsgi = imp.load_source('wsgi', 'passenger_wsgi.py')
  File "/opt/alt/python310/lib64/python3.10/imp.py", line 170, in load_source
    module = _exec(spec, sys.modules[name])
  File "<frozen importlib._bootstrap>", line 619, in _exec
  File "<frozen importlib._bootstrap_external>", line 883, in exec_module
  File "<frozen importlib._bootstrap>", line 241, in _call_with_frames_removed
  File "passenger_wsgi.py", line 8, in <module>
    wsgi = imp.load_source('wsgi', 'passenger_wsgi.py')
  File "/opt/alt/python310/lib64/python3.10/imp.py", line 170, in load_source
    module = _exec(spec, sys.modules[name])
  File "<frozen importlib._bootstrap>", line 619, in _exec
  File "<frozen importlib._bootstrap_external>", line 883, in exec_module
  File "<frozen importlib._bootstrap>", line 241, in _call_with_frames_removed
  File "passenger_wsgi.py", line 8, in <module>
    wsgi = imp.load_source('wsgi', 'passenger_wsgi.py')
  File "/opt/alt/python310/lib64/python3.10/imp.py", line 170, in load_source
    module = _exec(spec, sys.modules[name])
  File "<frozen importlib._bootstrap>", line 619, in _exec
  File "<frozen importlib._bootstrap_external>", line 883, in exec_module
  File "<frozen importlib._bootstrap>", line 241, in _call_with_frames_removed
  File "passenger_wsgi.py", line 8, in <module>
    wsgi = imp.load_source('wsgi', 'passenger_wsgi.py')
  File "/opt/alt/python310/lib64/python3.10/imp.py", line 170, in load_source
    module = _exec(spec, sys.modules[name])
  File "<frozen importlib._bootstrap>", line 619, in _exec
  File "<frozen importlib._bootstrap_external>", line 883, in exec_module
  File "<frozen importlib._bootstrap>", line 241, in _call_with_frames_removed
  File "passenger_wsgi.py", line 8, in <module>
    wsgi = imp.load_source('wsgi', 'passenger_wsgi.py')
  File "/opt/alt/python310/lib64/python3.10/imp.py", line 170, in load_source
    module = _exec(spec, sys.modules[name])
  File "<frozen importlib._bootstrap>", line 619, in _exec
  File "<frozen importlib._bootstrap_external>", line 883, in exec_module
  File "<frozen importlib._bootstrap>", line 241, in _call_with_frames_removed
  File "passenger_wsgi.py", line 8, in <module>
    wsgi = imp.load_source('wsgi', 'passenger_wsgi.py')
  File "/opt/alt/python310/lib64/python3.10/imp.py", line 170, in load_source
    module = _exec(spec, sys.modules[name])
  File "<frozen importlib._bootstrap>", line 619, in _exec
  File "<frozen importlib._bootstrap_external>", line 883, in exec_module
  File "<frozen importlib._bootstrap>", line 241, in _call_with_frames_removed
  File "passenger_wsgi.py", line 8, in <module>
    wsgi = imp.load_source('wsgi', 'passenger_wsgi.py')
  File "/opt/alt/python310/lib64/python3.10/imp.py", line 170, in load_source
    module = _exec(spec, sys.modules[name])
  File "<frozen importlib._bootstrap>", line 619, in _exec
  File "<frozen importlib._bootstrap_external>", line 883, in exec_module
  File "<frozen importlib._bootstrap>", line 241, in _call_with_frames_removed
  File "passenger_wsgi.py", line 8, in <module>
    wsgi = imp.load_source('wsgi', 'passenger_wsgi.py')
  File "/opt/alt/python310/lib64/python3.10/imp.py", line 170, in load_source
    module = _exec(spec, sys.modules[name])
  File "<frozen importlib._bootstrap>", line 619, in _exec
  File "<frozen importlib._bootstrap_external>", line 883, in exec_module
  File "<frozen importlib._bootstrap>", line 241, in _call_with_frames_removed
  File "passenger_wsgi.py", line 8, in <module>
    wsgi = imp.load_source('wsgi', 'passenger_wsgi.py')
  File "/opt/alt/python310/lib64/python3.10/imp.py", line 170, in load_source
    module = _exec(spec, sys.modules[name])
  File "<frozen importlib._bootstrap>", line 619, in _exec
  File "<frozen importlib._bootstrap_external>", line 883, in exec_module
  File "<frozen importlib._bootstrap>", line 241, in _call_with_frames_removed
  File "passenger_wsgi.py", line 8, in <module>
    wsgi = imp.load_source('wsgi', 'passenger_wsgi.py')
  File "/opt/alt/python310/lib64/python3.10/imp.py", line 170, in load_source
    module = _exec(spec, sys.modules[name])
  File "<frozen importlib._bootstrap>", line 619, in _exec
  File "<frozen importlib._bootstrap_external>", line 883, in exec_module
  File "<frozen importlib._bootstrap>", line 241, in _call_with_frames_removed
  File "passenger_wsgi.py", line 8, in <module>
    wsgi = imp.load_source('wsgi', 'passenger_wsgi.py')
  File "/opt/alt/python310/lib64/python3.10/imp.py", line 170, in load_source
    module = _exec(spec, sys.modules[name])
  File "<frozen importlib._bootstrap>", line 619, in _exec
  File "<frozen importlib._bootstrap_external>", line 883, in exec_module
  File "<frozen importlib._bootstrap>", line 241, in _call_with_frames_removed
  File "passenger_wsgi.py", line 8, in <module>
    wsgi = imp.load_source('wsgi', 'passenger_wsgi.py')
  File "/opt/alt/python310/lib64/python3.10/imp.py", line 170, in load_source
    module = _exec(spec, sys.modules[name])
  File "<frozen importlib._bootstrap>", line 619, in _exec
  File "<frozen importlib._bootstrap_external>", line 883, in exec_module
  File "<frozen importlib._bootstrap>", line 241, in _call_with_frames_removed
  File "passenger_wsgi.py", line 8, in <module>
    wsgi = imp.load_source('wsgi', 'passenger_wsgi.py')
  File "/opt/alt/python310/lib64/python3.10/imp.py", line 170, in load_source
    module = _exec(spec, sys.modules[name])
  File "<frozen importlib._bootstrap>", line 619, in _exec
  File "<frozen importlib._bootstrap_external>", line 883, in exec_module
  File "<frozen importlib._bootstrap>", line 241, in _call_with_frames_removed
  File "passenger_wsgi.py", line 8, in <module>
    wsgi = imp.load_source('wsgi', 'passenger_wsgi.py')
  File "/opt/alt/python310/lib64/python3.10/imp.py", line 170, in load_source
    module = _exec(spec, sys.modules[name])
  File "<frozen importlib._bootstrap>", line 619, in _exec
  File "<frozen importlib._bootstrap_external>", line 883, in exec_module
  File "<frozen importlib._bootstrap>", line 241, in _call_with_frames_removed
  File "passenger_wsgi.py", line 8, in <module>
    wsgi = imp.load_source('wsgi', 'passenger_wsgi.py')
  File "/opt/alt/python310/lib64/python3.10/imp.py", line 170, in load_source
    module = _exec(spec, sys.modules[name])
  File "<frozen importlib._bootstrap>", line 619, in _exec
  File "<frozen importlib._bootstrap_external>", line 883, in exec_module
  File "<frozen importlib._bootstrap>", line 241, in _call_with_frames_removed
  File "passenger_wsgi.py", line 8, in <module>
    wsgi = imp.load_source('wsgi', 'passenger_wsgi.py')
  File "/opt/alt/python310/lib64/python3.10/imp.py", line 170, in load_source
    module = _exec(spec, sys.modules[name])
  File "<frozen importlib._bootstrap>", line 619, in _exec
  File "<frozen importlib._bootstrap_external>", line 883, in exec_module
  File "<frozen importlib._bootstrap>", line 241, in _call_with_frames_removed
  File "passenger_wsgi.py", line 8, in <module>
    wsgi = imp.load_source('wsgi', 'passenger_wsgi.py')
  File "/opt/alt/python310/lib64/python3.10/imp.py", line 170, in load_source
    module = _exec(spec, sys.modules[name])
  File "<frozen importlib._bootstrap>", line 619, in _exec
  File "<frozen importlib._bootstrap_external>", line 883, in exec_module
  File "<frozen importlib._bootstrap>", line 241, in _call_with_frames_removed
  File "passenger_wsgi.py", line 8, in <module>
    wsgi = imp.load_source('wsgi', 'passenger_wsgi.py')
  File "/opt/alt/python310/lib64/python3.10/imp.py", line 170, in load_source
    module = _exec(spec, sys.modules[name])
  File "<frozen importlib._bootstrap>", line 619, in _exec
  File "<frozen importlib._bootstrap_external>", line 883, in exec_module
  File "<frozen importlib._bootstrap>", line 241, in _call_with_frames_removed
  File "passenger_wsgi.py", line 8, in <module>
    wsgi = imp.load_source('wsgi', 'passenger_wsgi.py')
  File "/opt/alt/python310/lib64/python3.10/imp.py", line 170, in load_source
    module = _exec(spec, sys.modules[name])
  File "<frozen importlib._bootstrap>", line 619, in _exec
  File "<frozen importlib._bootstrap_external>", line 883, in exec_module
  File "<frozen importlib._bootstrap>", line 241, in _call_with_frames_removed
  File "passenger_wsgi.py", line 8, in <module>
    wsgi = imp.load_source('wsgi', 'passenger_wsgi.py')
  File "/opt/alt/python310/lib64/python3.10/imp.py", line 170, in load_source
    module = _exec(spec, sys.modules[name])
  File "<frozen importlib._bootstrap>", line 619, in _exec
  File "<frozen importlib._bootstrap_external>", line 883, in exec_module
  File "<frozen importlib._bootstrap>", line 241, in _call_with_frames_removed
  File "passenger_wsgi.py", line 8, in <module>
    wsgi = imp.load_source('wsgi', 'passenger_wsgi.py')
  File "/opt/alt/python310/lib64/python3.10/imp.py", line 170, in load_source
    module = _exec(spec, sys.modules[name])
  File "<frozen importlib._bootstrap>", line 619, in _exec
  File "<frozen importlib._bootstrap_external>", line 883, in exec_module
  File "<frozen importlib._bootstrap>", line 241, in _call_with_frames_removed
  File "passenger_wsgi.py", line 8, in <module>
    wsgi = imp.load_source('wsgi', 'passenger_wsgi.py')
  File "/opt/alt/python310/lib64/python3.10/imp.py", line 170, in load_source
    module = _exec(spec, sys.modules[name])
  File "<frozen importlib._bootstrap>", line 619, in _exec
  File "<frozen importlib._bootstrap_external>", line 883, in exec_module
  File "<frozen importlib._bootstrap>", line 241, in _call_with_frames_removed
  File "passenger_wsgi.py", line 8, in <module>
    wsgi = imp.load_source('wsgi', 'passenger_wsgi.py')
  File "/opt/alt/python310/lib64/python3.10/imp.py", line 170, in load_source
    module = _exec(spec, sys.modules[name])
  File "<frozen importlib._bootstrap>", line 619, in _exec
  File "<frozen importlib._bootstrap_external>", line 883, in exec_module
  File "<frozen importlib._bootstrap>", line 241, in _call_with_frames_removed
  File "passenger_wsgi.py", line 8, in <module>
    wsgi = imp.load_source('wsgi', 'passenger_wsgi.py')
  File "/opt/alt/python310/lib64/python3.10/imp.py", line 170, in load_source
    module = _exec(spec, sys.modules[name])
  File "<frozen importlib._bootstrap>", line 619, in _exec
  File "<frozen importlib._bootstrap_external>", line 883, in exec_module
  File "<frozen importlib._bootstrap>", line 241, in _call_with_frames_removed
  File "passenger_wsgi.py", line 8, in <module>
    wsgi = imp.load_source('wsgi', 'passenger_wsgi.py')
  File "/opt/alt/python310/lib64/python3.10/imp.py", line 170, in load_source
    module = _exec(spec, sys.modules[name])
  File "<frozen importlib._bootstrap>", line 619, in _exec
  File "<frozen importlib._bootstrap_external>", line 883, in exec_module
  File "<frozen importlib._bootstrap>", line 241, in _call_with_frames_removed
  File "passenger_wsgi.py", line 8, in <module>
    wsgi = imp.load_source('wsgi', 'passenger_wsgi.py')
  File "/opt/alt/python310/lib64/python3.10/imp.py", line 170, in load_source
    module = _exec(spec, sys.modules[name])
  File "<frozen importlib._bootstrap>", line 619, in _exec
  File "<frozen importlib._bootstrap_external>", line 883, in exec_module
  File "<frozen importlib._bootstrap>", line 241, in _call_with_frames_removed
  File "passenger_wsgi.py", line 8, in <module>
    wsgi = imp.load_source('wsgi', 'passenger_wsgi.py')
  File "/opt/alt/python310/lib64/python3.10/imp.py", line 170, in load_source
    module = _exec(spec, sys.modules[name])
  File "<frozen importlib._bootstrap>", line 619, in _exec
  File "<frozen importlib._bootstrap_external>", line 883, in exec_module
  File "<frozen importlib._bootstrap>", line 241, in _call_with_frames_removed
  File "passenger_wsgi.py", line 8, in <module>
    wsgi = imp.load_source('wsgi', 'passenger_wsgi.py')
  File "/opt/alt/python310/lib64/python3.10/imp.py", line 170, in load_source
    module = _exec(spec, sys.modules[name])
  File "<frozen importlib._bootstrap>", line 619, in _exec
  File "<frozen importlib._bootstrap_external>", line 883, in exec_module
  File "<frozen importlib._bootstrap>", line 241, in _call_with_frames_removed
  File "passenger_wsgi.py", line 8, in <module>
    wsgi = imp.load_source('wsgi', 'passenger_wsgi.py')
  File "/opt/alt/python310/lib64/python3.10/imp.py", line 170, in load_source
    module = _exec(spec, sys.modules[name])
  File "<frozen importlib._bootstrap>", line 619, in _exec
  File "<frozen importlib._bootstrap_external>", line 883, in exec_module
  File "<frozen importlib._bootstrap>", line 241, in _call_with_frames_removed
  File "passenger_wsgi.py", line 8, in <module>
    wsgi = imp.load_source('wsgi', 'passenger_wsgi.py')
  File "/opt/alt/python310/lib64/python3.10/imp.py", line 170, in load_source
    module = _exec(spec, sys.modules[name])
  File "<frozen importlib._bootstrap>", line 619, in _exec
  File "<frozen importlib._bootstrap_external>", line 883, in exec_module
  File "<frozen importlib._bootstrap>", line 241, in _call_with_frames_removed
  File "passenger_wsgi.py", line 8, in <module>
    wsgi = imp.load_source('wsgi', 'passenger_wsgi.py')
  File "/opt/alt/python310/lib64/python3.10/imp.py", line 170, in load_source
    module = _exec(spec, sys.modules[name])
  File "<frozen importlib._bootstrap>", line 619, in _exec
  File "<frozen importlib._bootstrap_external>", line 883, in exec_module
  File "<frozen importlib._bootstrap>", line 241, in _call_with_frames_removed
  File "passenger_wsgi.py", line 8, in <module>
    wsgi = imp.load_source('wsgi', 'passenger_wsgi.py')
  File "/opt/alt/python310/lib64/python3.10/imp.py", line 170, in load_source
    module = _exec(spec, sys.modules[name])
  File "<frozen importlib._bootstrap>", line 619, in _exec
  File "<frozen importlib._bootstrap_external>", line 883, in exec_module
  File "<frozen importlib._bootstrap>", line 241, in _call_with_frames_removed
  File "passenger_wsgi.py", line 8, in <module>
    wsgi = imp.load_source('wsgi', 'passenger_wsgi.py')
  File "/opt/alt/python310/lib64/python3.10/imp.py", line 170, in load_source
    module = _exec(spec, sys.modules[name])
  File "<frozen importlib._bootstrap>", line 619, in _exec
  File "<frozen importlib._bootstrap_external>", line 883, in exec_module
  File "<frozen importlib._bootstrap>", line 241, in _call_with_frames_removed
  File "passenger_wsgi.py", line 8, in <module>
    wsgi = imp.load_source('wsgi', 'passenger_wsgi.py')
  File "/opt/alt/python310/lib64/python3.10/imp.py", line 170, in load_source
    module = _exec(spec, sys.modules[name])
  File "<frozen importlib._bootstrap>", line 619, in _exec
  File "<frozen importlib._bootstrap_external>", line 883, in exec_module
  File "<frozen importlib._bootstrap>", line 241, in _call_with_frames_removed
  File "passenger_wsgi.py", line 8, in <module>
    wsgi = imp.load_source('wsgi', 'passenger_wsgi.py')
  File "/opt/alt/python310/lib64/python3.10/imp.py", line 170, in load_source
    module = _exec(spec, sys.modules[name])
  File "<frozen importlib._bootstrap>", line 619, in _exec
  File "<frozen importlib._bootstrap_external>", line 883, in exec_module
  File "<frozen importlib._bootstrap>", line 241, in _call_with_frames_removed
  File "passenger_wsgi.py", line 8, in <module>
    wsgi = imp.load_source('wsgi', 'passenger_wsgi.py')
  File "/opt/alt/python310/lib64/python3.10/imp.py", line 170, in load_source
    module = _exec(spec, sys.modules[name])
  File "<frozen importlib._bootstrap>", line 619, in _exec
  File "<frozen importlib._bootstrap_external>", line 883, in exec_module
  File "<frozen importlib._bootstrap>", line 241, in _call_with_frames_removed
  File "passenger_wsgi.py", line 8, in <module>
    wsgi = imp.load_source('wsgi', 'passenger_wsgi.py')
  File "/opt/alt/python310/lib64/python3.10/imp.py", line 170, in load_source
    module = _exec(spec, sys.modules[name])
  File "<frozen importlib._bootstrap>", line 619, in _exec
  File "<frozen importlib._bootstrap_external>", line 883, in exec_module
  File "<frozen importlib._bootstrap>", line 241, in _call_with_frames_removed
  File "passenger_wsgi.py", line 8, in <module>
    wsgi = imp.load_source('wsgi', 'passenger_wsgi.py')
  File "/opt/alt/python310/lib64/python3.10/imp.py", line 170, in load_source
    module = _exec(spec, sys.modules[name])
  File "<frozen importlib._bootstrap>", line 619, in _exec
  File "<frozen importlib._bootstrap_external>", line 883, in exec_module
  File "<frozen importlib._bootstrap>", line 241, in _call_with_frames_removed
  File "passenger_wsgi.py", line 8, in <module>
    wsgi = imp.load_source('wsgi', 'passenger_wsgi.py')
  File "/opt/alt/python310/lib64/python3.10/imp.py", line 170, in load_source
    module = _exec(spec, sys.modules[name])
  File "<frozen importlib._bootstrap>", line 619, in _exec
  File "<frozen importlib._bootstrap_external>", line 883, in exec_module
  File "<frozen importlib._bootstrap>", line 241, in _call_with_frames_removed
  File "passenger_wsgi.py", line 8, in <module>
    wsgi = imp.load_source('wsgi', 'passenger_wsgi.py')
  File "/opt/alt/python310/lib64/python3.10/imp.py", line 170, in load_source
    module = _exec(spec, sys.modules[name])
  File "<frozen importlib._bootstrap>", line 619, in _exec
  File "<frozen importlib._bootstrap_external>", line 883, in exec_module
  File "<frozen importlib._bootstrap>", line 241, in _call_with_frames_removed
  File "passenger_wsgi.py", line 8, in <module>
    wsgi = imp.load_source('wsgi', 'passenger_wsgi.py')
  File "/opt/alt/python310/lib64/python3.10/imp.py", line 170, in load_source
    module = _exec(spec, sys.modules[name])
  File "<frozen importlib._bootstrap>", line 619, in _exec
  File "<frozen importlib._bootstrap_external>", line 883, in exec_module
  File "<frozen importlib._bootstrap>", line 241, in _call_with_frames_removed
  File "passenger_wsgi.py", line 8, in <module>
    wsgi = imp.load_source('wsgi', 'passenger_wsgi.py')
  File "/opt/alt/python310/lib64/python3.10/imp.py", line 170, in load_source
    module = _exec(spec, sys.modules[name])
  File "<frozen importlib._bootstrap>", line 619, in _exec
  File "<frozen importlib._bootstrap_external>", line 883, in exec_module
  File "<frozen importlib._bootstrap>", line 241, in _call_with_frames_removed
  File "passenger_wsgi.py", line 8, in <module>
    wsgi = imp.load_source('wsgi', 'passenger_wsgi.py')
  File "/opt/alt/python310/lib64/python3.10/imp.py", line 170, in load_source
    module = _exec(spec, sys.modules[name])
  File "<frozen importlib._bootstrap>", line 619, in _exec
  File "<frozen importlib._bootstrap_external>", line 883, in exec_module
  File "<frozen importlib._bootstrap>", line 241, in _call_with_frames_removed
  File "passenger_wsgi.py", line 8, in <module>
    wsgi = imp.load_source('wsgi', 'passenger_wsgi.py')
  File "/opt/alt/python310/lib64/python3.10/imp.py", line 170, in load_source
    module = _exec(spec, sys.modules[name])
  File "<frozen importlib._bootstrap>", line 619, in _exec
  File "<frozen importlib._bootstrap_external>", line 883, in exec_module
  File "<frozen importlib._bootstrap>", line 241, in _call_with_frames_removed
  File "passenger_wsgi.py", line 8, in <module>
    wsgi = imp.load_source('wsgi', 'passenger_wsgi.py')
  File "/opt/alt/python310/lib64/python3.10/imp.py", line 170, in load_source
    module = _exec(spec, sys.modules[name])
  File "<frozen importlib._bootstrap>", line 619, in _exec
  File "<frozen importlib._bootstrap_external>", line 883, in exec_module
  File "<frozen importlib._bootstrap>", line 241, in _call_with_frames_removed
  File "passenger_wsgi.py", line 8, in <module>
    wsgi = imp.load_source('wsgi', 'passenger_wsgi.py')
  File "/opt/alt/python310/lib64/python3.10/imp.py", line 170, in load_source
    module = _exec(spec, sys.modules[name])
  File "<frozen importlib._bootstrap>", line 619, in _exec
  File "<frozen importlib._bootstrap_external>", line 883, in exec_module
  File "<frozen importlib._bootstrap>", line 241, in _call_with_frames_removed
  File "passenger_wsgi.py", line 8, in <module>
    wsgi = imp.load_source('wsgi', 'passenger_wsgi.py')
  File "/opt/alt/python310/lib64/python3.10/imp.py", line 170, in load_source
    module = _exec(spec, sys.modules[name])
  File "<frozen importlib._bootstrap>", line 619, in _exec
  File "<frozen importlib._bootstrap_external>", line 883, in exec_module
  File "<frozen importlib._bootstrap>", line 241, in _call_with_frames_removed
  File "passenger_wsgi.py", line 8, in <module>
    wsgi = imp.load_source('wsgi', 'passenger_wsgi.py')
  File "/opt/alt/python310/lib64/python3.10/imp.py", line 170, in load_source
    module = _exec(spec, sys.modules[name])
  File "<frozen importlib._bootstrap>", line 619, in _exec
  File "<frozen importlib._bootstrap_external>", line 883, in exec_module
  File "<frozen importlib._bootstrap>", line 241, in _call_with_frames_removed
  File "passenger_wsgi.py", line 8, in <module>
    wsgi = imp.load_source('wsgi', 'passenger_wsgi.py')
  File "/opt/alt/python310/lib64/python3.10/imp.py", line 170, in load_source
    module = _exec(spec, sys.modules[name])
  File "<frozen importlib._bootstrap>", line 619, in _exec
  File "<frozen importlib._bootstrap_external>", line 883, in exec_module
  File "<frozen importlib._bootstrap>", line 241, in _call_with_frames_removed
  File "passenger_wsgi.py", line 8, in <module>
    wsgi = imp.load_source('wsgi', 'passenger_wsgi.py')
  File "/opt/alt/python310/lib64/python3.10/imp.py", line 170, in load_source
    module = _exec(spec, sys.modules[name])
  File "<frozen importlib._bootstrap>", line 619, in _exec
  File "<frozen importlib._bootstrap_external>", line 883, in exec_module
  File "<frozen importlib._bootstrap>", line 241, in _call_with_frames_removed
  File "passenger_wsgi.py", line 8, in <module>
    wsgi = imp.load_source('wsgi', 'passenger_wsgi.py')
  File "/opt/alt/python310/lib64/python3.10/imp.py", line 170, in load_source
    module = _exec(spec, sys.modules[name])
  File "<frozen importlib._bootstrap>", line 619, in _exec
  File "<frozen importlib._bootstrap_external>", line 883, in exec_module
  File "<frozen importlib._bootstrap>", line 241, in _call_with_frames_removed
  File "passenger_wsgi.py", line 8, in <module>
    wsgi = imp.load_source('wsgi', 'passenger_wsgi.py')
  File "/opt/alt/python310/lib64/python3.10/imp.py", line 170, in load_source
    module = _exec(spec, sys.modules[name])
  File "<frozen importlib._bootstrap>", line 612, in _exec
  File "<frozen importlib._bootstrap>", line 556, in _init_module_attrs
  File "<frozen importlib._bootstrap>", line 397, in cached
  File "<frozen importlib._bootstrap_external>", line 513, in _get_cached
  File "<frozen importlib._bootstrap_external>", line 406, in cache_from_source
  File "<frozen importlib._bootstrap_external>", line 134, in _path_split
RecursionError: maximum recursion depth exceeded
Traceback (most recent call last):
  File "/home/bslimted/apps/passenger_wsgi.py", line 8, in <module>
    wsgi = imp.load_source('wsgi', 'passenger_wsgi.py')
  File "/opt/alt/python310/lib64/python3.10/imp.py", line 172, in load_source
    module = _load(spec)
  File "<frozen importlib._bootstrap>", line 719, in _load
  File "<frozen importlib._bootstrap>", line 688, in _load_unlocked
  File "<frozen importlib._bootstrap_external>", line 883, in exec_module
  File "<frozen importlib._bootstrap>", line 241, in _call_with_frames_removed
  File "passenger_wsgi.py", line 8, in <module>
    wsgi = imp.load_source('wsgi', 'passenger_wsgi.py')
  File "/opt/alt/python310/lib64/python3.10/imp.py", line 170, in load_source
    module = _exec(spec, sys.modules[name])
  File "<frozen importlib._bootstrap>", line 619, in _exec
  File "<frozen importlib._bootstrap_external>", line 883, in exec_module
  File "<frozen importlib._bootstrap>", line 241, in _call_with_frames_removed
  File "passenger_wsgi.py", line 8, in <module>
    wsgi = imp.load_source('wsgi', 'passenger_wsgi.py')
  File "/opt/alt/python310/lib64/python3.10/imp.py", line 170, in load_source
    module = _exec(spec, sys.modules[name])
  File "<frozen importlib._bootstrap>", line 619, in _exec
  File "<frozen importlib._bootstrap_external>", line 883, in exec_module
  File "<frozen importlib._bootstrap>", line 241, in _call_with_frames_removed
  File "passenger_wsgi.py", line 8, in <module>
    wsgi = imp.load_source('wsgi', 'passenger_wsgi.py')
  File "/opt/alt/python310/lib64/python3.10/imp.py", line 170, in load_source
    module = _exec(spec, sys.modules[name])
  File "<frozen importlib._bootstrap>", line 619, in _exec
  File "<frozen importlib._bootstrap_external>", line 883, in exec_module
  File "<frozen importlib._bootstrap>", line 241, in _call_with_frames_removed
  File "passenger_wsgi.py", line 8, in <module>
    wsgi = imp.load_source('wsgi', 'passenger_wsgi.py')
  File "/opt/alt/python310/lib64/python3.10/imp.py", line 170, in load_source
    module = _exec(spec, sys.modules[name])
  File "<frozen importlib._bootstrap>", line 619, in _exec
  File "<frozen importlib._bootstrap_external>", line 883, in exec_module
  File "<frozen importlib._bootstrap>", line 241, in _call_with_frames_removed
  File "passenger_wsgi.py", line 8, in <module>
    wsgi = imp.load_source('wsgi', 'passenger_wsgi.py')
  File "/opt/alt/python310/lib64/python3.10/imp.py", line 170, in load_source
    module = _exec(spec, sys.modules[name])
  File "<frozen importlib._bootstrap>", line 619, in _exec
  File "<frozen importlib._bootstrap_external>", line 883, in exec_module
  File "<frozen importlib._bootstrap>", line 241, in _call_with_frames_removed
  File "passenger_wsgi.py", line 8, in <module>
    wsgi = imp.load_source('wsgi', 'passenger_wsgi.py')
  File "/opt/alt/python310/lib64/python3.10/imp.py", line 170, in load_source
    module = _exec(spec, sys.modules[name])
  File "<frozen importlib._bootstrap>", line 619, in _exec
  File "<frozen importlib._bootstrap_external>", line 883, in exec_module
  File "<frozen importlib._bootstrap>", line 241, in _call_with_frames_removed
  File "passenger_wsgi.py", line 8, in <module>
    wsgi = imp.load_source('wsgi', 'passenger_wsgi.py')
  File "/opt/alt/python310/lib64/python3.10/imp.py", line 170, in load_source
    module = _exec(spec, sys.modules[name])
  File "<frozen importlib._bootstrap>", line 619, in _exec
  File "<frozen importlib._bootstrap_external>", line 883, in exec_module
  File "<frozen importlib._bootstrap>", line 241, in _call_with_frames_removed
  File "passenger_wsgi.py", line 8, in <module>
    wsgi = imp.load_source('wsgi', 'passenger_wsgi.py')
  File "/opt/alt/python310/lib64/python3.10/imp.py", line 170, in load_source
    module = _exec(spec, sys.modules[name])
  File "<frozen importlib._bootstrap>", line 619, in _exec
  File "<frozen importlib._bootstrap_external>", line 883, in exec_module
  File "<frozen importlib._bootstrap>", line 241, in _call_with_frames_removed
  File "passenger_wsgi.py", line 8, in <module>
    wsgi = imp.load_source('wsgi', 'passenger_wsgi.py')
  File "/opt/alt/python310/lib64/python3.10/imp.py", line 170, in load_source
    module = _exec(spec, sys.modules[name])
  File "<frozen importlib._bootstrap>", line 619, in _exec
  File "<frozen importlib._bootstrap_external>", line 883, in exec_module
  File "<frozen importlib._bootstrap>", line 241, in _call_with_frames_removed
  File "passenger_wsgi.py", line 8, in <module>
    wsgi = imp.load_source('wsgi', 'passenger_wsgi.py')
  File "/opt/alt/python310/lib64/python3.10/imp.py", line 170, in load_source
    module = _exec(spec, sys.modules[name])
  File "<frozen importlib._bootstrap>", line 619, in _exec
  File "<frozen importlib._bootstrap_external>", line 883, in exec_module
  File "<frozen importlib._bootstrap>", line 241, in _call_with_frames_removed
  File "passenger_wsgi.py", line 8, in <module>
    wsgi = imp.load_source('wsgi', 'passenger_wsgi.py')
  File "/opt/alt/python310/lib64/python3.10/imp.py", line 170, in load_source
    module = _exec(spec, sys.modules[name])
  File "<frozen importlib._bootstrap>", line 619, in _exec
  File "<frozen importlib._bootstrap_external>", line 883, in exec_module
  File "<frozen importlib._bootstrap>", line 241, in _call_with_frames_removed
  File "passenger_wsgi.py", line 8, in <module>
    wsgi = imp.load_source('wsgi', 'passenger_wsgi.py')
  File "/opt/alt/python310/lib64/python3.10/imp.py", line 170, in load_source
    module = _exec(spec, sys.modules[name])
  File "<frozen importlib._bootstrap>", line 619, in _exec
  File "<frozen importlib._bootstrap_external>", line 883, in exec_module
  File "<frozen importlib._bootstrap>", line 241, in _call_with_frames_removed
  File "passenger_wsgi.py", line 8, in <module>
    wsgi = imp.load_source('wsgi', 'passenger_wsgi.py')
  File "/opt/alt/python310/lib64/python3.10/imp.py", line 170, in load_source
    module = _exec(spec, sys.modules[name])
  File "<frozen importlib._bootstrap>", line 619, in _exec
  File "<frozen importlib._bootstrap_external>", line 883, in exec_module
  File "<frozen importlib._bootstrap>", line 241, in _call_with_frames_removed
  File "passenger_wsgi.py", line 8, in <module>
    wsgi = imp.load_source('wsgi', 'passenger_wsgi.py')
  File "/opt/alt/python310/lib64/python3.10/imp.py", line 170, in load_source
    module = _exec(spec, sys.modules[name])
  File "<frozen importlib._bootstrap>", line 619, in _exec
  File "<frozen importlib._bootstrap_external>", line 883, in exec_module
  File "<frozen importlib._bootstrap>", line 241, in _call_with_frames_removed
  File "passenger_wsgi.py", line 8, in <module>
    wsgi = imp.load_source('wsgi', 'passenger_wsgi.py')
  File "/opt/alt/python310/lib64/python3.10/imp.py", line 170, in load_source
    module = _exec(spec, sys.modules[name])
  File "<frozen importlib._bootstrap>", line 619, in _exec
  File "<frozen importlib._bootstrap_external>", line 883, in exec_module
  File "<frozen importlib._bootstrap>", line 241, in _call_with_frames_removed
  File "passenger_wsgi.py", line 8, in <module>
    wsgi = imp.load_source('wsgi', 'passenger_wsgi.py')
  File "/opt/alt/python310/lib64/python3.10/imp.py", line 170, in load_source
    module = _exec(spec, sys.modules[name])
  File "<frozen importlib._bootstrap>", line 619, in _exec
  File "<frozen importlib._bootstrap_external>", line 883, in exec_module
  File "<frozen importlib._bootstrap>", line 241, in _call_with_frames_removed
  File "passenger_wsgi.py", line 8, in <module>
    wsgi = imp.load_source('wsgi', 'passenger_wsgi.py')
  File "/opt/alt/python310/lib64/python3.10/imp.py", line 170, in load_source
    module = _exec(spec, sys.modules[name])
  File "<frozen importlib._bootstrap>", line 619, in _exec
  File "<frozen importlib._bootstrap_external>", line 883, in exec_module
  File "<frozen importlib._bootstrap>", line 241, in _call_with_frames_removed
  File "passenger_wsgi.py", line 8, in <module>
    wsgi = imp.load_source('wsgi', 'passenger_wsgi.py')
  File "/opt/alt/python310/lib64/python3.10/imp.py", line 170, in load_source
    module = _exec(spec, sys.modules[name])
  File "<frozen importlib._bootstrap>", line 619, in _exec
  File "<frozen importlib._bootstrap_external>", line 883, in exec_module
  File "<frozen importlib._bootstrap>", line 241, in _call_with_frames_removed
  File "passenger_wsgi.py", line 8, in <module>
    wsgi = imp.load_source('wsgi', 'passenger_wsgi.py')
  File "/opt/alt/python310/lib64/python3.10/imp.py", line 170, in load_source
    module = _exec(spec, sys.modules[name])
  File "<frozen importlib._bootstrap>", line 619, in _exec
  File "<frozen importlib._bootstrap_external>", line 883, in exec_module
  File "<frozen importlib._bootstrap>", line 241, in _call_with_frames_removed
  File "passenger_wsgi.py", line 8, in <module>
    wsgi = imp.load_source('wsgi', 'passenger_wsgi.py')
  File "/opt/alt/python310/lib64/python3.10/imp.py", line 170, in load_source
    module = _exec(spec, sys.modules[name])
  File "<frozen importlib._bootstrap>", line 619, in _exec
  File "<frozen importlib._bootstrap_external>", line 883, in exec_module
  File "<frozen importlib._bootstrap>", line 241, in _call_with_frames_removed
  File "passenger_wsgi.py", line 8, in <module>
    wsgi = imp.load_source('wsgi', 'passenger_wsgi.py')
  File "/opt/alt/python310/lib64/python3.10/imp.py", line 170, in load_source
    module = _exec(spec, sys.modules[name])
  File "<frozen importlib._bootstrap>", line 619, in _exec
  File "<frozen importlib._bootstrap_external>", line 883, in exec_module
  File "<frozen importlib._bootstrap>", line 241, in _call_with_frames_removed
  File "passenger_wsgi.py", line 8, in <module>
    wsgi = imp.load_source('wsgi', 'passenger_wsgi.py')
  File "/opt/alt/python310/lib64/python3.10/imp.py", line 170, in load_source
    module = _exec(spec, sys.modules[name])
  File "<frozen importlib._bootstrap>", line 619, in _exec
  File "<frozen importlib._bootstrap_external>", line 883, in exec_module
  File "<frozen importlib._bootstrap>", line 241, in _call_with_frames_removed
  File "passenger_wsgi.py", line 8, in <module>
    wsgi = imp.load_source('wsgi', 'passenger_wsgi.py')
  File "/opt/alt/python310/lib64/python3.10/imp.py", line 170, in load_source
    module = _exec(spec, sys.modules[name])
  File "<frozen importlib._bootstrap>", line 619, in _exec
  File "<frozen importlib._bootstrap_external>", line 883, in exec_module
  File "<frozen importlib._bootstrap>", line 241, in _call_with_frames_removed
  File "passenger_wsgi.py", line 8, in <module>
    wsgi = imp.load_source('wsgi', 'passenger_wsgi.py')
  File "/opt/alt/python310/lib64/python3.10/imp.py", line 170, in load_source
    module = _exec(spec, sys.modules[name])
  File "<frozen importlib._bootstrap>", line 619, in _exec
  File "<frozen importlib._bootstrap_external>", line 883, in exec_module
  File "<frozen importlib._bootstrap>", line 241, in _call_with_frames_removed
  File "passenger_wsgi.py", line 8, in <module>
    wsgi = imp.load_source('wsgi', 'passenger_wsgi.py')
  File "/opt/alt/python310/lib64/python3.10/imp.py", line 170, in load_source
    module = _exec(spec, sys.modules[name])
  File "<frozen importlib._bootstrap>", line 619, in _exec
  File "<frozen importlib._bootstrap_external>", line 883, in exec_module
  File "<frozen importlib._bootstrap>", line 241, in _call_with_frames_removed
  File "passenger_wsgi.py", line 8, in <module>
    wsgi = imp.load_source('wsgi', 'passenger_wsgi.py')
  File "/opt/alt/python310/lib64/python3.10/imp.py", line 170, in load_source
    module = _exec(spec, sys.modules[name])
  File "<frozen importlib._bootstrap>", line 619, in _exec
  File "<frozen importlib._bootstrap_external>", line 883, in exec_module
  File "<frozen importlib._bootstrap>", line 241, in _call_with_frames_removed
  File "passenger_wsgi.py", line 8, in <module>
    wsgi = imp.load_source('wsgi', 'passenger_wsgi.py')
  File "/opt/alt/python310/lib64/python3.10/imp.py", line 170, in load_source
    module = _exec(spec, sys.modules[name])
  File "<frozen importlib._bootstrap>", line 619, in _exec
  File "<frozen importlib._bootstrap_external>", line 883, in exec_module
  File "<frozen importlib._bootstrap>", line 241, in _call_with_frames_removed
  File "passenger_wsgi.py", line 8, in <module>
    wsgi = imp.load_source('wsgi', 'passenger_wsgi.py')
  File "/opt/alt/python310/lib64/python3.10/imp.py", line 170, in load_source
    module = _exec(spec, sys.modules[name])
  File "<frozen importlib._bootstrap>", line 619, in _exec
  File "<frozen importlib._bootstrap_external>", line 883, in exec_module
  File "<frozen importlib._bootstrap>", line 241, in _call_with_frames_removed
  File "passenger_wsgi.py", line 8, in <module>
    wsgi = imp.load_source('wsgi', 'passenger_wsgi.py')
  File "/opt/alt/python310/lib64/python3.10/imp.py", line 170, in load_source
    module = _exec(spec, sys.modules[name])
  File "<frozen importlib._bootstrap>", line 619, in _exec
  File "<frozen importlib._bootstrap_external>", line 883, in exec_module
  File "<frozen importlib._bootstrap>", line 241, in _call_with_frames_removed
  File "passenger_wsgi.py", line 8, in <module>
    wsgi = imp.load_source('wsgi', 'passenger_wsgi.py')
  File "/opt/alt/python310/lib64/python3.10/imp.py", line 170, in load_source
    module = _exec(spec, sys.modules[name])
  File "<frozen importlib._bootstrap>", line 619, in _exec
  File "<frozen importlib._bootstrap_external>", line 883, in exec_module
  File "<frozen importlib._bootstrap>", line 241, in _call_with_frames_removed
  File "passenger_wsgi.py", line 8, in <module>
    wsgi = imp.load_source('wsgi', 'passenger_wsgi.py')
  File "/opt/alt/python310/lib64/python3.10/imp.py", line 170, in load_source
    module = _exec(spec, sys.modules[name])
  File "<frozen importlib._bootstrap>", line 619, in _exec
  File "<frozen importlib._bootstrap_external>", line 883, in exec_module
  File "<frozen importlib._bootstrap>", line 241, in _call_with_frames_removed
  File "passenger_wsgi.py", line 8, in <module>
    wsgi = imp.load_source('wsgi', 'passenger_wsgi.py')
  File "/opt/alt/python310/lib64/python3.10/imp.py", line 170, in load_source
    module = _exec(spec, sys.modules[name])
  File "<frozen importlib._bootstrap>", line 619, in _exec
  File "<frozen importlib._bootstrap_external>", line 883, in exec_module
  File "<frozen importlib._bootstrap>", line 241, in _call_with_frames_removed
  File "passenger_wsgi.py", line 8, in <module>
    wsgi = imp.load_source('wsgi', 'passenger_wsgi.py')
  File "/opt/alt/python310/lib64/python3.10/imp.py", line 170, in load_source
    module = _exec(spec, sys.modules[name])
  File "<frozen importlib._bootstrap>", line 619, in _exec
  File "<frozen importlib._bootstrap_external>", line 883, in exec_module
  File "<frozen importlib._bootstrap>", line 241, in _call_with_frames_removed
  File "passenger_wsgi.py", line 8, in <module>
    wsgi = imp.load_source('wsgi', 'passenger_wsgi.py')
  File "/opt/alt/python310/lib64/python3.10/imp.py", line 170, in load_source
    module = _exec(spec, sys.modules[name])
  File "<frozen importlib._bootstrap>", line 619, in _exec
  File "<frozen importlib._bootstrap_external>", line 883, in exec_module
  File "<frozen importlib._bootstrap>", line 241, in _call_with_frames_removed
  File "passenger_wsgi.py", line 8, in <module>
    wsgi = imp.load_source('wsgi', 'passenger_wsgi.py')
  File "/opt/alt/python310/lib64/python3.10/imp.py", line 170, in load_source
    module = _exec(spec, sys.modules[name])
  File "<frozen importlib._bootstrap>", line 619, in _exec
  File "<frozen importlib._bootstrap_external>", line 883, in exec_module
  File "<frozen importlib._bootstrap>", line 241, in _call_with_frames_removed
  File "passenger_wsgi.py", line 8, in <module>
    wsgi = imp.load_source('wsgi', 'passenger_wsgi.py')
  File "/opt/alt/python310/lib64/python3.10/imp.py", line 170, in load_source
    module = _exec(spec, sys.modules[name])
  File "<frozen importlib._bootstrap>", line 619, in _exec
  File "<frozen importlib._bootstrap_external>", line 883, in exec_module
  File "<frozen importlib._bootstrap>", line 241, in _call_with_frames_removed
  File "passenger_wsgi.py", line 8, in <module>
    wsgi = imp.load_source('wsgi', 'passenger_wsgi.py')
  File "/opt/alt/python310/lib64/python3.10/imp.py", line 170, in load_source
    module = _exec(spec, sys.modules[name])
  File "<frozen importlib._bootstrap>", line 619, in _exec
  File "<frozen importlib._bootstrap_external>", line 883, in exec_module
  File "<frozen importlib._bootstrap>", line 241, in _call_with_frames_removed
  File "passenger_wsgi.py", line 8, in <module>
    wsgi = imp.load_source('wsgi', 'passenger_wsgi.py')
  File "/opt/alt/python310/lib64/python3.10/imp.py", line 170, in load_source
    module = _exec(spec, sys.modules[name])
  File "<frozen importlib._bootstrap>", line 619, in _exec
  File "<frozen importlib._bootstrap_external>", line 883, in exec_module
  File "<frozen importlib._bootstrap>", line 241, in _call_with_frames_removed
  File "passenger_wsgi.py", line 8, in <module>
    wsgi = imp.load_source('wsgi', 'passenger_wsgi.py')
  File "/opt/alt/python310/lib64/python3.10/imp.py", line 170, in load_source
    module = _exec(spec, sys.modules[name])
  File "<frozen importlib._bootstrap>", line 619, in _exec
  File "<frozen importlib._bootstrap_external>", line 883, in exec_module
  File "<frozen importlib._bootstrap>", line 241, in _call_with_frames_removed
  File "passenger_wsgi.py", line 8, in <module>
    wsgi = imp.load_source('wsgi', 'passenger_wsgi.py')
  File "/opt/alt/python310/lib64/python3.10/imp.py", line 170, in load_source
    module = _exec(spec, sys.modules[name])
  File "<frozen importlib._bootstrap>", line 619, in _exec
  File "<frozen importlib._bootstrap_external>", line 883, in exec_module
  File "<frozen importlib._bootstrap>", line 241, in _call_with_frames_removed
  File "passenger_wsgi.py", line 8, in <module>
    wsgi = imp.load_source('wsgi', 'passenger_wsgi.py')
  File "/opt/alt/python310/lib64/python3.10/imp.py", line 170, in load_source
    module = _exec(spec, sys.modules[name])
  File "<frozen importlib._bootstrap>", line 619, in _exec
  File "<frozen importlib._bootstrap_external>", line 883, in exec_module
  File "<frozen importlib._bootstrap>", line 241, in _call_with_frames_removed
  File "passenger_wsgi.py", line 8, in <module>
    wsgi = imp.load_source('wsgi', 'passenger_wsgi.py')
  File "/opt/alt/python310/lib64/python3.10/imp.py", line 170, in load_source
    module = _exec(spec, sys.modules[name])
  File "<frozen importlib._bootstrap>", line 619, in _exec
  File "<frozen importlib._bootstrap_external>", line 883, in exec_module
  File "<frozen importlib._bootstrap>", line 241, in _call_with_frames_removed
  File "passenger_wsgi.py", line 8, in <module>
    wsgi = imp.load_source('wsgi', 'passenger_wsgi.py')
  File "/opt/alt/python310/lib64/python3.10/imp.py", line 170, in load_source
    module = _exec(spec, sys.modules[name])
  File "<frozen importlib._bootstrap>", line 619, in _exec
  File "<frozen importlib._bootstrap_external>", line 883, in exec_module
  File "<frozen importlib._bootstrap>", line 241, in _call_with_frames_removed
  File "passenger_wsgi.py", line 8, in <module>
    wsgi = imp.load_source('wsgi', 'passenger_wsgi.py')
  File "/opt/alt/python310/lib64/python3.10/imp.py", line 170, in load_source
    module = _exec(spec, sys.modules[name])
  File "<frozen importlib._bootstrap>", line 619, in _exec
  File "<frozen importlib._bootstrap_external>", line 883, in exec_module
  File "<frozen importlib._bootstrap>", line 241, in _call_with_frames_removed
  File "passenger_wsgi.py", line 8, in <module>
    wsgi = imp.load_source('wsgi', 'passenger_wsgi.py')
  File "/opt/alt/python310/lib64/python3.10/imp.py", line 170, in load_source
    module = _exec(spec, sys.modules[name])
  File "<frozen importlib._bootstrap>", line 619, in _exec
  File "<frozen importlib._bootstrap_external>", line 883, in exec_module
  File "<frozen importlib._bootstrap>", line 241, in _call_with_frames_removed
  File "passenger_wsgi.py", line 8, in <module>
    wsgi = imp.load_source('wsgi', 'passenger_wsgi.py')
  File "/opt/alt/python310/lib64/python3.10/imp.py", line 170, in load_source
    module = _exec(spec, sys.modules[name])
  File "<frozen importlib._bootstrap>", line 619, in _exec
  File "<frozen importlib._bootstrap_external>", line 883, in exec_module
  File "<frozen importlib._bootstrap>", line 241, in _call_with_frames_removed
  File "passenger_wsgi.py", line 8, in <module>
    wsgi = imp.load_source('wsgi', 'passenger_wsgi.py')
  File "/opt/alt/python310/lib64/python3.10/imp.py", line 170, in load_source
    module = _exec(spec, sys.modules[name])
  File "<frozen importlib._bootstrap>", line 619, in _exec
  File "<frozen importlib._bootstrap_external>", line 883, in exec_module
  File "<frozen importlib._bootstrap>", line 241, in _call_with_frames_removed
  File "passenger_wsgi.py", line 8, in <module>
    wsgi = imp.load_source('wsgi', 'passenger_wsgi.py')
  File "/opt/alt/python310/lib64/python3.10/imp.py", line 170, in load_source
    module = _exec(spec, sys.modules[name])
  File "<frozen importlib._bootstrap>", line 619, in _exec
  File "<frozen importlib._bootstrap_external>", line 883, in exec_module
  File "<frozen importlib._bootstrap>", line 241, in _call_with_frames_removed
  File "passenger_wsgi.py", line 8, in <module>
    wsgi = imp.load_source('wsgi', 'passenger_wsgi.py')
  File "/opt/alt/python310/lib64/python3.10/imp.py", line 170, in load_source
    module = _exec(spec, sys.modules[name])
  File "<frozen importlib._bootstrap>", line 619, in _exec
  File "<frozen importlib._bootstrap_external>", line 883, in exec_module
  File "<frozen importlib._bootstrap>", line 241, in _call_with_frames_removed
  File "passenger_wsgi.py", line 8, in <module>
    wsgi = imp.load_source('wsgi', 'passenger_wsgi.py')
  File "/opt/alt/python310/lib64/python3.10/imp.py", line 170, in load_source
    module = _exec(spec, sys.modules[name])
  File "<frozen importlib._bootstrap>", line 619, in _exec
  File "<frozen importlib._bootstrap_external>", line 883, in exec_module
  File "<frozen importlib._bootstrap>", line 241, in _call_with_frames_removed
  File "passenger_wsgi.py", line 8, in <module>
    wsgi = imp.load_source('wsgi', 'passenger_wsgi.py')
  File "/opt/alt/python310/lib64/python3.10/imp.py", line 170, in load_source
    module = _exec(spec, sys.modules[name])
  File "<frozen importlib._bootstrap>", line 619, in _exec
  File "<frozen importlib._bootstrap_external>", line 883, in exec_module
  File "<frozen importlib._bootstrap>", line 241, in _call_with_frames_removed
  File "passenger_wsgi.py", line 8, in <module>
    wsgi = imp.load_source('wsgi', 'passenger_wsgi.py')
  File "/opt/alt/python310/lib64/python3.10/imp.py", line 170, in load_source
    module = _exec(spec, sys.modules[name])
  File "<frozen importlib._bootstrap>", line 619, in _exec
  File "<frozen importlib._bootstrap_external>", line 883, in exec_module
  File "<frozen importlib._bootstrap>", line 241, in _call_with_frames_removed
  File "passenger_wsgi.py", line 8, in <module>
    wsgi = imp.load_source('wsgi', 'passenger_wsgi.py')
  File "/opt/alt/python310/lib64/python3.10/imp.py", line 170, in load_source
    module = _exec(spec, sys.modules[name])
  File "<frozen importlib._bootstrap>", line 619, in _exec
  File "<frozen importlib._bootstrap_external>", line 883, in exec_module
  File "<frozen importlib._bootstrap>", line 241, in _call_with_frames_removed
  File "passenger_wsgi.py", line 8, in <module>
    wsgi = imp.load_source('wsgi', 'passenger_wsgi.py')
  File "/opt/alt/python310/lib64/python3.10/imp.py", line 170, in load_source
    module = _exec(spec, sys.modules[name])
  File "<frozen importlib._bootstrap>", line 619, in _exec
  File "<frozen importlib._bootstrap_external>", line 883, in exec_module
  File "<frozen importlib._bootstrap>", line 241, in _call_with_frames_removed
  File "passenger_wsgi.py", line 8, in <module>
    wsgi = imp.load_source('wsgi', 'passenger_wsgi.py')
  File "/opt/alt/python310/lib64/python3.10/imp.py", line 170, in load_source
    module = _exec(spec, sys.modules[name])
  File "<frozen importlib._bootstrap>", line 619, in _exec
  File "<frozen importlib._bootstrap_external>", line 883, in exec_module
  File "<frozen importlib._bootstrap>", line 241, in _call_with_frames_removed
  File "passenger_wsgi.py", line 8, in <module>
    wsgi = imp.load_source('wsgi', 'passenger_wsgi.py')
  File "/opt/alt/python310/lib64/python3.10/imp.py", line 170, in load_source
    module = _exec(spec, sys.modules[name])
  File "<frozen importlib._bootstrap>", line 619, in _exec
  File "<frozen importlib._bootstrap_external>", line 883, in exec_module
  File "<frozen importlib._bootstrap>", line 241, in _call_with_frames_removed
  File "passenger_wsgi.py", line 8, in <module>
    wsgi = imp.load_source('wsgi', 'passenger_wsgi.py')
  File "/opt/alt/python310/lib64/python3.10/imp.py", line 170, in load_source
    module = _exec(spec, sys.modules[name])
  File "<frozen importlib._bootstrap>", line 619, in _exec
  File "<frozen importlib._bootstrap_external>", line 883, in exec_module
  File "<frozen importlib._bootstrap>", line 241, in _call_with_frames_removed
  File "passenger_wsgi.py", line 8, in <module>
    wsgi = imp.load_source('wsgi', 'passenger_wsgi.py')
  File "/opt/alt/python310/lib64/python3.10/imp.py", line 170, in load_source
    module = _exec(spec, sys.modules[name])
  File "<frozen importlib._bootstrap>", line 619, in _exec
  File "<frozen importlib._bootstrap_external>", line 883, in exec_module
  File "<frozen importlib._bootstrap>", line 241, in _call_with_frames_removed
  File "passenger_wsgi.py", line 8, in <module>
    wsgi = imp.load_source('wsgi', 'passenger_wsgi.py')
  File "/opt/alt/python310/lib64/python3.10/imp.py", line 170, in load_source
    module = _exec(spec, sys.modules[name])
  File "<frozen importlib._bootstrap>", line 619, in _exec
  File "<frozen importlib._bootstrap_external>", line 883, in exec_module
  File "<frozen importlib._bootstrap>", line 241, in _call_with_frames_removed
  File "passenger_wsgi.py", line 8, in <module>
    wsgi = imp.load_source('wsgi', 'passenger_wsgi.py')
  File "/opt/alt/python310/lib64/python3.10/imp.py", line 170, in load_source
    module = _exec(spec, sys.modules[name])
  File "<frozen importlib._bootstrap>", line 619, in _exec
  File "<frozen importlib._bootstrap_external>", line 883, in exec_module
  File "<frozen importlib._bootstrap>", line 241, in _call_with_frames_removed
  File "passenger_wsgi.py", line 8, in <module>
    wsgi = imp.load_source('wsgi', 'passenger_wsgi.py')
  File "/opt/alt/python310/lib64/python3.10/imp.py", line 170, in load_source
    module = _exec(spec, sys.modules[name])
  File "<frozen importlib._bootstrap>", line 619, in _exec
  File "<frozen importlib._bootstrap_external>", line 883, in exec_module
  File "<frozen importlib._bootstrap>", line 241, in _call_with_frames_removed
  File "passenger_wsgi.py", line 8, in <module>
    wsgi = imp.load_source('wsgi', 'passenger_wsgi.py')
  File "/opt/alt/python310/lib64/python3.10/imp.py", line 170, in load_source
    module = _exec(spec, sys.modules[name])
  File "<frozen importlib._bootstrap>", line 619, in _exec
  File "<frozen importlib._bootstrap_external>", line 883, in exec_module
  File "<frozen importlib._bootstrap>", line 241, in _call_with_frames_removed
  File "passenger_wsgi.py", line 8, in <module>
    wsgi = imp.load_source('wsgi', 'passenger_wsgi.py')
  File "/opt/alt/python310/lib64/python3.10/imp.py", line 170, in load_source
    module = _exec(spec, sys.modules[name])
  File "<frozen importlib._bootstrap>", line 619, in _exec
  File "<frozen importlib._bootstrap_external>", line 883, in exec_module
  File "<frozen importlib._bootstrap>", line 241, in _call_with_frames_removed
  File "passenger_wsgi.py", line 8, in <module>
    wsgi = imp.load_source('wsgi', 'passenger_wsgi.py')
  File "/opt/alt/python310/lib64/python3.10/imp.py", line 170, in load_source
    module = _exec(spec, sys.modules[name])
  File "<frozen importlib._bootstrap>", line 619, in _exec
  File "<frozen importlib._bootstrap_external>", line 883, in exec_module
  File "<frozen importlib._bootstrap>", line 241, in _call_with_frames_removed
  File "passenger_wsgi.py", line 8, in <module>
    wsgi = imp.load_source('wsgi', 'passenger_wsgi.py')
  File "/opt/alt/python310/lib64/python3.10/imp.py", line 170, in load_source
    module = _exec(spec, sys.modules[name])
  File "<frozen importlib._bootstrap>", line 619, in _exec
  File "<frozen importlib._bootstrap_external>", line 883, in exec_module
  File "<frozen importlib._bootstrap>", line 241, in _call_with_frames_removed
  File "passenger_wsgi.py", line 8, in <module>
    wsgi = imp.load_source('wsgi', 'passenger_wsgi.py')
  File "/opt/alt/python310/lib64/python3.10/imp.py", line 170, in load_source
    module = _exec(spec, sys.modules[name])
  File "<frozen importlib._bootstrap>", line 619, in _exec
  File "<frozen importlib._bootstrap_external>", line 883, in exec_module
  File "<frozen importlib._bootstrap>", line 241, in _call_with_frames_removed
  File "passenger_wsgi.py", line 8, in <module>
    wsgi = imp.load_source('wsgi', 'passenger_wsgi.py')
  File "/opt/alt/python310/lib64/python3.10/imp.py", line 170, in load_source
    module = _exec(spec, sys.modules[name])
  File "<frozen importlib._bootstrap>", line 619, in _exec
  File "<frozen importlib._bootstrap_external>", line 883, in exec_module
  File "<frozen importlib._bootstrap>", line 241, in _call_with_frames_removed
  File "passenger_wsgi.py", line 8, in <module>
    wsgi = imp.load_source('wsgi', 'passenger_wsgi.py')
  File "/opt/alt/python310/lib64/python3.10/imp.py", line 170, in load_source
    module = _exec(spec, sys.modules[name])
  File "<frozen importlib._bootstrap>", line 619, in _exec
  File "<frozen importlib._bootstrap_external>", line 883, in exec_module
  File "<frozen importlib._bootstrap>", line 241, in _call_with_frames_removed
  File "passenger_wsgi.py", line 8, in <module>
    wsgi = imp.load_source('wsgi', 'passenger_wsgi.py')
  File "/opt/alt/python310/lib64/python3.10/imp.py", line 170, in load_source
    module = _exec(spec, sys.modules[name])
  File "<frozen importlib._bootstrap>", line 619, in _exec
  File "<frozen importlib._bootstrap_external>", line 883, in exec_module
  File "<frozen importlib._bootstrap>", line 241, in _call_with_frames_removed
  File "passenger_wsgi.py", line 8, in <module>
    wsgi = imp.load_source('wsgi', 'passenger_wsgi.py')
  File "/opt/alt/python310/lib64/python3.10/imp.py", line 170, in load_source
    module = _exec(spec, sys.modules[name])
  File "<frozen importlib._bootstrap>", line 619, in _exec
  File "<frozen importlib._bootstrap_external>", line 883, in exec_module
  File "<frozen importlib._bootstrap>", line 241, in _call_with_frames_removed
  File "passenger_wsgi.py", line 8, in <module>
    wsgi = imp.load_source('wsgi', 'passenger_wsgi.py')
  File "/opt/alt/python310/lib64/python3.10/imp.py", line 170, in load_source
    module = _exec(spec, sys.modules[name])
  File "<frozen importlib._bootstrap>", line 619, in _exec
  File "<frozen importlib._bootstrap_external>", line 883, in exec_module
  File "<frozen importlib._bootstrap>", line 241, in _call_with_frames_removed
  File "passenger_wsgi.py", line 8, in <module>
    wsgi = imp.load_source('wsgi', 'passenger_wsgi.py')
  File "/opt/alt/python310/lib64/python3.10/imp.py", line 170, in load_source
    module = _exec(spec, sys.modules[name])
  File "<frozen importlib._bootstrap>", line 619, in _exec
  File "<frozen importlib._bootstrap_external>", line 883, in exec_module
  File "<frozen importlib._bootstrap>", line 241, in _call_with_frames_removed
  File "passenger_wsgi.py", line 8, in <module>
    wsgi = imp.load_source('wsgi', 'passenger_wsgi.py')
  File "/opt/alt/python310/lib64/python3.10/imp.py", line 170, in load_source
    module = _exec(spec, sys.modules[name])
  File "<frozen importlib._bootstrap>", line 619, in _exec
  File "<frozen importlib._bootstrap_external>", line 883, in exec_module
  File "<frozen importlib._bootstrap>", line 241, in _call_with_frames_removed
  File "passenger_wsgi.py", line 8, in <module>
    wsgi = imp.load_source('wsgi', 'passenger_wsgi.py')
  File "/opt/alt/python310/lib64/python3.10/imp.py", line 170, in load_source
    module = _exec(spec, sys.modules[name])
  File "<frozen importlib._bootstrap>", line 619, in _exec
  File "<frozen importlib._bootstrap_external>", line 883, in exec_module
  File "<frozen importlib._bootstrap>", line 241, in _call_with_frames_removed
  File "passenger_wsgi.py", line 8, in <module>
    wsgi = imp.load_source('wsgi', 'passenger_wsgi.py')
  File "/opt/alt/python310/lib64/python3.10/imp.py", line 170, in load_source
    module = _exec(spec, sys.modules[name])
  File "<frozen importlib._bootstrap>", line 619, in _exec
  File "<frozen importlib._bootstrap_external>", line 883, in exec_module
  File "<frozen importlib._bootstrap>", line 241, in _call_with_frames_removed
  File "passenger_wsgi.py", line 8, in <module>
    wsgi = imp.load_source('wsgi', 'passenger_wsgi.py')
  File "/opt/alt/python310/lib64/python3.10/imp.py", line 170, in load_source
    module = _exec(spec, sys.modules[name])
  File "<frozen importlib._bootstrap>", line 619, in _exec
  File "<frozen importlib._bootstrap_external>", line 883, in exec_module
  File "<frozen importlib._bootstrap>", line 241, in _call_with_frames_removed
  File "passenger_wsgi.py", line 8, in <module>
    wsgi = imp.load_source('wsgi', 'passenger_wsgi.py')
  File "/opt/alt/python310/lib64/python3.10/imp.py", line 170, in load_source
    module = _exec(spec, sys.modules[name])
  File "<frozen importlib._bootstrap>", line 619, in _exec
  File "<frozen importlib._bootstrap_external>", line 883, in exec_module
  File "<frozen importlib._bootstrap>", line 241, in _call_with_frames_removed
  File "passenger_wsgi.py", line 8, in <module>
    wsgi = imp.load_source('wsgi', 'passenger_wsgi.py')
  File "/opt/alt/python310/lib64/python3.10/imp.py", line 170, in load_source
    module = _exec(spec, sys.modules[name])
  File "<frozen importlib._bootstrap>", line 619, in _exec
  File "<frozen importlib._bootstrap_external>", line 883, in exec_module
  File "<frozen importlib._bootstrap>", line 241, in _call_with_frames_removed
  File "passenger_wsgi.py", line 8, in <module>
    wsgi = imp.load_source('wsgi', 'passenger_wsgi.py')
  File "/opt/alt/python310/lib64/python3.10/imp.py", line 170, in load_source
    module = _exec(spec, sys.modules[name])
  File "<frozen importlib._bootstrap>", line 619, in _exec
  File "<frozen importlib._bootstrap_external>", line 883, in exec_module
  File "<frozen importlib._bootstrap>", line 241, in _call_with_frames_removed
  File "passenger_wsgi.py", line 8, in <module>
    wsgi = imp.load_source('wsgi', 'passenger_wsgi.py')
  File "/opt/alt/python310/lib64/python3.10/imp.py", line 170, in load_source
    module = _exec(spec, sys.modules[name])
  File "<frozen importlib._bootstrap>", line 619, in _exec
  File "<frozen importlib._bootstrap_external>", line 883, in exec_module
  File "<frozen importlib._bootstrap>", line 241, in _call_with_frames_removed
  File "passenger_wsgi.py", line 8, in <module>
    wsgi = imp.load_source('wsgi', 'passenger_wsgi.py')
  File "/opt/alt/python310/lib64/python3.10/imp.py", line 170, in load_source
    module = _exec(spec, sys.modules[name])
  File "<frozen importlib._bootstrap>", line 619, in _exec
  File "<frozen importlib._bootstrap_external>", line 883, in exec_module
  File "<frozen importlib._bootstrap>", line 241, in _call_with_frames_removed
  File "passenger_wsgi.py", line 8, in <module>
    wsgi = imp.load_source('wsgi', 'passenger_wsgi.py')
  File "/opt/alt/python310/lib64/python3.10/imp.py", line 170, in load_source
    module = _exec(spec, sys.modules[name])
  File "<frozen importlib._bootstrap>", line 619, in _exec
  File "<frozen importlib._bootstrap_external>", line 883, in exec_module
  File "<frozen importlib._bootstrap>", line 241, in _call_with_frames_removed
  File "passenger_wsgi.py", line 8, in <module>
    wsgi = imp.load_source('wsgi', 'passenger_wsgi.py')
  File "/opt/alt/python310/lib64/python3.10/imp.py", line 170, in load_source
    module = _exec(spec, sys.modules[name])
  File "<frozen importlib._bootstrap>", line 619, in _exec
  File "<frozen importlib._bootstrap_external>", line 883, in exec_module
  File "<frozen importlib._bootstrap>", line 241, in _call_with_frames_removed
  File "passenger_wsgi.py", line 8, in <module>
    wsgi = imp.load_source('wsgi', 'passenger_wsgi.py')
  File "/opt/alt/python310/lib64/python3.10/imp.py", line 170, in load_source
    module = _exec(spec, sys.modules[name])
  File "<frozen importlib._bootstrap>", line 619, in _exec
  File "<frozen importlib._bootstrap_external>", line 883, in exec_module
  File "<frozen importlib._bootstrap>", line 241, in _call_with_frames_removed
  File "passenger_wsgi.py", line 8, in <module>
    wsgi = imp.load_source('wsgi', 'passenger_wsgi.py')
  File "/opt/alt/python310/lib64/python3.10/imp.py", line 170, in load_source
    module = _exec(spec, sys.modules[name])
  File "<frozen importlib._bootstrap>", line 619, in _exec
  File "<frozen importlib._bootstrap_external>", line 883, in exec_module
  File "<frozen importlib._bootstrap>", line 241, in _call_with_frames_removed
  File "passenger_wsgi.py", line 8, in <module>
    wsgi = imp.load_source('wsgi', 'passenger_wsgi.py')
  File "/opt/alt/python310/lib64/python3.10/imp.py", line 170, in load_source
    module = _exec(spec, sys.modules[name])
  File "<frozen importlib._bootstrap>", line 619, in _exec
  File "<frozen importlib._bootstrap_external>", line 883, in exec_module
  File "<frozen importlib._bootstrap>", line 241, in _call_with_frames_removed
  File "passenger_wsgi.py", line 8, in <module>
    wsgi = imp.load_source('wsgi', 'passenger_wsgi.py')
  File "/opt/alt/python310/lib64/python3.10/imp.py", line 170, in load_source
    module = _exec(spec, sys.modules[name])
  File "<frozen importlib._bootstrap>", line 619, in _exec
  File "<frozen importlib._bootstrap_external>", line 883, in exec_module
  File "<frozen importlib._bootstrap>", line 241, in _call_with_frames_removed
  File "passenger_wsgi.py", line 8, in <module>
    wsgi = imp.load_source('wsgi', 'passenger_wsgi.py')
  File "/opt/alt/python310/lib64/python3.10/imp.py", line 170, in load_source
    module = _exec(spec, sys.modules[name])
  File "<frozen importlib._bootstrap>", line 619, in _exec
  File "<frozen importlib._bootstrap_external>", line 883, in exec_module
  File "<frozen importlib._bootstrap>", line 241, in _call_with_frames_removed
  File "passenger_wsgi.py", line 8, in <module>
    wsgi = imp.load_source('wsgi', 'passenger_wsgi.py')
  File "/opt/alt/python310/lib64/python3.10/imp.py", line 170, in load_source
    module = _exec(spec, sys.modules[name])
  File "<frozen importlib._bootstrap>", line 619, in _exec
  File "<frozen importlib._bootstrap_external>", line 883, in exec_module
  File "<frozen importlib._bootstrap>", line 241, in _call_with_frames_removed
  File "passenger_wsgi.py", line 8, in <module>
    wsgi = imp.load_source('wsgi', 'passenger_wsgi.py')
  File "/opt/alt/python310/lib64/python3.10/imp.py", line 170, in load_source
    module = _exec(spec, sys.modules[name])
  File "<frozen importlib._bootstrap>", line 619, in _exec
  File "<frozen importlib._bootstrap_external>", line 883, in exec_module
  File "<frozen importlib._bootstrap>", line 241, in _call_with_frames_removed
  File "passenger_wsgi.py", line 8, in <module>
    wsgi = imp.load_source('wsgi', 'passenger_wsgi.py')
  File "/opt/alt/python310/lib64/python3.10/imp.py", line 170, in load_source
    module = _exec(spec, sys.modules[name])
  File "<frozen importlib._bootstrap>", line 619, in _exec
  File "<frozen importlib._bootstrap_external>", line 883, in exec_module
  File "<frozen importlib._bootstrap>", line 241, in _call_with_frames_removed
  File "passenger_wsgi.py", line 8, in <module>
    wsgi = imp.load_source('wsgi', 'passenger_wsgi.py')
  File "/opt/alt/python310/lib64/python3.10/imp.py", line 170, in load_source
    module = _exec(spec, sys.modules[name])
  File "<frozen importlib._bootstrap>", line 619, in _exec
  File "<frozen importlib._bootstrap_external>", line 883, in exec_module
  File "<frozen importlib._bootstrap>", line 241, in _call_with_frames_removed
  File "passenger_wsgi.py", line 8, in <module>
    wsgi = imp.load_source('wsgi', 'passenger_wsgi.py')
  File "/opt/alt/python310/lib64/python3.10/imp.py", line 170, in load_source
    module = _exec(spec, sys.modules[name])
  File "<frozen importlib._bootstrap>", line 619, in _exec
  File "<frozen importlib._bootstrap_external>", line 883, in exec_module
  File "<frozen importlib._bootstrap>", line 241, in _call_with_frames_removed
  File "passenger_wsgi.py", line 8, in <module>
    wsgi = imp.load_source('wsgi', 'passenger_wsgi.py')
  File "/opt/alt/python310/lib64/python3.10/imp.py", line 170, in load_source
    module = _exec(spec, sys.modules[name])
  File "<frozen importlib._bootstrap>", line 619, in _exec
  File "<frozen importlib._bootstrap_external>", line 883, in exec_module
  File "<frozen importlib._bootstrap>", line 241, in _call_with_frames_removed
  File "passenger_wsgi.py", line 8, in <module>
    wsgi = imp.load_source('wsgi', 'passenger_wsgi.py')
  File "/opt/alt/python310/lib64/python3.10/imp.py", line 170, in load_source
    module = _exec(spec, sys.modules[name])
  File "<frozen importlib._bootstrap>", line 619, in _exec
  File "<frozen importlib._bootstrap_external>", line 883, in exec_module
  File "<frozen importlib._bootstrap>", line 241, in _call_with_frames_removed
  File "passenger_wsgi.py", line 8, in <module>
    wsgi = imp.load_source('wsgi', 'passenger_wsgi.py')
  File "/opt/alt/python310/lib64/python3.10/imp.py", line 170, in load_source
    module = _exec(spec, sys.modules[name])
  File "<frozen importlib._bootstrap>", line 619, in _exec
  File "<frozen importlib._bootstrap_external>", line 883, in exec_module
  File "<frozen importlib._bootstrap>", line 241, in _call_with_frames_removed
  File "passenger_wsgi.py", line 8, in <module>
    wsgi = imp.load_source('wsgi', 'passenger_wsgi.py')
  File "/opt/alt/python310/lib64/python3.10/imp.py", line 170, in load_source
    module = _exec(spec, sys.modules[name])
  File "<frozen importlib._bootstrap>", line 619, in _exec
  File "<frozen importlib._bootstrap_external>", line 883, in exec_module
  File "<frozen importlib._bootstrap>", line 241, in _call_with_frames_removed
  File "passenger_wsgi.py", line 8, in <module>
    wsgi = imp.load_source('wsgi', 'passenger_wsgi.py')
  File "/opt/alt/python310/lib64/python3.10/imp.py", line 170, in load_source
    module = _exec(spec, sys.modules[name])
  File "<frozen importlib._bootstrap>", line 619, in _exec
  File "<frozen importlib._bootstrap_external>", line 883, in exec_module
  File "<frozen importlib._bootstrap>", line 241, in _call_with_frames_removed
  File "passenger_wsgi.py", line 8, in <module>
    wsgi = imp.load_source('wsgi', 'passenger_wsgi.py')
  File "/opt/alt/python310/lib64/python3.10/imp.py", line 170, in load_source
    module = _exec(spec, sys.modules[name])
  File "<frozen importlib._bootstrap>", line 619, in _exec
  File "<frozen importlib._bootstrap_external>", line 883, in exec_module
  File "<frozen importlib._bootstrap>", line 241, in _call_with_frames_removed
  File "passenger_wsgi.py", line 8, in <module>
    wsgi = imp.load_source('wsgi', 'passenger_wsgi.py')
  File "/opt/alt/python310/lib64/python3.10/imp.py", line 170, in load_source
    module = _exec(spec, sys.modules[name])
  File "<frozen importlib._bootstrap>", line 619, in _exec
  File "<frozen importlib._bootstrap_external>", line 883, in exec_module
  File "<frozen importlib._bootstrap>", line 241, in _call_with_frames_removed
  File "passenger_wsgi.py", line 8, in <module>
    wsgi = imp.load_source('wsgi', 'passenger_wsgi.py')
  File "/opt/alt/python310/lib64/python3.10/imp.py", line 170, in load_source
    module = _exec(spec, sys.modules[name])
  File "<frozen importlib._bootstrap>", line 619, in _exec
  File "<frozen importlib._bootstrap_external>", line 883, in exec_module
  File "<frozen importlib._bootstrap>", line 241, in _call_with_frames_removed
  File "passenger_wsgi.py", line 8, in <module>
    wsgi = imp.load_source('wsgi', 'passenger_wsgi.py')
  File "/opt/alt/python310/lib64/python3.10/imp.py", line 170, in load_source
    module = _exec(spec, sys.modules[name])
  File "<frozen importlib._bootstrap>", line 619, in _exec
  File "<frozen importlib._bootstrap_external>", line 883, in exec_module
  File "<frozen importlib._bootstrap>", line 241, in _call_with_frames_removed
  File "passenger_wsgi.py", line 8, in <module>
    wsgi = imp.load_source('wsgi', 'passenger_wsgi.py')
  File "/opt/alt/python310/lib64/python3.10/imp.py", line 170, in load_source
    module = _exec(spec, sys.modules[name])
  File "<frozen importlib._bootstrap>", line 619, in _exec
  File "<frozen importlib._bootstrap_external>", line 883, in exec_module
  File "<frozen importlib._bootstrap>", line 241, in _call_with_frames_removed
  File "passenger_wsgi.py", line 8, in <module>
    wsgi = imp.load_source('wsgi', 'passenger_wsgi.py')
  File "/opt/alt/python310/lib64/python3.10/imp.py", line 170, in load_source
    module = _exec(spec, sys.modules[name])
  File "<frozen importlib._bootstrap>", line 619, in _exec
  File "<frozen importlib._bootstrap_external>", line 883, in exec_module
  File "<frozen importlib._bootstrap>", line 241, in _call_with_frames_removed
  File "passenger_wsgi.py", line 8, in <module>
    wsgi = imp.load_source('wsgi', 'passenger_wsgi.py')
  File "/opt/alt/python310/lib64/python3.10/imp.py", line 170, in load_source
    module = _exec(spec, sys.modules[name])
  File "<frozen importlib._bootstrap>", line 619, in _exec
  File "<frozen importlib._bootstrap_external>", line 883, in exec_module
  File "<frozen importlib._bootstrap>", line 241, in _call_with_frames_removed
  File "passenger_wsgi.py", line 8, in <module>
    wsgi = imp.load_source('wsgi', 'passenger_wsgi.py')
  File "/opt/alt/python310/lib64/python3.10/imp.py", line 170, in load_source
    module = _exec(spec, sys.modules[name])
  File "<frozen importlib._bootstrap>", line 619, in _exec
  File "<frozen importlib._bootstrap_external>", line 883, in exec_module
  File "<frozen importlib._bootstrap>", line 241, in _call_with_frames_removed
  File "passenger_wsgi.py", line 8, in <module>
    wsgi = imp.load_source('wsgi', 'passenger_wsgi.py')
  File "/opt/alt/python310/lib64/python3.10/imp.py", line 170, in load_source
    module = _exec(spec, sys.modules[name])
  File "<frozen importlib._bootstrap>", line 619, in _exec
  File "<frozen importlib._bootstrap_external>", line 883, in exec_module
  File "<frozen importlib._bootstrap>", line 241, in _call_with_frames_removed
  File "passenger_wsgi.py", line 8, in <module>
    wsgi = imp.load_source('wsgi', 'passenger_wsgi.py')
  File "/opt/alt/python310/lib64/python3.10/imp.py", line 170, in load_source
    module = _exec(spec, sys.modules[name])
  File "<frozen importlib._bootstrap>", line 619, in _exec
  File "<frozen importlib._bootstrap_external>", line 883, in exec_module
  File "<frozen importlib._bootstrap>", line 241, in _call_with_frames_removed
  File "passenger_wsgi.py", line 8, in <module>
    wsgi = imp.load_source('wsgi', 'passenger_wsgi.py')
  File "/opt/alt/python310/lib64/python3.10/imp.py", line 170, in load_source
    module = _exec(spec, sys.modules[name])
  File "<frozen importlib._bootstrap>", line 619, in _exec
  File "<frozen importlib._bootstrap_external>", line 883, in exec_module
  File "<frozen importlib._bootstrap>", line 241, in _call_with_frames_removed
  File "passenger_wsgi.py", line 8, in <module>
    wsgi = imp.load_source('wsgi', 'passenger_wsgi.py')
  File "/opt/alt/python310/lib64/python3.10/imp.py", line 170, in load_source
    module = _exec(spec, sys.modules[name])
  File "<frozen importlib._bootstrap>", line 619, in _exec
  File "<frozen importlib._bootstrap_external>", line 883, in exec_module
  File "<frozen importlib._bootstrap>", line 241, in _call_with_frames_removed
  File "passenger_wsgi.py", line 8, in <module>
    wsgi = imp.load_source('wsgi', 'passenger_wsgi.py')
  File "/opt/alt/python310/lib64/python3.10/imp.py", line 170, in load_source
    module = _exec(spec, sys.modules[name])
  File "<frozen importlib._bootstrap>", line 619, in _exec
  File "<frozen importlib._bootstrap_external>", line 883, in exec_module
  File "<frozen importlib._bootstrap>", line 241, in _call_with_frames_removed
  File "passenger_wsgi.py", line 8, in <module>
    wsgi = imp.load_source('wsgi', 'passenger_wsgi.py')
  File "/opt/alt/python310/lib64/python3.10/imp.py", line 170, in load_source
    module = _exec(spec, sys.modules[name])
  File "<frozen importlib._bootstrap>", line 619, in _exec
  File "<frozen importlib._bootstrap_external>", line 883, in exec_module
  File "<frozen importlib._bootstrap>", line 241, in _call_with_frames_removed
  File "passenger_wsgi.py", line 8, in <module>
    wsgi = imp.load_source('wsgi', 'passenger_wsgi.py')
  File "/opt/alt/python310/lib64/python3.10/imp.py", line 170, in load_source
    module = _exec(spec, sys.modules[name])
  File "<frozen importlib._bootstrap>", line 619, in _exec
  File "<frozen importlib._bootstrap_external>", line 883, in exec_module
  File "<frozen importlib._bootstrap>", line 241, in _call_with_frames_removed
  File "passenger_wsgi.py", line 8, in <module>
    wsgi = imp.load_source('wsgi', 'passenger_wsgi.py')
  File "/opt/alt/python310/lib64/python3.10/imp.py", line 170, in load_source
    module = _exec(spec, sys.modules[name])
  File "<frozen importlib._bootstrap>", line 619, in _exec
  File "<frozen importlib._bootstrap_external>", line 883, in exec_module
  File "<frozen importlib._bootstrap>", line 241, in _call_with_frames_removed
  File "passenger_wsgi.py", line 8, in <module>
    wsgi = imp.load_source('wsgi', 'passenger_wsgi.py')
  File "/opt/alt/python310/lib64/python3.10/imp.py", line 170, in load_source
    module = _exec(spec, sys.modules[name])
  File "<frozen importlib._bootstrap>", line 619, in _exec
  File "<frozen importlib._bootstrap_external>", line 883, in exec_module
  File "<frozen importlib._bootstrap>", line 241, in _call_with_frames_removed
  File "passenger_wsgi.py", line 8, in <module>
    wsgi = imp.load_source('wsgi', 'passenger_wsgi.py')
  File "/opt/alt/python310/lib64/python3.10/imp.py", line 170, in load_source
    module = _exec(spec, sys.modules[name])
  File "<frozen importlib._bootstrap>", line 619, in _exec
  File "<frozen importlib._bootstrap_external>", line 883, in exec_module
  File "<frozen importlib._bootstrap>", line 241, in _call_with_frames_removed
  File "passenger_wsgi.py", line 8, in <module>
    wsgi = imp.load_source('wsgi', 'passenger_wsgi.py')
  File "/opt/alt/python310/lib64/python3.10/imp.py", line 170, in load_source
    module = _exec(spec, sys.modules[name])
  File "<frozen importlib._bootstrap>", line 619, in _exec
  File "<frozen importlib._bootstrap_external>", line 883, in exec_module
  File "<frozen importlib._bootstrap>", line 241, in _call_with_frames_removed
  File "passenger_wsgi.py", line 8, in <module>
    wsgi = imp.load_source('wsgi', 'passenger_wsgi.py')
  File "/opt/alt/python310/lib64/python3.10/imp.py", line 170, in load_source
    module = _exec(spec, sys.modules[name])
  File "<frozen importlib._bootstrap>", line 619, in _exec
  File "<frozen importlib._bootstrap_external>", line 883, in exec_module
  File "<frozen importlib._bootstrap>", line 241, in _call_with_frames_removed
  File "passenger_wsgi.py", line 8, in <module>
    wsgi = imp.load_source('wsgi', 'passenger_wsgi.py')
  File "/opt/alt/python310/lib64/python3.10/imp.py", line 170, in load_source
    module = _exec(spec, sys.modules[name])
  File "<frozen importlib._bootstrap>", line 619, in _exec
  File "<frozen importlib._bootstrap_external>", line 883, in exec_module
  File "<frozen importlib._bootstrap>", line 241, in _call_with_frames_removed
  File "passenger_wsgi.py", line 8, in <module>
    wsgi = imp.load_source('wsgi', 'passenger_wsgi.py')
  File "/opt/alt/python310/lib64/python3.10/imp.py", line 170, in load_source
    module = _exec(spec, sys.modules[name])
  File "<frozen importlib._bootstrap>", line 619, in _exec
  File "<frozen importlib._bootstrap_external>", line 883, in exec_module
  File "<frozen importlib._bootstrap>", line 241, in _call_with_frames_removed
  File "passenger_wsgi.py", line 8, in <module>
    wsgi = imp.load_source('wsgi', 'passenger_wsgi.py')
  File "/opt/alt/python310/lib64/python3.10/imp.py", line 170, in load_source
    module = _exec(spec, sys.modules[name])
  File "<frozen importlib._bootstrap>", line 619, in _exec
  File "<frozen importlib._bootstrap_external>", line 883, in exec_module
  File "<frozen importlib._bootstrap>", line 241, in _call_with_frames_removed
  File "passenger_wsgi.py", line 8, in <module>
    wsgi = imp.load_source('wsgi', 'passenger_wsgi.py')
  File "/opt/alt/python310/lib64/python3.10/imp.py", line 170, in load_source
    module = _exec(spec, sys.modules[name])
  File "<frozen importlib._bootstrap>", line 619, in _exec
  File "<frozen importlib._bootstrap_external>", line 883, in exec_module
  File "<frozen importlib._bootstrap>", line 241, in _call_with_frames_removed
  File "passenger_wsgi.py", line 8, in <module>
    wsgi = imp.load_source('wsgi', 'passenger_wsgi.py')
  File "/opt/alt/python310/lib64/python3.10/imp.py", line 170, in load_source
    module = _exec(spec, sys.modules[name])
  File "<frozen importlib._bootstrap>", line 619, in _exec
  File "<frozen importlib._bootstrap_external>", line 883, in exec_module
  File "<frozen importlib._bootstrap>", line 241, in _call_with_frames_removed
  File "passenger_wsgi.py", line 8, in <module>
    wsgi = imp.load_source('wsgi', 'passenger_wsgi.py')
  File "/opt/alt/python310/lib64/python3.10/imp.py", line 170, in load_source
    module = _exec(spec, sys.modules[name])
  File "<frozen importlib._bootstrap>", line 619, in _exec
  File "<frozen importlib._bootstrap_external>", line 883, in exec_module
  File "<frozen importlib._bootstrap>", line 241, in _call_with_frames_removed
  File "passenger_wsgi.py", line 8, in <module>
    wsgi = imp.load_source('wsgi', 'passenger_wsgi.py')
  File "/opt/alt/python310/lib64/python3.10/imp.py", line 170, in load_source
    module = _exec(spec, sys.modules[name])
  File "<frozen importlib._bootstrap>", line 619, in _exec
  File "<frozen importlib._bootstrap_external>", line 883, in exec_module
  File "<frozen importlib._bootstrap>", line 241, in _call_with_frames_removed
  File "passenger_wsgi.py", line 8, in <module>
    wsgi = imp.load_source('wsgi', 'passenger_wsgi.py')
  File "/opt/alt/python310/lib64/python3.10/imp.py", line 170, in load_source
    module = _exec(spec, sys.modules[name])
  File "<frozen importlib._bootstrap>", line 619, in _exec
  File "<frozen importlib._bootstrap_external>", line 883, in exec_module
  File "<frozen importlib._bootstrap>", line 241, in _call_with_frames_removed
  File "passenger_wsgi.py", line 8, in <module>
    wsgi = imp.load_source('wsgi', 'passenger_wsgi.py')
  File "/opt/alt/python310/lib64/python3.10/imp.py", line 170, in load_source
    module = _exec(spec, sys.modules[name])
  File "<frozen importlib._bootstrap>", line 619, in _exec
  File "<frozen importlib._bootstrap_external>", line 883, in exec_module
  File "<frozen importlib._bootstrap>", line 241, in _call_with_frames_removed
  File "passenger_wsgi.py", line 8, in <module>
    wsgi = imp.load_source('wsgi', 'passenger_wsgi.py')
  File "/opt/alt/python310/lib64/python3.10/imp.py", line 170, in load_source
    module = _exec(spec, sys.modules[name])
  File "<frozen importlib._bootstrap>", line 619, in _exec
  File "<frozen importlib._bootstrap_external>", line 883, in exec_module
  File "<frozen importlib._bootstrap>", line 241, in _call_with_frames_removed
  File "passenger_wsgi.py", line 8, in <module>
    wsgi = imp.load_source('wsgi', 'passenger_wsgi.py')
  File "/opt/alt/python310/lib64/python3.10/imp.py", line 170, in load_source
    module = _exec(spec, sys.modules[name])
  File "<frozen importlib._bootstrap>", line 619, in _exec
  File "<frozen importlib._bootstrap_external>", line 883, in exec_module
  File "<frozen importlib._bootstrap>", line 241, in _call_with_frames_removed
  File "passenger_wsgi.py", line 8, in <module>
    wsgi = imp.load_source('wsgi', 'passenger_wsgi.py')
  File "/opt/alt/python310/lib64/python3.10/imp.py", line 170, in load_source
    module = _exec(spec, sys.modules[name])
  File "<frozen importlib._bootstrap>", line 619, in _exec
  File "<frozen importlib._bootstrap_external>", line 883, in exec_module
  File "<frozen importlib._bootstrap>", line 241, in _call_with_frames_removed
  File "passenger_wsgi.py", line 8, in <module>
    wsgi = imp.load_source('wsgi', 'passenger_wsgi.py')
  File "/opt/alt/python310/lib64/python3.10/imp.py", line 170, in load_source
    module = _exec(spec, sys.modules[name])
  File "<frozen importlib._bootstrap>", line 619, in _exec
  File "<frozen importlib._bootstrap_external>", line 883, in exec_module
  File "<frozen importlib._bootstrap>", line 241, in _call_with_frames_removed
  File "passenger_wsgi.py", line 8, in <module>
    wsgi = imp.load_source('wsgi', 'passenger_wsgi.py')
  File "/opt/alt/python310/lib64/python3.10/imp.py", line 170, in load_source
    module = _exec(spec, sys.modules[name])
  File "<frozen importlib._bootstrap>", line 619, in _exec
  File "<frozen importlib._bootstrap_external>", line 883, in exec_module
  File "<frozen importlib._bootstrap>", line 241, in _call_with_frames_removed
  File "passenger_wsgi.py", line 8, in <module>
    wsgi = imp.load_source('wsgi', 'passenger_wsgi.py')
  File "/opt/alt/python310/lib64/python3.10/imp.py", line 170, in load_source
    module = _exec(spec, sys.modules[name])
  File "<frozen importlib._bootstrap>", line 619, in _exec
  File "<frozen importlib._bootstrap_external>", line 883, in exec_module
  File "<frozen importlib._bootstrap>", line 241, in _call_with_frames_removed
  File "passenger_wsgi.py", line 8, in <module>
    wsgi = imp.load_source('wsgi', 'passenger_wsgi.py')
  File "/opt/alt/python310/lib64/python3.10/imp.py", line 170, in load_source
    module = _exec(spec, sys.modules[name])
  File "<frozen importlib._bootstrap>", line 619, in _exec
  File "<frozen importlib._bootstrap_external>", line 883, in exec_module
  File "<frozen importlib._bootstrap>", line 241, in _call_with_frames_removed
  File "passenger_wsgi.py", line 8, in <module>
    wsgi = imp.load_source('wsgi', 'passenger_wsgi.py')
  File "/opt/alt/python310/lib64/python3.10/imp.py", line 170, in load_source
    module = _exec(spec, sys.modules[name])
  File "<frozen importlib._bootstrap>", line 619, in _exec
  File "<frozen importlib._bootstrap_external>", line 883, in exec_module
  File "<frozen importlib._bootstrap>", line 241, in _call_with_frames_removed
  File "passenger_wsgi.py", line 8, in <module>
    wsgi = imp.load_source('wsgi', 'passenger_wsgi.py')
  File "/opt/alt/python310/lib64/python3.10/imp.py", line 170, in load_source
    module = _exec(spec, sys.modules[name])
  File "<frozen importlib._bootstrap>", line 619, in _exec
  File "<frozen importlib._bootstrap_external>", line 883, in exec_module
  File "<frozen importlib._bootstrap>", line 241, in _call_with_frames_removed
  File "passenger_wsgi.py", line 8, in <module>
    wsgi = imp.load_source('wsgi', 'passenger_wsgi.py')
  File "/opt/alt/python310/lib64/python3.10/imp.py", line 170, in load_source
    module = _exec(spec, sys.modules[name])
  File "<frozen importlib._bootstrap>", line 619, in _exec
  File "<frozen importlib._bootstrap_external>", line 883, in exec_module
  File "<frozen importlib._bootstrap>", line 241, in _call_with_frames_removed
  File "passenger_wsgi.py", line 8, in <module>
    wsgi = imp.load_source('wsgi', 'passenger_wsgi.py')
  File "/opt/alt/python310/lib64/python3.10/imp.py", line 170, in load_source
    module = _exec(spec, sys.modules[name])
  File "<frozen importlib._bootstrap>", line 619, in _exec
  File "<frozen importlib._bootstrap_external>", line 883, in exec_module
  File "<frozen importlib._bootstrap>", line 241, in _call_with_frames_removed
  File "passenger_wsgi.py", line 8, in <module>
    wsgi = imp.load_source('wsgi', 'passenger_wsgi.py')
  File "/opt/alt/python310/lib64/python3.10/imp.py", line 170, in load_source
    module = _exec(spec, sys.modules[name])
  File "<frozen importlib._bootstrap>", line 619, in _exec
  File "<frozen importlib._bootstrap_external>", line 883, in exec_module
  File "<frozen importlib._bootstrap>", line 241, in _call_with_frames_removed
  File "passenger_wsgi.py", line 8, in <module>
    wsgi = imp.load_source('wsgi', 'passenger_wsgi.py')
  File "/opt/alt/python310/lib64/python3.10/imp.py", line 170, in load_source
    module = _exec(spec, sys.modules[name])
  File "<frozen importlib._bootstrap>", line 619, in _exec
  File "<frozen importlib._bootstrap_external>", line 883, in exec_module
  File "<frozen importlib._bootstrap>", line 241, in _call_with_frames_removed
  File "passenger_wsgi.py", line 8, in <module>
    wsgi = imp.load_source('wsgi', 'passenger_wsgi.py')
  File "/opt/alt/python310/lib64/python3.10/imp.py", line 170, in load_source
    module = _exec(spec, sys.modules[name])
  File "<frozen importlib._bootstrap>", line 619, in _exec
  File "<frozen importlib._bootstrap_external>", line 883, in exec_module
  File "<frozen importlib._bootstrap>", line 241, in _call_with_frames_removed
  File "passenger_wsgi.py", line 8, in <module>
    wsgi = imp.load_source('wsgi', 'passenger_wsgi.py')
  File "/opt/alt/python310/lib64/python3.10/imp.py", line 170, in load_source
    module = _exec(spec, sys.modules[name])
  File "<frozen importlib._bootstrap>", line 619, in _exec
  File "<frozen importlib._bootstrap_external>", line 883, in exec_module
  File "<frozen importlib._bootstrap>", line 241, in _call_with_frames_removed
  File "passenger_wsgi.py", line 8, in <module>
    wsgi = imp.load_source('wsgi', 'passenger_wsgi.py')
  File "/opt/alt/python310/lib64/python3.10/imp.py", line 170, in load_source
    module = _exec(spec, sys.modules[name])
  File "<frozen importlib._bootstrap>", line 619, in _exec
  File "<frozen importlib._bootstrap_external>", line 883, in exec_module
  File "<frozen importlib._bootstrap>", line 241, in _call_with_frames_removed
  File "passenger_wsgi.py", line 8, in <module>
    wsgi = imp.load_source('wsgi', 'passenger_wsgi.py')
  File "/opt/alt/python310/lib64/python3.10/imp.py", line 170, in load_source
    module = _exec(spec, sys.modules[name])
  File "<frozen importlib._bootstrap>", line 619, in _exec
  File "<frozen importlib._bootstrap_external>", line 883, in exec_module
  File "<frozen importlib._bootstrap>", line 241, in _call_with_frames_removed
  File "passenger_wsgi.py", line 8, in <module>
    wsgi = imp.load_source('wsgi', 'passenger_wsgi.py')
  File "/opt/alt/python310/lib64/python3.10/imp.py", line 170, in load_source
    module = _exec(spec, sys.modules[name])
  File "<frozen importlib._bootstrap>", line 619, in _exec
  File "<frozen importlib._bootstrap_external>", line 883, in exec_module
  File "<frozen importlib._bootstrap>", line 241, in _call_with_frames_removed
  File "passenger_wsgi.py", line 8, in <module>
    wsgi = imp.load_source('wsgi', 'passenger_wsgi.py')
  File "/opt/alt/python310/lib64/python3.10/imp.py", line 170, in load_source
    module = _exec(spec, sys.modules[name])
  File "<frozen importlib._bootstrap>", line 619, in _exec
  File "<frozen importlib._bootstrap_external>", line 883, in exec_module
  File "<frozen importlib._bootstrap>", line 241, in _call_with_frames_removed
  File "passenger_wsgi.py", line 8, in <module>
    wsgi = imp.load_source('wsgi', 'passenger_wsgi.py')
  File "/opt/alt/python310/lib64/python3.10/imp.py", line 170, in load_source
    module = _exec(spec, sys.modules[name])
  File "<frozen importlib._bootstrap>", line 619, in _exec
  File "<frozen importlib._bootstrap_external>", line 883, in exec_module
  File "<frozen importlib._bootstrap>", line 241, in _call_with_frames_removed
  File "passenger_wsgi.py", line 8, in <module>
    wsgi = imp.load_source('wsgi', 'passenger_wsgi.py')
  File "/opt/alt/python310/lib64/python3.10/imp.py", line 170, in load_source
    module = _exec(spec, sys.modules[name])
  File "<frozen importlib._bootstrap>", line 619, in _exec
  File "<frozen importlib._bootstrap_external>", line 883, in exec_module
  File "<frozen importlib._bootstrap>", line 241, in _call_with_frames_removed
  File "passenger_wsgi.py", line 8, in <module>
    wsgi = imp.load_source('wsgi', 'passenger_wsgi.py')
  File "/opt/alt/python310/lib64/python3.10/imp.py", line 170, in load_source
    module = _exec(spec, sys.modules[name])
  File "<frozen importlib._bootstrap>", line 619, in _exec
  File "<frozen importlib._bootstrap_external>", line 883, in exec_module
  File "<frozen importlib._bootstrap>", line 241, in _call_with_frames_removed
  File "passenger_wsgi.py", line 8, in <module>
    wsgi = imp.load_source('wsgi', 'passenger_wsgi.py')
  File "/opt/alt/python310/lib64/python3.10/imp.py", line 170, in load_source
    module = _exec(spec, sys.modules[name])
  File "<frozen importlib._bootstrap>", line 619, in _exec
  File "<frozen importlib._bootstrap_external>", line 883, in exec_module
  File "<frozen importlib._bootstrap>", line 241, in _call_with_frames_removed
  File "passenger_wsgi.py", line 8, in <module>
    wsgi = imp.load_source('wsgi', 'passenger_wsgi.py')
  File "/opt/alt/python310/lib64/python3.10/imp.py", line 170, in load_source
    module = _exec(spec, sys.modules[name])
  File "<frozen importlib._bootstrap>", line 619, in _exec
  File "<frozen importlib._bootstrap_external>", line 883, in exec_module
  File "<frozen importlib._bootstrap>", line 241, in _call_with_frames_removed
  File "passenger_wsgi.py", line 8, in <module>
    wsgi = imp.load_source('wsgi', 'passenger_wsgi.py')
  File "/opt/alt/python310/lib64/python3.10/imp.py", line 170, in load_source
    module = _exec(spec, sys.modules[name])
  File "<frozen importlib._bootstrap>", line 619, in _exec
  File "<frozen importlib._bootstrap_external>", line 883, in exec_module
  File "<frozen importlib._bootstrap>", line 241, in _call_with_frames_removed
  File "passenger_wsgi.py", line 8, in <module>
    wsgi = imp.load_source('wsgi', 'passenger_wsgi.py')
  File "/opt/alt/python310/lib64/python3.10/imp.py", line 170, in load_source
    module = _exec(spec, sys.modules[name])
  File "<frozen importlib._bootstrap>", line 619, in _exec
  File "<frozen importlib._bootstrap_external>", line 883, in exec_module
  File "<frozen importlib._bootstrap>", line 241, in _call_with_frames_removed
  File "passenger_wsgi.py", line 8, in <module>
    wsgi = imp.load_source('wsgi', 'passenger_wsgi.py')
  File "/opt/alt/python310/lib64/python3.10/imp.py", line 170, in load_source
    module = _exec(spec, sys.modules[name])
  File "<frozen importlib._bootstrap>", line 619, in _exec
  File "<frozen importlib._bootstrap_external>", line 883, in exec_module
  File "<frozen importlib._bootstrap>", line 241, in _call_with_frames_removed
  File "passenger_wsgi.py", line 8, in <module>
    wsgi = imp.load_source('wsgi', 'passenger_wsgi.py')
  File "/opt/alt/python310/lib64/python3.10/imp.py", line 170, in load_source
    module = _exec(spec, sys.modules[name])
  File "<frozen importlib._bootstrap>", line 619, in _exec
  File "<frozen importlib._bootstrap_external>", line 883, in exec_module
  File "<frozen importlib._bootstrap>", line 241, in _call_with_frames_removed
  File "passenger_wsgi.py", line 8, in <module>
    wsgi = imp.load_source('wsgi', 'passenger_wsgi.py')
  File "/opt/alt/python310/lib64/python3.10/imp.py", line 170, in load_source
    module = _exec(spec, sys.modules[name])
  File "<frozen importlib._bootstrap>", line 619, in _exec
  File "<frozen importlib._bootstrap_external>", line 883, in exec_module
  File "<frozen importlib._bootstrap>", line 241, in _call_with_frames_removed
  File "passenger_wsgi.py", line 8, in <module>
    wsgi = imp.load_source('wsgi', 'passenger_wsgi.py')
  File "/opt/alt/python310/lib64/python3.10/imp.py", line 170, in load_source
    module = _exec(spec, sys.modules[name])
  File "<frozen importlib._bootstrap>", line 619, in _exec
  File "<frozen importlib._bootstrap_external>", line 883, in exec_module
  File "<frozen importlib._bootstrap>", line 241, in _call_with_frames_removed
  File "passenger_wsgi.py", line 8, in <module>
    wsgi = imp.load_source('wsgi', 'passenger_wsgi.py')
  File "/opt/alt/python310/lib64/python3.10/imp.py", line 170, in load_source
    module = _exec(spec, sys.modules[name])
  File "<frozen importlib._bootstrap>", line 619, in _exec
  File "<frozen importlib._bootstrap_external>", line 883, in exec_module
  File "<frozen importlib._bootstrap>", line 241, in _call_with_frames_removed
  File "passenger_wsgi.py", line 8, in <module>
    wsgi = imp.load_source('wsgi', 'passenger_wsgi.py')
  File "/opt/alt/python310/lib64/python3.10/imp.py", line 170, in load_source
    module = _exec(spec, sys.modules[name])
  File "<frozen importlib._bootstrap>", line 619, in _exec
  File "<frozen importlib._bootstrap_external>", line 883, in exec_module
  File "<frozen importlib._bootstrap>", line 241, in _call_with_frames_removed
  File "passenger_wsgi.py", line 8, in <module>
    wsgi = imp.load_source('wsgi', 'passenger_wsgi.py')
  File "/opt/alt/python310/lib64/python3.10/imp.py", line 170, in load_source
    module = _exec(spec, sys.modules[name])
  File "<frozen importlib._bootstrap>", line 619, in _exec
  File "<frozen importlib._bootstrap_external>", line 883, in exec_module
  File "<frozen importlib._bootstrap>", line 241, in _call_with_frames_removed
  File "passenger_wsgi.py", line 8, in <module>
    wsgi = imp.load_source('wsgi', 'passenger_wsgi.py')
  File "/opt/alt/python310/lib64/python3.10/imp.py", line 170, in load_source
    module = _exec(spec, sys.modules[name])
  File "<frozen importlib._bootstrap>", line 619, in _exec
  File "<frozen importlib._bootstrap_external>", line 883, in exec_module
  File "<frozen importlib._bootstrap>", line 241, in _call_with_frames_removed
  File "passenger_wsgi.py", line 8, in <module>
    wsgi = imp.load_source('wsgi', 'passenger_wsgi.py')
  File "/opt/alt/python310/lib64/python3.10/imp.py", line 170, in load_source
    module = _exec(spec, sys.modules[name])
  File "<frozen importlib._bootstrap>", line 619, in _exec
  File "<frozen importlib._bootstrap_external>", line 883, in exec_module
  File "<frozen importlib._bootstrap>", line 241, in _call_with_frames_removed
  File "passenger_wsgi.py", line 8, in <module>
    wsgi = imp.load_source('wsgi', 'passenger_wsgi.py')
  File "/opt/alt/python310/lib64/python3.10/imp.py", line 170, in load_source
    module = _exec(spec, sys.modules[name])
  File "<frozen importlib._bootstrap>", line 619, in _exec
  File "<frozen importlib._bootstrap_external>", line 883, in exec_module
  File "<frozen importlib._bootstrap>", line 241, in _call_with_frames_removed
  File "passenger_wsgi.py", line 8, in <module>
    wsgi = imp.load_source('wsgi', 'passenger_wsgi.py')
  File "/opt/alt/python310/lib64/python3.10/imp.py", line 170, in load_source
    module = _exec(spec, sys.modules[name])
  File "<frozen importlib._bootstrap>", line 619, in _exec
  File "<frozen importlib._bootstrap_external>", line 883, in exec_module
  File "<frozen importlib._bootstrap>", line 241, in _call_with_frames_removed
  File "passenger_wsgi.py", line 8, in <module>
    wsgi = imp.load_source('wsgi', 'passenger_wsgi.py')
  File "/opt/alt/python310/lib64/python3.10/imp.py", line 170, in load_source
    module = _exec(spec, sys.modules[name])
  File "<frozen importlib._bootstrap>", line 612, in _exec
  File "<frozen importlib._bootstrap>", line 556, in _init_module_attrs
  File "<frozen importlib._bootstrap>", line 397, in cached
  File "<frozen importlib._bootstrap_external>", line 513, in _get_cached
  File "<frozen importlib._bootstrap_external>", line 406, in cache_from_source
  File "<frozen importlib._bootstrap_external>", line 134, in _path_split
RecursionError: maximum recursion depth exceeded
[UID:1969][3557468] Child process with pid: 3557491 was killed by signal: 15, core dumped: no
Traceback (most recent call last):
  File "/home/bslimted/apps/passenger_wsgi.py", line 8, in <module>
    wsgi = imp.load_source('wsgi', 'passenger_wsgi.py')
  File "/opt/alt/python310/lib64/python3.10/imp.py", line 172, in load_source
    module = _load(spec)
  File "<frozen importlib._bootstrap>", line 719, in _load
  File "<frozen importlib._bootstrap>", line 688, in _load_unlocked
  File "<frozen importlib._bootstrap_external>", line 883, in exec_module
  File "<frozen importlib._bootstrap>", line 241, in _call_with_frames_removed
  File "passenger_wsgi.py", line 8, in <module>
    wsgi = imp.load_source('wsgi', 'passenger_wsgi.py')
  File "/opt/alt/python310/lib64/python3.10/imp.py", line 170, in load_source
    module = _exec(spec, sys.modules[name])
  File "<frozen importlib._bootstrap>", line 619, in _exec
  File "<frozen importlib._bootstrap_external>", line 883, in exec_module
  File "<frozen importlib._bootstrap>", line 241, in _call_with_frames_removed
  File "passenger_wsgi.py", line 8, in <module>
    wsgi = imp.load_source('wsgi', 'passenger_wsgi.py')
  File "/opt/alt/python310/lib64/python3.10/imp.py", line 170, in load_source
    module = _exec(spec, sys.modules[name])
  File "<frozen importlib._bootstrap>", line 619, in _exec
  File "<frozen importlib._bootstrap_external>", line 883, in exec_module
  File "<frozen importlib._bootstrap>", line 241, in _call_with_frames_removed
  File "passenger_wsgi.py", line 8, in <module>
    wsgi = imp.load_source('wsgi', 'passenger_wsgi.py')
  File "/opt/alt/python310/lib64/python3.10/imp.py", line 170, in load_source
    module = _exec(spec, sys.modules[name])
  File "<frozen importlib._bootstrap>", line 619, in _exec
  File "<frozen importlib._bootstrap_external>", line 883, in exec_module
  File "<frozen importlib._bootstrap>", line 241, in _call_with_frames_removed
  File "passenger_wsgi.py", line 8, in <module>
    wsgi = imp.load_source('wsgi', 'passenger_wsgi.py')
  File "/opt/alt/python310/lib64/python3.10/imp.py", line 170, in load_source
    module = _exec(spec, sys.modules[name])
  File "<frozen importlib._bootstrap>", line 619, in _exec
  File "<frozen importlib._bootstrap_external>", line 883, in exec_module
  File "<frozen importlib._bootstrap>", line 241, in _call_with_frames_removed
  File "passenger_wsgi.py", line 8, in <module>
    wsgi = imp.load_source('wsgi', 'passenger_wsgi.py')
  File "/opt/alt/python310/lib64/python3.10/imp.py", line 170, in load_source
    module = _exec(spec, sys.modules[name])
  File "<frozen importlib._bootstrap>", line 619, in _exec
  File "<frozen importlib._bootstrap_external>", line 883, in exec_module
  File "<frozen importlib._bootstrap>", line 241, in _call_with_frames_removed
  File "passenger_wsgi.py", line 8, in <module>
    wsgi = imp.load_source('wsgi', 'passenger_wsgi.py')
  File "/opt/alt/python310/lib64/python3.10/imp.py", line 170, in load_source
    module = _exec(spec, sys.modules[name])
  File "<frozen importlib._bootstrap>", line 619, in _exec
  File "<frozen importlib._bootstrap_external>", line 883, in exec_module
  File "<frozen importlib._bootstrap>", line 241, in _call_with_frames_removed
  File "passenger_wsgi.py", line 8, in <module>
    wsgi = imp.load_source('wsgi', 'passenger_wsgi.py')
  File "/opt/alt/python310/lib64/python3.10/imp.py", line 170, in load_source
    module = _exec(spec, sys.modules[name])
  File "<frozen importlib._bootstrap>", line 619, in _exec
  File "<frozen importlib._bootstrap_external>", line 883, in exec_module
  File "<frozen importlib._bootstrap>", line 241, in _call_with_frames_removed
  File "passenger_wsgi.py", line 8, in <module>
    wsgi = imp.load_source('wsgi', 'passenger_wsgi.py')
  File "/opt/alt/python310/lib64/python3.10/imp.py", line 170, in load_source
    module = _exec(spec, sys.modules[name])
  File "<frozen importlib._bootstrap>", line 619, in _exec
  File "<frozen importlib._bootstrap_external>", line 883, in exec_module
  File "<frozen importlib._bootstrap>", line 241, in _call_with_frames_removed
  File "passenger_wsgi.py", line 8, in <module>
    wsgi = imp.load_source('wsgi', 'passenger_wsgi.py')
  File "/opt/alt/python310/lib64/python3.10/imp.py", line 170, in load_source
    module = _exec(spec, sys.modules[name])
  File "<frozen importlib._bootstrap>", line 619, in _exec
  File "<frozen importlib._bootstrap_external>", line 883, in exec_module
  File "<frozen importlib._bootstrap>", line 241, in _call_with_frames_removed
  File "passenger_wsgi.py", line 8, in <module>
    wsgi = imp.load_source('wsgi', 'passenger_wsgi.py')
  File "/opt/alt/python310/lib64/python3.10/imp.py", line 170, in load_source
    module = _exec(spec, sys.modules[name])
  File "<frozen importlib._bootstrap>", line 619, in _exec
  File "<frozen importlib._bootstrap_external>", line 883, in exec_module
  File "<frozen importlib._bootstrap>", line 241, in _call_with_frames_removed
  File "passenger_wsgi.py", line 8, in <module>
    wsgi = imp.load_source('wsgi', 'passenger_wsgi.py')
  File "/opt/alt/python310/lib64/python3.10/imp.py", line 170, in load_source
    module = _exec(spec, sys.modules[name])
  File "<frozen importlib._bootstrap>", line 619, in _exec
  File "<frozen importlib._bootstrap_external>", line 883, in exec_module
  File "<frozen importlib._bootstrap>", line 241, in _call_with_frames_removed
  File "passenger_wsgi.py", line 8, in <module>
    wsgi = imp.load_source('wsgi', 'passenger_wsgi.py')
  File "/opt/alt/python310/lib64/python3.10/imp.py", line 170, in load_source
    module = _exec(spec, sys.modules[name])
  File "<frozen importlib._bootstrap>", line 619, in _exec
  File "<frozen importlib._bootstrap_external>", line 883, in exec_module
  File "<frozen importlib._bootstrap>", line 241, in _call_with_frames_removed
  File "passenger_wsgi.py", line 8, in <module>
    wsgi = imp.load_source('wsgi', 'passenger_wsgi.py')
  File "/opt/alt/python310/lib64/python3.10/imp.py", line 170, in load_source
    module = _exec(spec, sys.modules[name])
  File "<frozen importlib._bootstrap>", line 619, in _exec
  File "<frozen importlib._bootstrap_external>", line 883, in exec_module
  File "<frozen importlib._bootstrap>", line 241, in _call_with_frames_removed
  File "passenger_wsgi.py", line 8, in <module>
    wsgi = imp.load_source('wsgi', 'passenger_wsgi.py')
  File "/opt/alt/python310/lib64/python3.10/imp.py", line 170, in load_source
    module = _exec(spec, sys.modules[name])
  File "<frozen importlib._bootstrap>", line 619, in _exec
  File "<frozen importlib._bootstrap_external>", line 883, in exec_module
  File "<frozen importlib._bootstrap>", line 241, in _call_with_frames_removed
  File "passenger_wsgi.py", line 8, in <module>
    wsgi = imp.load_source('wsgi', 'passenger_wsgi.py')
  File "/opt/alt/python310/lib64/python3.10/imp.py", line 170, in load_source
    module = _exec(spec, sys.modules[name])
  File "<frozen importlib._bootstrap>", line 619, in _exec
  File "<frozen importlib._bootstrap_external>", line 883, in exec_module
  File "<frozen importlib._bootstrap>", line 241, in _call_with_frames_removed
  File "passenger_wsgi.py", line 8, in <module>
    wsgi = imp.load_source('wsgi', 'passenger_wsgi.py')
  File "/opt/alt/python310/lib64/python3.10/imp.py", line 170, in load_source
    module = _exec(spec, sys.modules[name])
  File "<frozen importlib._bootstrap>", line 619, in _exec
  File "<frozen importlib._bootstrap_external>", line 883, in exec_module
  File "<frozen importlib._bootstrap>", line 241, in _call_with_frames_removed
  File "passenger_wsgi.py", line 8, in <module>
    wsgi = imp.load_source('wsgi', 'passenger_wsgi.py')
  File "/opt/alt/python310/lib64/python3.10/imp.py", line 170, in load_source
    module = _exec(spec, sys.modules[name])
  File "<frozen importlib._bootstrap>", line 619, in _exec
  File "<frozen importlib._bootstrap_external>", line 883, in exec_module
  File "<frozen importlib._bootstrap>", line 241, in _call_with_frames_removed
  File "passenger_wsgi.py", line 8, in <module>
    wsgi = imp.load_source('wsgi', 'passenger_wsgi.py')
  File "/opt/alt/python310/lib64/python3.10/imp.py", line 170, in load_source
    module = _exec(spec, sys.modules[name])
  File "<frozen importlib._bootstrap>", line 619, in _exec
  File "<frozen importlib._bootstrap_external>", line 883, in exec_module
  File "<frozen importlib._bootstrap>", line 241, in _call_with_frames_removed
  File "passenger_wsgi.py", line 8, in <module>
    wsgi = imp.load_source('wsgi', 'passenger_wsgi.py')
  File "/opt/alt/python310/lib64/python3.10/imp.py", line 170, in load_source
    module = _exec(spec, sys.modules[name])
  File "<frozen importlib._bootstrap>", line 619, in _exec
  File "<frozen importlib._bootstrap_external>", line 883, in exec_module
  File "<frozen importlib._bootstrap>", line 241, in _call_with_frames_removed
  File "passenger_wsgi.py", line 8, in <module>
    wsgi = imp.load_source('wsgi', 'passenger_wsgi.py')
  File "/opt/alt/python310/lib64/python3.10/imp.py", line 170, in load_source
    module = _exec(spec, sys.modules[name])
  File "<frozen importlib._bootstrap>", line 619, in _exec
  File "<frozen importlib._bootstrap_external>", line 883, in exec_module
  File "<frozen importlib._bootstrap>", line 241, in _call_with_frames_removed
  File "passenger_wsgi.py", line 8, in <module>
    wsgi = imp.load_source('wsgi', 'passenger_wsgi.py')
  File "/opt/alt/python310/lib64/python3.10/imp.py", line 170, in load_source
    module = _exec(spec, sys.modules[name])
  File "<frozen importlib._bootstrap>", line 619, in _exec
  File "<frozen importlib._bootstrap_external>", line 883, in exec_module
  File "<frozen importlib._bootstrap>", line 241, in _call_with_frames_removed
  File "passenger_wsgi.py", line 8, in <module>
    wsgi = imp.load_source('wsgi', 'passenger_wsgi.py')
  File "/opt/alt/python310/lib64/python3.10/imp.py", line 170, in load_source
    module = _exec(spec, sys.modules[name])
  File "<frozen importlib._bootstrap>", line 619, in _exec
  File "<frozen importlib._bootstrap_external>", line 883, in exec_module
  File "<frozen importlib._bootstrap>", line 241, in _call_with_frames_removed
  File "passenger_wsgi.py", line 8, in <module>
    wsgi = imp.load_source('wsgi', 'passenger_wsgi.py')
  File "/opt/alt/python310/lib64/python3.10/imp.py", line 170, in load_source
    module = _exec(spec, sys.modules[name])
  File "<frozen importlib._bootstrap>", line 619, in _exec
  File "<frozen importlib._bootstrap_external>", line 883, in exec_module
  File "<frozen importlib._bootstrap>", line 241, in _call_with_frames_removed
  File "passenger_wsgi.py", line 8, in <module>
    wsgi = imp.load_source('wsgi', 'passenger_wsgi.py')
  File "/opt/alt/python310/lib64/python3.10/imp.py", line 170, in load_source
    module = _exec(spec, sys.modules[name])
  File "<frozen importlib._bootstrap>", line 619, in _exec
  File "<frozen importlib._bootstrap_external>", line 883, in exec_module
  File "<frozen importlib._bootstrap>", line 241, in _call_with_frames_removed
  File "passenger_wsgi.py", line 8, in <module>
    wsgi = imp.load_source('wsgi', 'passenger_wsgi.py')
  File "/opt/alt/python310/lib64/python3.10/imp.py", line 170, in load_source
    module = _exec(spec, sys.modules[name])
  File "<frozen importlib._bootstrap>", line 619, in _exec
  File "<frozen importlib._bootstrap_external>", line 883, in exec_module
  File "<frozen importlib._bootstrap>", line 241, in _call_with_frames_removed
  File "passenger_wsgi.py", line 8, in <module>
    wsgi = imp.load_source('wsgi', 'passenger_wsgi.py')
  File "/opt/alt/python310/lib64/python3.10/imp.py", line 170, in load_source
    module = _exec(spec, sys.modules[name])
  File "<frozen importlib._bootstrap>", line 619, in _exec
  File "<frozen importlib._bootstrap_external>", line 883, in exec_module
  File "<frozen importlib._bootstrap>", line 241, in _call_with_frames_removed
  File "passenger_wsgi.py", line 8, in <module>
    wsgi = imp.load_source('wsgi', 'passenger_wsgi.py')
  File "/opt/alt/python310/lib64/python3.10/imp.py", line 170, in load_source
    module = _exec(spec, sys.modules[name])
  File "<frozen importlib._bootstrap>", line 619, in _exec
  File "<frozen importlib._bootstrap_external>", line 883, in exec_module
  File "<frozen importlib._bootstrap>", line 241, in _call_with_frames_removed
  File "passenger_wsgi.py", line 8, in <module>
    wsgi = imp.load_source('wsgi', 'passenger_wsgi.py')
  File "/opt/alt/python310/lib64/python3.10/imp.py", line 170, in load_source
    module = _exec(spec, sys.modules[name])
  File "<frozen importlib._bootstrap>", line 619, in _exec
  File "<frozen importlib._bootstrap_external>", line 883, in exec_module
  File "<frozen importlib._bootstrap>", line 241, in _call_with_frames_removed
  File "passenger_wsgi.py", line 8, in <module>
    wsgi = imp.load_source('wsgi', 'passenger_wsgi.py')
  File "/opt/alt/python310/lib64/python3.10/imp.py", line 170, in load_source
    module = _exec(spec, sys.modules[name])
  File "<frozen importlib._bootstrap>", line 619, in _exec
  File "<frozen importlib._bootstrap_external>", line 883, in exec_module
  File "<frozen importlib._bootstrap>", line 241, in _call_with_frames_removed
  File "passenger_wsgi.py", line 8, in <module>
    wsgi = imp.load_source('wsgi', 'passenger_wsgi.py')
  File "/opt/alt/python310/lib64/python3.10/imp.py", line 170, in load_source
    module = _exec(spec, sys.modules[name])
  File "<frozen importlib._bootstrap>", line 619, in _exec
  File "<frozen importlib._bootstrap_external>", line 883, in exec_module
  File "<frozen importlib._bootstrap>", line 241, in _call_with_frames_removed
  File "passenger_wsgi.py", line 8, in <module>
    wsgi = imp.load_source('wsgi', 'passenger_wsgi.py')
  File "/opt/alt/python310/lib64/python3.10/imp.py", line 170, in load_source
    module = _exec(spec, sys.modules[name])
  File "<frozen importlib._bootstrap>", line 619, in _exec
  File "<frozen importlib._bootstrap_external>", line 883, in exec_module
  File "<frozen importlib._bootstrap>", line 241, in _call_with_frames_removed
  File "passenger_wsgi.py", line 8, in <module>
    wsgi = imp.load_source('wsgi', 'passenger_wsgi.py')
  File "/opt/alt/python310/lib64/python3.10/imp.py", line 170, in load_source
    module = _exec(spec, sys.modules[name])
  File "<frozen importlib._bootstrap>", line 619, in _exec
  File "<frozen importlib._bootstrap_external>", line 883, in exec_module
  File "<frozen importlib._bootstrap>", line 241, in _call_with_frames_removed
  File "passenger_wsgi.py", line 8, in <module>
    wsgi = imp.load_source('wsgi', 'passenger_wsgi.py')
  File "/opt/alt/python310/lib64/python3.10/imp.py", line 170, in load_source
    module = _exec(spec, sys.modules[name])
  File "<frozen importlib._bootstrap>", line 619, in _exec
  File "<frozen importlib._bootstrap_external>", line 883, in exec_module
  File "<frozen importlib._bootstrap>", line 241, in _call_with_frames_removed
  File "passenger_wsgi.py", line 8, in <module>
    wsgi = imp.load_source('wsgi', 'passenger_wsgi.py')
  File "/opt/alt/python310/lib64/python3.10/imp.py", line 170, in load_source
    module = _exec(spec, sys.modules[name])
  File "<frozen importlib._bootstrap>", line 619, in _exec
  File "<frozen importlib._bootstrap_external>", line 883, in exec_module
  File "<frozen importlib._bootstrap>", line 241, in _call_with_frames_removed
  File "passenger_wsgi.py", line 8, in <module>
    wsgi = imp.load_source('wsgi', 'passenger_wsgi.py')
  File "/opt/alt/python310/lib64/python3.10/imp.py", line 170, in load_source
    module = _exec(spec, sys.modules[name])
  File "<frozen importlib._bootstrap>", line 619, in _exec
  File "<frozen importlib._bootstrap_external>", line 883, in exec_module
  File "<frozen importlib._bootstrap>", line 241, in _call_with_frames_removed
  File "passenger_wsgi.py", line 8, in <module>
    wsgi = imp.load_source('wsgi', 'passenger_wsgi.py')
  File "/opt/alt/python310/lib64/python3.10/imp.py", line 170, in load_source
    module = _exec(spec, sys.modules[name])
  File "<frozen importlib._bootstrap>", line 619, in _exec
  File "<frozen importlib._bootstrap_external>", line 883, in exec_module
  File "<frozen importlib._bootstrap>", line 241, in _call_with_frames_removed
  File "passenger_wsgi.py", line 8, in <module>
    wsgi = imp.load_source('wsgi', 'passenger_wsgi.py')
  File "/opt/alt/python310/lib64/python3.10/imp.py", line 170, in load_source
    module = _exec(spec, sys.modules[name])
  File "<frozen importlib._bootstrap>", line 619, in _exec
  File "<frozen importlib._bootstrap_external>", line 883, in exec_module
  File "<frozen importlib._bootstrap>", line 241, in _call_with_frames_removed
  File "passenger_wsgi.py", line 8, in <module>
    wsgi = imp.load_source('wsgi', 'passenger_wsgi.py')
  File "/opt/alt/python310/lib64/python3.10/imp.py", line 170, in load_source
    module = _exec(spec, sys.modules[name])
  File "<frozen importlib._bootstrap>", line 619, in _exec
  File "<frozen importlib._bootstrap_external>", line 883, in exec_module
  File "<frozen importlib._bootstrap>", line 241, in _call_with_frames_removed
  File "passenger_wsgi.py", line 8, in <module>
    wsgi = imp.load_source('wsgi', 'passenger_wsgi.py')
  File "/opt/alt/python310/lib64/python3.10/imp.py", line 170, in load_source
    module = _exec(spec, sys.modules[name])
  File "<frozen importlib._bootstrap>", line 619, in _exec
  File "<frozen importlib._bootstrap_external>", line 883, in exec_module
  File "<frozen importlib._bootstrap>", line 241, in _call_with_frames_removed
  File "passenger_wsgi.py", line 8, in <module>
    wsgi = imp.load_source('wsgi', 'passenger_wsgi.py')
  File "/opt/alt/python310/lib64/python3.10/imp.py", line 170, in load_source
    module = _exec(spec, sys.modules[name])
  File "<frozen importlib._bootstrap>", line 619, in _exec
  File "<frozen importlib._bootstrap_external>", line 883, in exec_module
  File "<frozen importlib._bootstrap>", line 241, in _call_with_frames_removed
  File "passenger_wsgi.py", line 8, in <module>
    wsgi = imp.load_source('wsgi', 'passenger_wsgi.py')
  File "/opt/alt/python310/lib64/python3.10/imp.py", line 170, in load_source
    module = _exec(spec, sys.modules[name])
  File "<frozen importlib._bootstrap>", line 619, in _exec
  File "<frozen importlib._bootstrap_external>", line 883, in exec_module
  File "<frozen importlib._bootstrap>", line 241, in _call_with_frames_removed
  File "passenger_wsgi.py", line 8, in <module>
    wsgi = imp.load_source('wsgi', 'passenger_wsgi.py')
  File "/opt/alt/python310/lib64/python3.10/imp.py", line 170, in load_source
    module = _exec(spec, sys.modules[name])
  File "<frozen importlib._bootstrap>", line 619, in _exec
  File "<frozen importlib._bootstrap_external>", line 883, in exec_module
  File "<frozen importlib._bootstrap>", line 241, in _call_with_frames_removed
  File "passenger_wsgi.py", line 8, in <module>
    wsgi = imp.load_source('wsgi', 'passenger_wsgi.py')
  File "/opt/alt/python310/lib64/python3.10/imp.py", line 170, in load_source
    module = _exec(spec, sys.modules[name])
  File "<frozen importlib._bootstrap>", line 619, in _exec
  File "<frozen importlib._bootstrap_external>", line 883, in exec_module
  File "<frozen importlib._bootstrap>", line 241, in _call_with_frames_removed
  File "passenger_wsgi.py", line 8, in <module>
    wsgi = imp.load_source('wsgi', 'passenger_wsgi.py')
  File "/opt/alt/python310/lib64/python3.10/imp.py", line 170, in load_source
    module = _exec(spec, sys.modules[name])
  File "<frozen importlib._bootstrap>", line 619, in _exec
  File "<frozen importlib._bootstrap_external>", line 883, in exec_module
  File "<frozen importlib._bootstrap>", line 241, in _call_with_frames_removed
  File "passenger_wsgi.py", line 8, in <module>
    wsgi = imp.load_source('wsgi', 'passenger_wsgi.py')
  File "/opt/alt/python310/lib64/python3.10/imp.py", line 170, in load_source
    module = _exec(spec, sys.modules[name])
  File "<frozen importlib._bootstrap>", line 619, in _exec
  File "<frozen importlib._bootstrap_external>", line 883, in exec_module
  File "<frozen importlib._bootstrap>", line 241, in _call_with_frames_removed
  File "passenger_wsgi.py", line 8, in <module>
    wsgi = imp.load_source('wsgi', 'passenger_wsgi.py')
  File "/opt/alt/python310/lib64/python3.10/imp.py", line 170, in load_source
    module = _exec(spec, sys.modules[name])
  File "<frozen importlib._bootstrap>", line 619, in _exec
  File "<frozen importlib._bootstrap_external>", line 883, in exec_module
  File "<frozen importlib._bootstrap>", line 241, in _call_with_frames_removed
  File "passenger_wsgi.py", line 8, in <module>
    wsgi = imp.load_source('wsgi', 'passenger_wsgi.py')
  File "/opt/alt/python310/lib64/python3.10/imp.py", line 170, in load_source
    module = _exec(spec, sys.modules[name])
  File "<frozen importlib._bootstrap>", line 619, in _exec
  File "<frozen importlib._bootstrap_external>", line 883, in exec_module
  File "<frozen importlib._bootstrap>", line 241, in _call_with_frames_removed
  File "passenger_wsgi.py", line 8, in <module>
    wsgi = imp.load_source('wsgi', 'passenger_wsgi.py')
  File "/opt/alt/python310/lib64/python3.10/imp.py", line 170, in load_source
    module = _exec(spec, sys.modules[name])
  File "<frozen importlib._bootstrap>", line 619, in _exec
  File "<frozen importlib._bootstrap_external>", line 883, in exec_module
  File "<frozen importlib._bootstrap>", line 241, in _call_with_frames_removed
  File "passenger_wsgi.py", line 8, in <module>
    wsgi = imp.load_source('wsgi', 'passenger_wsgi.py')
  File "/opt/alt/python310/lib64/python3.10/imp.py", line 170, in load_source
    module = _exec(spec, sys.modules[name])
  File "<frozen importlib._bootstrap>", line 619, in _exec
  File "<frozen importlib._bootstrap_external>", line 883, in exec_module
  File "<frozen importlib._bootstrap>", line 241, in _call_with_frames_removed
  File "passenger_wsgi.py", line 8, in <module>
    wsgi = imp.load_source('wsgi', 'passenger_wsgi.py')
  File "/opt/alt/python310/lib64/python3.10/imp.py", line 170, in load_source
    module = _exec(spec, sys.modules[name])
  File "<frozen importlib._bootstrap>", line 619, in _exec
  File "<frozen importlib._bootstrap_external>", line 883, in exec_module
  File "<frozen importlib._bootstrap>", line 241, in _call_with_frames_removed
  File "passenger_wsgi.py", line 8, in <module>
    wsgi = imp.load_source('wsgi', 'passenger_wsgi.py')
  File "/opt/alt/python310/lib64/python3.10/imp.py", line 170, in load_source
    module = _exec(spec, sys.modules[name])
  File "<frozen importlib._bootstrap>", line 619, in _exec
  File "<frozen importlib._bootstrap_external>", line 883, in exec_module
  File "<frozen importlib._bootstrap>", line 241, in _call_with_frames_removed
  File "passenger_wsgi.py", line 8, in <module>
    wsgi = imp.load_source('wsgi', 'passenger_wsgi.py')
  File "/opt/alt/python310/lib64/python3.10/imp.py", line 170, in load_source
    module = _exec(spec, sys.modules[name])
  File "<frozen importlib._bootstrap>", line 619, in _exec
  File "<frozen importlib._bootstrap_external>", line 883, in exec_module
  File "<frozen importlib._bootstrap>", line 241, in _call_with_frames_removed
  File "passenger_wsgi.py", line 8, in <module>
    wsgi = imp.load_source('wsgi', 'passenger_wsgi.py')
  File "/opt/alt/python310/lib64/python3.10/imp.py", line 170, in load_source
    module = _exec(spec, sys.modules[name])
  File "<frozen importlib._bootstrap>", line 619, in _exec
  File "<frozen importlib._bootstrap_external>", line 883, in exec_module
  File "<frozen importlib._bootstrap>", line 241, in _call_with_frames_removed
  File "passenger_wsgi.py", line 8, in <module>
    wsgi = imp.load_source('wsgi', 'passenger_wsgi.py')
  File "/opt/alt/python310/lib64/python3.10/imp.py", line 170, in load_source
    module = _exec(spec, sys.modules[name])
  File "<frozen importlib._bootstrap>", line 619, in _exec
  File "<frozen importlib._bootstrap_external>", line 883, in exec_module
  File "<frozen importlib._bootstrap>", line 241, in _call_with_frames_removed
  File "passenger_wsgi.py", line 8, in <module>
    wsgi = imp.load_source('wsgi', 'passenger_wsgi.py')
  File "/opt/alt/python310/lib64/python3.10/imp.py", line 170, in load_source
    module = _exec(spec, sys.modules[name])
  File "<frozen importlib._bootstrap>", line 619, in _exec
  File "<frozen importlib._bootstrap_external>", line 883, in exec_module
  File "<frozen importlib._bootstrap>", line 241, in _call_with_frames_removed
  File "passenger_wsgi.py", line 8, in <module>
    wsgi = imp.load_source('wsgi', 'passenger_wsgi.py')
  File "/opt/alt/python310/lib64/python3.10/imp.py", line 170, in load_source
    module = _exec(spec, sys.modules[name])
  File "<frozen importlib._bootstrap>", line 619, in _exec
  File "<frozen importlib._bootstrap_external>", line 883, in exec_module
  File "<frozen importlib._bootstrap>", line 241, in _call_with_frames_removed
  File "passenger_wsgi.py", line 8, in <module>
    wsgi = imp.load_source('wsgi', 'passenger_wsgi.py')
  File "/opt/alt/python310/lib64/python3.10/imp.py", line 170, in load_source
    module = _exec(spec, sys.modules[name])
  File "<frozen importlib._bootstrap>", line 619, in _exec
  File "<frozen importlib._bootstrap_external>", line 883, in exec_module
  File "<frozen importlib._bootstrap>", line 241, in _call_with_frames_removed
  File "passenger_wsgi.py", line 8, in <module>
    wsgi = imp.load_source('wsgi', 'passenger_wsgi.py')
  File "/opt/alt/python310/lib64/python3.10/imp.py", line 170, in load_source
    module = _exec(spec, sys.modules[name])
  File "<frozen importlib._bootstrap>", line 619, in _exec
  File "<frozen importlib._bootstrap_external>", line 883, in exec_module
  File "<frozen importlib._bootstrap>", line 241, in _call_with_frames_removed
  File "passenger_wsgi.py", line 8, in <module>
    wsgi = imp.load_source('wsgi', 'passenger_wsgi.py')
  File "/opt/alt/python310/lib64/python3.10/imp.py", line 170, in load_source
    module = _exec(spec, sys.modules[name])
  File "<frozen importlib._bootstrap>", line 619, in _exec
  File "<frozen importlib._bootstrap_external>", line 883, in exec_module
  File "<frozen importlib._bootstrap>", line 241, in _call_with_frames_removed
  File "passenger_wsgi.py", line 8, in <module>
    wsgi = imp.load_source('wsgi', 'passenger_wsgi.py')
  File "/opt/alt/python310/lib64/python3.10/imp.py", line 170, in load_source
    module = _exec(spec, sys.modules[name])
  File "<frozen importlib._bootstrap>", line 619, in _exec
  File "<frozen importlib._bootstrap_external>", line 883, in exec_module
  File "<frozen importlib._bootstrap>", line 241, in _call_with_frames_removed
  File "passenger_wsgi.py", line 8, in <module>
    wsgi = imp.load_source('wsgi', 'passenger_wsgi.py')
  File "/opt/alt/python310/lib64/python3.10/imp.py", line 170, in load_source
    module = _exec(spec, sys.modules[name])
  File "<frozen importlib._bootstrap>", line 619, in _exec
  File "<frozen importlib._bootstrap_external>", line 883, in exec_module
  File "<frozen importlib._bootstrap>", line 241, in _call_with_frames_removed
  File "passenger_wsgi.py", line 8, in <module>
    wsgi = imp.load_source('wsgi', 'passenger_wsgi.py')
  File "/opt/alt/python310/lib64/python3.10/imp.py", line 170, in load_source
    module = _exec(spec, sys.modules[name])
  File "<frozen importlib._bootstrap>", line 619, in _exec
  File "<frozen importlib._bootstrap_external>", line 883, in exec_module
  File "<frozen importlib._bootstrap>", line 241, in _call_with_frames_removed
  File "passenger_wsgi.py", line 8, in <module>
    wsgi = imp.load_source('wsgi', 'passenger_wsgi.py')
  File "/opt/alt/python310/lib64/python3.10/imp.py", line 170, in load_source
    module = _exec(spec, sys.modules[name])
  File "<frozen importlib._bootstrap>", line 619, in _exec
  File "<frozen importlib._bootstrap_external>", line 883, in exec_module
  File "<frozen importlib._bootstrap>", line 241, in _call_with_frames_removed
  File "passenger_wsgi.py", line 8, in <module>
    wsgi = imp.load_source('wsgi', 'passenger_wsgi.py')
  File "/opt/alt/python310/lib64/python3.10/imp.py", line 170, in load_source
    module = _exec(spec, sys.modules[name])
  File "<frozen importlib._bootstrap>", line 619, in _exec
  File "<frozen importlib._bootstrap_external>", line 883, in exec_module
  File "<frozen importlib._bootstrap>", line 241, in _call_with_frames_removed
  File "passenger_wsgi.py", line 8, in <module>
    wsgi = imp.load_source('wsgi', 'passenger_wsgi.py')
  File "/opt/alt/python310/lib64/python3.10/imp.py", line 170, in load_source
    module = _exec(spec, sys.modules[name])
  File "<frozen importlib._bootstrap>", line 619, in _exec
  File "<frozen importlib._bootstrap_external>", line 883, in exec_module
  File "<frozen importlib._bootstrap>", line 241, in _call_with_frames_removed
  File "passenger_wsgi.py", line 8, in <module>
    wsgi = imp.load_source('wsgi', 'passenger_wsgi.py')
  File "/opt/alt/python310/lib64/python3.10/imp.py", line 170, in load_source
    module = _exec(spec, sys.modules[name])
  File "<frozen importlib._bootstrap>", line 619, in _exec
  File "<frozen importlib._bootstrap_external>", line 883, in exec_module
  File "<frozen importlib._bootstrap>", line 241, in _call_with_frames_removed
  File "passenger_wsgi.py", line 8, in <module>
    wsgi = imp.load_source('wsgi', 'passenger_wsgi.py')
  File "/opt/alt/python310/lib64/python3.10/imp.py", line 170, in load_source
    module = _exec(spec, sys.modules[name])
  File "<frozen importlib._bootstrap>", line 619, in _exec
  File "<frozen importlib._bootstrap_external>", line 883, in exec_module
  File "<frozen importlib._bootstrap>", line 241, in _call_with_frames_removed
  File "passenger_wsgi.py", line 8, in <module>
    wsgi = imp.load_source('wsgi', 'passenger_wsgi.py')
  File "/opt/alt/python310/lib64/python3.10/imp.py", line 170, in load_source
    module = _exec(spec, sys.modules[name])
  File "<frozen importlib._bootstrap>", line 619, in _exec
  File "<frozen importlib._bootstrap_external>", line 883, in exec_module
  File "<frozen importlib._bootstrap>", line 241, in _call_with_frames_removed
  File "passenger_wsgi.py", line 8, in <module>
    wsgi = imp.load_source('wsgi', 'passenger_wsgi.py')
  File "/opt/alt/python310/lib64/python3.10/imp.py", line 170, in load_source
    module = _exec(spec, sys.modules[name])
  File "<frozen importlib._bootstrap>", line 619, in _exec
  File "<frozen importlib._bootstrap_external>", line 883, in exec_module
  File "<frozen importlib._bootstrap>", line 241, in _call_with_frames_removed
  File "passenger_wsgi.py", line 8, in <module>
    wsgi = imp.load_source('wsgi', 'passenger_wsgi.py')
  File "/opt/alt/python310/lib64/python3.10/imp.py", line 170, in load_source
    module = _exec(spec, sys.modules[name])
  File "<frozen importlib._bootstrap>", line 619, in _exec
  File "<frozen importlib._bootstrap_external>", line 883, in exec_module
  File "<frozen importlib._bootstrap>", line 241, in _call_with_frames_removed
  File "passenger_wsgi.py", line 8, in <module>
    wsgi = imp.load_source('wsgi', 'passenger_wsgi.py')
  File "/opt/alt/python310/lib64/python3.10/imp.py", line 170, in load_source
    module = _exec(spec, sys.modules[name])
  File "<frozen importlib._bootstrap>", line 619, in _exec
  File "<frozen importlib._bootstrap_external>", line 883, in exec_module
  File "<frozen importlib._bootstrap>", line 241, in _call_with_frames_removed
  File "passenger_wsgi.py", line 8, in <module>
    wsgi = imp.load_source('wsgi', 'passenger_wsgi.py')
  File "/opt/alt/python310/lib64/python3.10/imp.py", line 170, in load_source
    module = _exec(spec, sys.modules[name])
  File "<frozen importlib._bootstrap>", line 619, in _exec
  File "<frozen importlib._bootstrap_external>", line 883, in exec_module
  File "<frozen importlib._bootstrap>", line 241, in _call_with_frames_removed
  File "passenger_wsgi.py", line 8, in <module>
    wsgi = imp.load_source('wsgi', 'passenger_wsgi.py')
  File "/opt/alt/python310/lib64/python3.10/imp.py", line 170, in load_source
    module = _exec(spec, sys.modules[name])
  File "<frozen importlib._bootstrap>", line 619, in _exec
  File "<frozen importlib._bootstrap_external>", line 883, in exec_module
  File "<frozen importlib._bootstrap>", line 241, in _call_with_frames_removed
  File "passenger_wsgi.py", line 8, in <module>
    wsgi = imp.load_source('wsgi', 'passenger_wsgi.py')
  File "/opt/alt/python310/lib64/python3.10/imp.py", line 170, in load_source
    module = _exec(spec, sys.modules[name])
  File "<frozen importlib._bootstrap>", line 619, in _exec
  File "<frozen importlib._bootstrap_external>", line 883, in exec_module
  File "<frozen importlib._bootstrap>", line 241, in _call_with_frames_removed
  File "passenger_wsgi.py", line 8, in <module>
    wsgi = imp.load_source('wsgi', 'passenger_wsgi.py')
  File "/opt/alt/python310/lib64/python3.10/imp.py", line 170, in load_source
    module = _exec(spec, sys.modules[name])
  File "<frozen importlib._bootstrap>", line 619, in _exec
  File "<frozen importlib._bootstrap_external>", line 883, in exec_module
  File "<frozen importlib._bootstrap>", line 241, in _call_with_frames_removed
  File "passenger_wsgi.py", line 8, in <module>
    wsgi = imp.load_source('wsgi', 'passenger_wsgi.py')
  File "/opt/alt/python310/lib64/python3.10/imp.py", line 170, in load_source
    module = _exec(spec, sys.modules[name])
  File "<frozen importlib._bootstrap>", line 619, in _exec
  File "<frozen importlib._bootstrap_external>", line 883, in exec_module
  File "<frozen importlib._bootstrap>", line 241, in _call_with_frames_removed
  File "passenger_wsgi.py", line 8, in <module>
    wsgi = imp.load_source('wsgi', 'passenger_wsgi.py')
  File "/opt/alt/python310/lib64/python3.10/imp.py", line 170, in load_source
    module = _exec(spec, sys.modules[name])
  File "<frozen importlib._bootstrap>", line 619, in _exec
  File "<frozen importlib._bootstrap_external>", line 883, in exec_module
  File "<frozen importlib._bootstrap>", line 241, in _call_with_frames_removed
  File "passenger_wsgi.py", line 8, in <module>
    wsgi = imp.load_source('wsgi', 'passenger_wsgi.py')
  File "/opt/alt/python310/lib64/python3.10/imp.py", line 170, in load_source
    module = _exec(spec, sys.modules[name])
  File "<frozen importlib._bootstrap>", line 619, in _exec
  File "<frozen importlib._bootstrap_external>", line 883, in exec_module
  File "<frozen importlib._bootstrap>", line 241, in _call_with_frames_removed
  File "passenger_wsgi.py", line 8, in <module>
    wsgi = imp.load_source('wsgi', 'passenger_wsgi.py')
  File "/opt/alt/python310/lib64/python3.10/imp.py", line 170, in load_source
    module = _exec(spec, sys.modules[name])
  File "<frozen importlib._bootstrap>", line 619, in _exec
  File "<frozen importlib._bootstrap_external>", line 883, in exec_module
  File "<frozen importlib._bootstrap>", line 241, in _call_with_frames_removed
  File "passenger_wsgi.py", line 8, in <module>
    wsgi = imp.load_source('wsgi', 'passenger_wsgi.py')
  File "/opt/alt/python310/lib64/python3.10/imp.py", line 170, in load_source
    module = _exec(spec, sys.modules[name])
  File "<frozen importlib._bootstrap>", line 619, in _exec
  File "<frozen importlib._bootstrap_external>", line 883, in exec_module
  File "<frozen importlib._bootstrap>", line 241, in _call_with_frames_removed
  File "passenger_wsgi.py", line 8, in <module>
    wsgi = imp.load_source('wsgi', 'passenger_wsgi.py')
  File "/opt/alt/python310/lib64/python3.10/imp.py", line 170, in load_source
    module = _exec(spec, sys.modules[name])
  File "<frozen importlib._bootstrap>", line 619, in _exec
  File "<frozen importlib._bootstrap_external>", line 883, in exec_module
  File "<frozen importlib._bootstrap>", line 241, in _call_with_frames_removed
  File "passenger_wsgi.py", line 8, in <module>
    wsgi = imp.load_source('wsgi', 'passenger_wsgi.py')
  File "/opt/alt/python310/lib64/python3.10/imp.py", line 170, in load_source
    module = _exec(spec, sys.modules[name])
  File "<frozen importlib._bootstrap>", line 619, in _exec
  File "<frozen importlib._bootstrap_external>", line 883, in exec_module
  File "<frozen importlib._bootstrap>", line 241, in _call_with_frames_removed
  File "passenger_wsgi.py", line 8, in <module>
    wsgi = imp.load_source('wsgi', 'passenger_wsgi.py')
  File "/opt/alt/python310/lib64/python3.10/imp.py", line 170, in load_source
    module = _exec(spec, sys.modules[name])
  File "<frozen importlib._bootstrap>", line 619, in _exec
  File "<frozen importlib._bootstrap_external>", line 883, in exec_module
  File "<frozen importlib._bootstrap>", line 241, in _call_with_frames_removed
  File "passenger_wsgi.py", line 8, in <module>
    wsgi = imp.load_source('wsgi', 'passenger_wsgi.py')
  File "/opt/alt/python310/lib64/python3.10/imp.py", line 170, in load_source
    module = _exec(spec, sys.modules[name])
  File "<frozen importlib._bootstrap>", line 619, in _exec
  File "<frozen importlib._bootstrap_external>", line 883, in exec_module
  File "<frozen importlib._bootstrap>", line 241, in _call_with_frames_removed
  File "passenger_wsgi.py", line 8, in <module>
    wsgi = imp.load_source('wsgi', 'passenger_wsgi.py')
  File "/opt/alt/python310/lib64/python3.10/imp.py", line 170, in load_source
    module = _exec(spec, sys.modules[name])
  File "<frozen importlib._bootstrap>", line 619, in _exec
  File "<frozen importlib._bootstrap_external>", line 883, in exec_module
  File "<frozen importlib._bootstrap>", line 241, in _call_with_frames_removed
  File "passenger_wsgi.py", line 8, in <module>
    wsgi = imp.load_source('wsgi', 'passenger_wsgi.py')
  File "/opt/alt/python310/lib64/python3.10/imp.py", line 170, in load_source
    module = _exec(spec, sys.modules[name])
  File "<frozen importlib._bootstrap>", line 619, in _exec
  File "<frozen importlib._bootstrap_external>", line 883, in exec_module
  File "<frozen importlib._bootstrap>", line 241, in _call_with_frames_removed
  File "passenger_wsgi.py", line 8, in <module>
    wsgi = imp.load_source('wsgi', 'passenger_wsgi.py')
  File "/opt/alt/python310/lib64/python3.10/imp.py", line 170, in load_source
    module = _exec(spec, sys.modules[name])
  File "<frozen importlib._bootstrap>", line 619, in _exec
  File "<frozen importlib._bootstrap_external>", line 883, in exec_module
  File "<frozen importlib._bootstrap>", line 241, in _call_with_frames_removed
  File "passenger_wsgi.py", line 8, in <module>
    wsgi = imp.load_source('wsgi', 'passenger_wsgi.py')
  File "/opt/alt/python310/lib64/python3.10/imp.py", line 170, in load_source
    module = _exec(spec, sys.modules[name])
  File "<frozen importlib._bootstrap>", line 619, in _exec
  File "<frozen importlib._bootstrap_external>", line 883, in exec_module
  File "<frozen importlib._bootstrap>", line 241, in _call_with_frames_removed
  File "passenger_wsgi.py", line 8, in <module>
    wsgi = imp.load_source('wsgi', 'passenger_wsgi.py')
  File "/opt/alt/python310/lib64/python3.10/imp.py", line 170, in load_source
    module = _exec(spec, sys.modules[name])
  File "<frozen importlib._bootstrap>", line 619, in _exec
  File "<frozen importlib._bootstrap_external>", line 883, in exec_module
  File "<frozen importlib._bootstrap>", line 241, in _call_with_frames_removed
  File "passenger_wsgi.py", line 8, in <module>
    wsgi = imp.load_source('wsgi', 'passenger_wsgi.py')
  File "/opt/alt/python310/lib64/python3.10/imp.py", line 170, in load_source
    module = _exec(spec, sys.modules[name])
  File "<frozen importlib._bootstrap>", line 619, in _exec
  File "<frozen importlib._bootstrap_external>", line 883, in exec_module
  File "<frozen importlib._bootstrap>", line 241, in _call_with_frames_removed
  File "passenger_wsgi.py", line 8, in <module>
    wsgi = imp.load_source('wsgi', 'passenger_wsgi.py')
  File "/opt/alt/python310/lib64/python3.10/imp.py", line 170, in load_source
    module = _exec(spec, sys.modules[name])
  File "<frozen importlib._bootstrap>", line 619, in _exec
  File "<frozen importlib._bootstrap_external>", line 883, in exec_module
  File "<frozen importlib._bootstrap>", line 241, in _call_with_frames_removed
  File "passenger_wsgi.py", line 8, in <module>
    wsgi = imp.load_source('wsgi', 'passenger_wsgi.py')
  File "/opt/alt/python310/lib64/python3.10/imp.py", line 170, in load_source
    module = _exec(spec, sys.modules[name])
  File "<frozen importlib._bootstrap>", line 619, in _exec
  File "<frozen importlib._bootstrap_external>", line 883, in exec_module
  File "<frozen importlib._bootstrap>", line 241, in _call_with_frames_removed
  File "passenger_wsgi.py", line 8, in <module>
    wsgi = imp.load_source('wsgi', 'passenger_wsgi.py')
  File "/opt/alt/python310/lib64/python3.10/imp.py", line 170, in load_source
    module = _exec(spec, sys.modules[name])
  File "<frozen importlib._bootstrap>", line 619, in _exec
  File "<frozen importlib._bootstrap_external>", line 883, in exec_module
  File "<frozen importlib._bootstrap>", line 241, in _call_with_frames_removed
  File "passenger_wsgi.py", line 8, in <module>
    wsgi = imp.load_source('wsgi', 'passenger_wsgi.py')
  File "/opt/alt/python310/lib64/python3.10/imp.py", line 170, in load_source
    module = _exec(spec, sys.modules[name])
  File "<frozen importlib._bootstrap>", line 619, in _exec
  File "<frozen importlib._bootstrap_external>", line 883, in exec_module
  File "<frozen importlib._bootstrap>", line 241, in _call_with_frames_removed
  File "passenger_wsgi.py", line 8, in <module>
    wsgi = imp.load_source('wsgi', 'passenger_wsgi.py')
  File "/opt/alt/python310/lib64/python3.10/imp.py", line 170, in load_source
    module = _exec(spec, sys.modules[name])
  File "<frozen importlib._bootstrap>", line 619, in _exec
  File "<frozen importlib._bootstrap_external>", line 883, in exec_module
  File "<frozen importlib._bootstrap>", line 241, in _call_with_frames_removed
  File "passenger_wsgi.py", line 8, in <module>
    wsgi = imp.load_source('wsgi', 'passenger_wsgi.py')
  File "/opt/alt/python310/lib64/python3.10/imp.py", line 170, in load_source
    module = _exec(spec, sys.modules[name])
  File "<frozen importlib._bootstrap>", line 619, in _exec
  File "<frozen importlib._bootstrap_external>", line 883, in exec_module
  File "<frozen importlib._bootstrap>", line 241, in _call_with_frames_removed
  File "passenger_wsgi.py", line 8, in <module>
    wsgi = imp.load_source('wsgi', 'passenger_wsgi.py')
  File "/opt/alt/python310/lib64/python3.10/imp.py", line 170, in load_source
    module = _exec(spec, sys.modules[name])
  File "<frozen importlib._bootstrap>", line 619, in _exec
  File "<frozen importlib._bootstrap_external>", line 883, in exec_module
  File "<frozen importlib._bootstrap>", line 241, in _call_with_frames_removed
  File "passenger_wsgi.py", line 8, in <module>
    wsgi = imp.load_source('wsgi', 'passenger_wsgi.py')
  File "/opt/alt/python310/lib64/python3.10/imp.py", line 170, in load_source
    module = _exec(spec, sys.modules[name])
  File "<frozen importlib._bootstrap>", line 619, in _exec
  File "<frozen importlib._bootstrap_external>", line 883, in exec_module
  File "<frozen importlib._bootstrap>", line 241, in _call_with_frames_removed
  File "passenger_wsgi.py", line 8, in <module>
    wsgi = imp.load_source('wsgi', 'passenger_wsgi.py')
  File "/opt/alt/python310/lib64/python3.10/imp.py", line 170, in load_source
    module = _exec(spec, sys.modules[name])
  File "<frozen importlib._bootstrap>", line 619, in _exec
  File "<frozen importlib._bootstrap_external>", line 883, in exec_module
  File "<frozen importlib._bootstrap>", line 241, in _call_with_frames_removed
  File "passenger_wsgi.py", line 8, in <module>
    wsgi = imp.load_source('wsgi', 'passenger_wsgi.py')
  File "/opt/alt/python310/lib64/python3.10/imp.py", line 170, in load_source
    module = _exec(spec, sys.modules[name])
  File "<frozen importlib._bootstrap>", line 619, in _exec
  File "<frozen importlib._bootstrap_external>", line 883, in exec_module
  File "<frozen importlib._bootstrap>", line 241, in _call_with_frames_removed
  File "passenger_wsgi.py", line 8, in <module>
    wsgi = imp.load_source('wsgi', 'passenger_wsgi.py')
  File "/opt/alt/python310/lib64/python3.10/imp.py", line 170, in load_source
    module = _exec(spec, sys.modules[name])
  File "<frozen importlib._bootstrap>", line 619, in _exec
  File "<frozen importlib._bootstrap_external>", line 883, in exec_module
  File "<frozen importlib._bootstrap>", line 241, in _call_with_frames_removed
  File "passenger_wsgi.py", line 8, in <module>
    wsgi = imp.load_source('wsgi', 'passenger_wsgi.py')
  File "/opt/alt/python310/lib64/python3.10/imp.py", line 170, in load_source
    module = _exec(spec, sys.modules[name])
  File "<frozen importlib._bootstrap>", line 619, in _exec
  File "<frozen importlib._bootstrap_external>", line 883, in exec_module
  File "<frozen importlib._bootstrap>", line 241, in _call_with_frames_removed
  File "passenger_wsgi.py", line 8, in <module>
    wsgi = imp.load_source('wsgi', 'passenger_wsgi.py')
  File "/opt/alt/python310/lib64/python3.10/imp.py", line 170, in load_source
    module = _exec(spec, sys.modules[name])
  File "<frozen importlib._bootstrap>", line 619, in _exec
  File "<frozen importlib._bootstrap_external>", line 883, in exec_module
  File "<frozen importlib._bootstrap>", line 241, in _call_with_frames_removed
  File "passenger_wsgi.py", line 8, in <module>
    wsgi = imp.load_source('wsgi', 'passenger_wsgi.py')
  File "/opt/alt/python310/lib64/python3.10/imp.py", line 170, in load_source
    module = _exec(spec, sys.modules[name])
  File "<frozen importlib._bootstrap>", line 619, in _exec
  File "<frozen importlib._bootstrap_external>", line 883, in exec_module
  File "<frozen importlib._bootstrap>", line 241, in _call_with_frames_removed
  File "passenger_wsgi.py", line 8, in <module>
    wsgi = imp.load_source('wsgi', 'passenger_wsgi.py')
  File "/opt/alt/python310/lib64/python3.10/imp.py", line 170, in load_source
    module = _exec(spec, sys.modules[name])
  File "<frozen importlib._bootstrap>", line 619, in _exec
  File "<frozen importlib._bootstrap_external>", line 883, in exec_module
  File "<frozen importlib._bootstrap>", line 241, in _call_with_frames_removed
  File "passenger_wsgi.py", line 8, in <module>
    wsgi = imp.load_source('wsgi', 'passenger_wsgi.py')
  File "/opt/alt/python310/lib64/python3.10/imp.py", line 170, in load_source
    module = _exec(spec, sys.modules[name])
  File "<frozen importlib._bootstrap>", line 619, in _exec
  File "<frozen importlib._bootstrap_external>", line 883, in exec_module
  File "<frozen importlib._bootstrap>", line 241, in _call_with_frames_removed
  File "passenger_wsgi.py", line 8, in <module>
    wsgi = imp.load_source('wsgi', 'passenger_wsgi.py')
  File "/opt/alt/python310/lib64/python3.10/imp.py", line 170, in load_source
    module = _exec(spec, sys.modules[name])
  File "<frozen importlib._bootstrap>", line 619, in _exec
  File "<frozen importlib._bootstrap_external>", line 883, in exec_module
  File "<frozen importlib._bootstrap>", line 241, in _call_with_frames_removed
  File "passenger_wsgi.py", line 8, in <module>
    wsgi = imp.load_source('wsgi', 'passenger_wsgi.py')
  File "/opt/alt/python310/lib64/python3.10/imp.py", line 170, in load_source
    module = _exec(spec, sys.modules[name])
  File "<frozen importlib._bootstrap>", line 619, in _exec
  File "<frozen importlib._bootstrap_external>", line 883, in exec_module
  File "<frozen importlib._bootstrap>", line 241, in _call_with_frames_removed
  File "passenger_wsgi.py", line 8, in <module>
    wsgi = imp.load_source('wsgi', 'passenger_wsgi.py')
  File "/opt/alt/python310/lib64/python3.10/imp.py", line 170, in load_source
    module = _exec(spec, sys.modules[name])
  File "<frozen importlib._bootstrap>", line 619, in _exec
  File "<frozen importlib._bootstrap_external>", line 883, in exec_module
  File "<frozen importlib._bootstrap>", line 241, in _call_with_frames_removed
  File "passenger_wsgi.py", line 8, in <module>
    wsgi = imp.load_source('wsgi', 'passenger_wsgi.py')
  File "/opt/alt/python310/lib64/python3.10/imp.py", line 170, in load_source
    module = _exec(spec, sys.modules[name])
  File "<frozen importlib._bootstrap>", line 619, in _exec
  File "<frozen importlib._bootstrap_external>", line 883, in exec_module
  File "<frozen importlib._bootstrap>", line 241, in _call_with_frames_removed
  File "passenger_wsgi.py", line 8, in <module>
    wsgi = imp.load_source('wsgi', 'passenger_wsgi.py')
  File "/opt/alt/python310/lib64/python3.10/imp.py", line 170, in load_source
    module = _exec(spec, sys.modules[name])
  File "<frozen importlib._bootstrap>", line 619, in _exec
  File "<frozen importlib._bootstrap_external>", line 883, in exec_module
  File "<frozen importlib._bootstrap>", line 241, in _call_with_frames_removed
  File "passenger_wsgi.py", line 8, in <module>
    wsgi = imp.load_source('wsgi', 'passenger_wsgi.py')
  File "/opt/alt/python310/lib64/python3.10/imp.py", line 170, in load_source
    module = _exec(spec, sys.modules[name])
  File "<frozen importlib._bootstrap>", line 619, in _exec
  File "<frozen importlib._bootstrap_external>", line 883, in exec_module
  File "<frozen importlib._bootstrap>", line 241, in _call_with_frames_removed
  File "passenger_wsgi.py", line 8, in <module>
    wsgi = imp.load_source('wsgi', 'passenger_wsgi.py')
  File "/opt/alt/python310/lib64/python3.10/imp.py", line 170, in load_source
    module = _exec(spec, sys.modules[name])
  File "<frozen importlib._bootstrap>", line 619, in _exec
  File "<frozen importlib._bootstrap_external>", line 883, in exec_module
  File "<frozen importlib._bootstrap>", line 241, in _call_with_frames_removed
  File "passenger_wsgi.py", line 8, in <module>
    wsgi = imp.load_source('wsgi', 'passenger_wsgi.py')
  File "/opt/alt/python310/lib64/python3.10/imp.py", line 170, in load_source
    module = _exec(spec, sys.modules[name])
  File "<frozen importlib._bootstrap>", line 619, in _exec
  File "<frozen importlib._bootstrap_external>", line 883, in exec_module
  File "<frozen importlib._bootstrap>", line 241, in _call_with_frames_removed
  File "passenger_wsgi.py", line 8, in <module>
    wsgi = imp.load_source('wsgi', 'passenger_wsgi.py')
  File "/opt/alt/python310/lib64/python3.10/imp.py", line 170, in load_source
    module = _exec(spec, sys.modules[name])
  File "<frozen importlib._bootstrap>", line 619, in _exec
  File "<frozen importlib._bootstrap_external>", line 883, in exec_module
  File "<frozen importlib._bootstrap>", line 241, in _call_with_frames_removed
  File "passenger_wsgi.py", line 8, in <module>
    wsgi = imp.load_source('wsgi', 'passenger_wsgi.py')
  File "/opt/alt/python310/lib64/python3.10/imp.py", line 170, in load_source
    module = _exec(spec, sys.modules[name])
  File "<frozen importlib._bootstrap>", line 619, in _exec
  File "<frozen importlib._bootstrap_external>", line 883, in exec_module
  File "<frozen importlib._bootstrap>", line 241, in _call_with_frames_removed
  File "passenger_wsgi.py", line 8, in <module>
    wsgi = imp.load_source('wsgi', 'passenger_wsgi.py')
  File "/opt/alt/python310/lib64/python3.10/imp.py", line 170, in load_source
    module = _exec(spec, sys.modules[name])
  File "<frozen importlib._bootstrap>", line 619, in _exec
  File "<frozen importlib._bootstrap_external>", line 883, in exec_module
  File "<frozen importlib._bootstrap>", line 241, in _call_with_frames_removed
  File "passenger_wsgi.py", line 8, in <module>
    wsgi = imp.load_source('wsgi', 'passenger_wsgi.py')
  File "/opt/alt/python310/lib64/python3.10/imp.py", line 170, in load_source
    module = _exec(spec, sys.modules[name])
  File "<frozen importlib._bootstrap>", line 619, in _exec
  File "<frozen importlib._bootstrap_external>", line 883, in exec_module
  File "<frozen importlib._bootstrap>", line 241, in _call_with_frames_removed
  File "passenger_wsgi.py", line 8, in <module>
    wsgi = imp.load_source('wsgi', 'passenger_wsgi.py')
  File "/opt/alt/python310/lib64/python3.10/imp.py", line 170, in load_source
    module = _exec(spec, sys.modules[name])
  File "<frozen importlib._bootstrap>", line 619, in _exec
  File "<frozen importlib._bootstrap_external>", line 883, in exec_module
  File "<frozen importlib._bootstrap>", line 241, in _call_with_frames_removed
  File "passenger_wsgi.py", line 8, in <module>
    wsgi = imp.load_source('wsgi', 'passenger_wsgi.py')
  File "/opt/alt/python310/lib64/python3.10/imp.py", line 170, in load_source
    module = _exec(spec, sys.modules[name])
  File "<frozen importlib._bootstrap>", line 619, in _exec
  File "<frozen importlib._bootstrap_external>", line 883, in exec_module
  File "<frozen importlib._bootstrap>", line 241, in _call_with_frames_removed
  File "passenger_wsgi.py", line 8, in <module>
    wsgi = imp.load_source('wsgi', 'passenger_wsgi.py')
  File "/opt/alt/python310/lib64/python3.10/imp.py", line 170, in load_source
    module = _exec(spec, sys.modules[name])
  File "<frozen importlib._bootstrap>", line 619, in _exec
  File "<frozen importlib._bootstrap_external>", line 883, in exec_module
  File "<frozen importlib._bootstrap>", line 241, in _call_with_frames_removed
  File "passenger_wsgi.py", line 8, in <module>
    wsgi = imp.load_source('wsgi', 'passenger_wsgi.py')
  File "/opt/alt/python310/lib64/python3.10/imp.py", line 170, in load_source
    module = _exec(spec, sys.modules[name])
  File "<frozen importlib._bootstrap>", line 619, in _exec
  File "<frozen importlib._bootstrap_external>", line 883, in exec_module
  File "<frozen importlib._bootstrap>", line 241, in _call_with_frames_removed
  File "passenger_wsgi.py", line 8, in <module>
    wsgi = imp.load_source('wsgi', 'passenger_wsgi.py')
  File "/opt/alt/python310/lib64/python3.10/imp.py", line 170, in load_source
    module = _exec(spec, sys.modules[name])
  File "<frozen importlib._bootstrap>", line 619, in _exec
  File "<frozen importlib._bootstrap_external>", line 883, in exec_module
  File "<frozen importlib._bootstrap>", line 241, in _call_with_frames_removed
  File "passenger_wsgi.py", line 8, in <module>
    wsgi = imp.load_source('wsgi', 'passenger_wsgi.py')
  File "/opt/alt/python310/lib64/python3.10/imp.py", line 170, in load_source
    module = _exec(spec, sys.modules[name])
  File "<frozen importlib._bootstrap>", line 619, in _exec
  File "<frozen importlib._bootstrap_external>", line 883, in exec_module
  File "<frozen importlib._bootstrap>", line 241, in _call_with_frames_removed
  File "passenger_wsgi.py", line 8, in <module>
    wsgi = imp.load_source('wsgi', 'passenger_wsgi.py')
  File "/opt/alt/python310/lib64/python3.10/imp.py", line 170, in load_source
    module = _exec(spec, sys.modules[name])
  File "<frozen importlib._bootstrap>", line 619, in _exec
  File "<frozen importlib._bootstrap_external>", line 883, in exec_module
  File "<frozen importlib._bootstrap>", line 241, in _call_with_frames_removed
  File "passenger_wsgi.py", line 8, in <module>
    wsgi = imp.load_source('wsgi', 'passenger_wsgi.py')
  File "/opt/alt/python310/lib64/python3.10/imp.py", line 170, in load_source
    module = _exec(spec, sys.modules[name])
  File "<frozen importlib._bootstrap>", line 619, in _exec
  File "<frozen importlib._bootstrap_external>", line 883, in exec_module
  File "<frozen importlib._bootstrap>", line 241, in _call_with_frames_removed
  File "passenger_wsgi.py", line 8, in <module>
    wsgi = imp.load_source('wsgi', 'passenger_wsgi.py')
  File "/opt/alt/python310/lib64/python3.10/imp.py", line 170, in load_source
    module = _exec(spec, sys.modules[name])
  File "<frozen importlib._bootstrap>", line 619, in _exec
  File "<frozen importlib._bootstrap_external>", line 883, in exec_module
  File "<frozen importlib._bootstrap>", line 241, in _call_with_frames_removed
  File "passenger_wsgi.py", line 8, in <module>
    wsgi = imp.load_source('wsgi', 'passenger_wsgi.py')
  File "/opt/alt/python310/lib64/python3.10/imp.py", line 170, in load_source
    module = _exec(spec, sys.modules[name])
  File "<frozen importlib._bootstrap>", line 619, in _exec
  File "<frozen importlib._bootstrap_external>", line 883, in exec_module
  File "<frozen importlib._bootstrap>", line 241, in _call_with_frames_removed
  File "passenger_wsgi.py", line 8, in <module>
    wsgi = imp.load_source('wsgi', 'passenger_wsgi.py')
  File "/opt/alt/python310/lib64/python3.10/imp.py", line 170, in load_source
    module = _exec(spec, sys.modules[name])
  File "<frozen importlib._bootstrap>", line 619, in _exec
  File "<frozen importlib._bootstrap_external>", line 883, in exec_module
  File "<frozen importlib._bootstrap>", line 241, in _call_with_frames_removed
  File "passenger_wsgi.py", line 8, in <module>
    wsgi = imp.load_source('wsgi', 'passenger_wsgi.py')
  File "/opt/alt/python310/lib64/python3.10/imp.py", line 170, in load_source
    module = _exec(spec, sys.modules[name])
  File "<frozen importlib._bootstrap>", line 619, in _exec
  File "<frozen importlib._bootstrap_external>", line 883, in exec_module
  File "<frozen importlib._bootstrap>", line 241, in _call_with_frames_removed
  File "passenger_wsgi.py", line 8, in <module>
    wsgi = imp.load_source('wsgi', 'passenger_wsgi.py')
  File "/opt/alt/python310/lib64/python3.10/imp.py", line 170, in load_source
    module = _exec(spec, sys.modules[name])
  File "<frozen importlib._bootstrap>", line 619, in _exec
  File "<frozen importlib._bootstrap_external>", line 883, in exec_module
  File "<frozen importlib._bootstrap>", line 241, in _call_with_frames_removed
  File "passenger_wsgi.py", line 8, in <module>
    wsgi = imp.load_source('wsgi', 'passenger_wsgi.py')
  File "/opt/alt/python310/lib64/python3.10/imp.py", line 170, in load_source
    module = _exec(spec, sys.modules[name])
  File "<frozen importlib._bootstrap>", line 619, in _exec
  File "<frozen importlib._bootstrap_external>", line 883, in exec_module
  File "<frozen importlib._bootstrap>", line 241, in _call_with_frames_removed
  File "passenger_wsgi.py", line 8, in <module>
    wsgi = imp.load_source('wsgi', 'passenger_wsgi.py')
  File "/opt/alt/python310/lib64/python3.10/imp.py", line 170, in load_source
    module = _exec(spec, sys.modules[name])
  File "<frozen importlib._bootstrap>", line 619, in _exec
  File "<frozen importlib._bootstrap_external>", line 883, in exec_module
  File "<frozen importlib._bootstrap>", line 241, in _call_with_frames_removed
  File "passenger_wsgi.py", line 8, in <module>
    wsgi = imp.load_source('wsgi', 'passenger_wsgi.py')
  File "/opt/alt/python310/lib64/python3.10/imp.py", line 170, in load_source
    module = _exec(spec, sys.modules[name])
  File "<frozen importlib._bootstrap>", line 619, in _exec
  File "<frozen importlib._bootstrap_external>", line 883, in exec_module
  File "<frozen importlib._bootstrap>", line 241, in _call_with_frames_removed
  File "passenger_wsgi.py", line 8, in <module>
    wsgi = imp.load_source('wsgi', 'passenger_wsgi.py')
  File "/opt/alt/python310/lib64/python3.10/imp.py", line 170, in load_source
    module = _exec(spec, sys.modules[name])
  File "<frozen importlib._bootstrap>", line 619, in _exec
  File "<frozen importlib._bootstrap_external>", line 883, in exec_module
  File "<frozen importlib._bootstrap>", line 241, in _call_with_frames_removed
  File "passenger_wsgi.py", line 8, in <module>
    wsgi = imp.load_source('wsgi', 'passenger_wsgi.py')
  File "/opt/alt/python310/lib64/python3.10/imp.py", line 170, in load_source
    module = _exec(spec, sys.modules[name])
  File "<frozen importlib._bootstrap>", line 619, in _exec
  File "<frozen importlib._bootstrap_external>", line 883, in exec_module
  File "<frozen importlib._bootstrap>", line 241, in _call_with_frames_removed
  File "passenger_wsgi.py", line 8, in <module>
    wsgi = imp.load_source('wsgi', 'passenger_wsgi.py')
  File "/opt/alt/python310/lib64/python3.10/imp.py", line 170, in load_source
    module = _exec(spec, sys.modules[name])
  File "<frozen importlib._bootstrap>", line 619, in _exec
  File "<frozen importlib._bootstrap_external>", line 883, in exec_module
  File "<frozen importlib._bootstrap>", line 241, in _call_with_frames_removed
  File "passenger_wsgi.py", line 8, in <module>
    wsgi = imp.load_source('wsgi', 'passenger_wsgi.py')
  File "/opt/alt/python310/lib64/python3.10/imp.py", line 170, in load_source
    module = _exec(spec, sys.modules[name])
  File "<frozen importlib._bootstrap>", line 619, in _exec
  File "<frozen importlib._bootstrap_external>", line 883, in exec_module
  File "<frozen importlib._bootstrap>", line 241, in _call_with_frames_removed
  File "passenger_wsgi.py", line 8, in <module>
    wsgi = imp.load_source('wsgi', 'passenger_wsgi.py')
  File "/opt/alt/python310/lib64/python3.10/imp.py", line 170, in load_source
    module = _exec(spec, sys.modules[name])
  File "<frozen importlib._bootstrap>", line 619, in _exec
  File "<frozen importlib._bootstrap_external>", line 883, in exec_module
  File "<frozen importlib._bootstrap>", line 241, in _call_with_frames_removed
  File "passenger_wsgi.py", line 8, in <module>
    wsgi = imp.load_source('wsgi', 'passenger_wsgi.py')
  File "/opt/alt/python310/lib64/python3.10/imp.py", line 170, in load_source
    module = _exec(spec, sys.modules[name])
  File "<frozen importlib._bootstrap>", line 619, in _exec
  File "<frozen importlib._bootstrap_external>", line 883, in exec_module
  File "<frozen importlib._bootstrap>", line 241, in _call_with_frames_removed
  File "passenger_wsgi.py", line 8, in <module>
    wsgi = imp.load_source('wsgi', 'passenger_wsgi.py')
  File "/opt/alt/python310/lib64/python3.10/imp.py", line 170, in load_source
    module = _exec(spec, sys.modules[name])
  File "<frozen importlib._bootstrap>", line 619, in _exec
  File "<frozen importlib._bootstrap_external>", line 883, in exec_module
  File "<frozen importlib._bootstrap>", line 241, in _call_with_frames_removed
  File "passenger_wsgi.py", line 8, in <module>
    wsgi = imp.load_source('wsgi', 'passenger_wsgi.py')
  File "/opt/alt/python310/lib64/python3.10/imp.py", line 170, in load_source
    module = _exec(spec, sys.modules[name])
  File "<frozen importlib._bootstrap>", line 619, in _exec
  File "<frozen importlib._bootstrap_external>", line 883, in exec_module
  File "<frozen importlib._bootstrap>", line 241, in _call_with_frames_removed
  File "passenger_wsgi.py", line 8, in <module>
    wsgi = imp.load_source('wsgi', 'passenger_wsgi.py')
  File "/opt/alt/python310/lib64/python3.10/imp.py", line 170, in load_source
    module = _exec(spec, sys.modules[name])
  File "<frozen importlib._bootstrap>", line 619, in _exec
  File "<frozen importlib._bootstrap_external>", line 883, in exec_module
  File "<frozen importlib._bootstrap>", line 241, in _call_with_frames_removed
  File "passenger_wsgi.py", line 8, in <module>
    wsgi = imp.load_source('wsgi', 'passenger_wsgi.py')
  File "/opt/alt/python310/lib64/python3.10/imp.py", line 170, in load_source
    module = _exec(spec, sys.modules[name])
  File "<frozen importlib._bootstrap>", line 619, in _exec
  File "<frozen importlib._bootstrap_external>", line 883, in exec_module
  File "<frozen importlib._bootstrap>", line 241, in _call_with_frames_removed
  File "passenger_wsgi.py", line 8, in <module>
    wsgi = imp.load_source('wsgi', 'passenger_wsgi.py')
  File "/opt/alt/python310/lib64/python3.10/imp.py", line 170, in load_source
    module = _exec(spec, sys.modules[name])
  File "<frozen importlib._bootstrap>", line 619, in _exec
  File "<frozen importlib._bootstrap_external>", line 883, in exec_module
  File "<frozen importlib._bootstrap>", line 241, in _call_with_frames_removed
  File "passenger_wsgi.py", line 8, in <module>
    wsgi = imp.load_source('wsgi', 'passenger_wsgi.py')
  File "/opt/alt/python310/lib64/python3.10/imp.py", line 170, in load_source
    module = _exec(spec, sys.modules[name])
  File "<frozen importlib._bootstrap>", line 619, in _exec
  File "<frozen importlib._bootstrap_external>", line 883, in exec_module
  File "<frozen importlib._bootstrap>", line 241, in _call_with_frames_removed
  File "passenger_wsgi.py", line 8, in <module>
    wsgi = imp.load_source('wsgi', 'passenger_wsgi.py')
  File "/opt/alt/python310/lib64/python3.10/imp.py", line 170, in load_source
    module = _exec(spec, sys.modules[name])
  File "<frozen importlib._bootstrap>", line 619, in _exec
  File "<frozen importlib._bootstrap_external>", line 883, in exec_module
  File "<frozen importlib._bootstrap>", line 241, in _call_with_frames_removed
  File "passenger_wsgi.py", line 8, in <module>
    wsgi = imp.load_source('wsgi', 'passenger_wsgi.py')
  File "/opt/alt/python310/lib64/python3.10/imp.py", line 170, in load_source
    module = _exec(spec, sys.modules[name])
  File "<frozen importlib._bootstrap>", line 619, in _exec
  File "<frozen importlib._bootstrap_external>", line 883, in exec_module
  File "<frozen importlib._bootstrap>", line 241, in _call_with_frames_removed
  File "passenger_wsgi.py", line 8, in <module>
    wsgi = imp.load_source('wsgi', 'passenger_wsgi.py')
  File "/opt/alt/python310/lib64/python3.10/imp.py", line 170, in load_source
    module = _exec(spec, sys.modules[name])
  File "<frozen importlib._bootstrap>", line 619, in _exec
  File "<frozen importlib._bootstrap_external>", line 883, in exec_module
  File "<frozen importlib._bootstrap>", line 241, in _call_with_frames_removed
  File "passenger_wsgi.py", line 8, in <module>
    wsgi = imp.load_source('wsgi', 'passenger_wsgi.py')
  File "/opt/alt/python310/lib64/python3.10/imp.py", line 170, in load_source
    module = _exec(spec, sys.modules[name])
  File "<frozen importlib._bootstrap>", line 619, in _exec
  File "<frozen importlib._bootstrap_external>", line 883, in exec_module
  File "<frozen importlib._bootstrap>", line 241, in _call_with_frames_removed
  File "passenger_wsgi.py", line 8, in <module>
    wsgi = imp.load_source('wsgi', 'passenger_wsgi.py')
  File "/opt/alt/python310/lib64/python3.10/imp.py", line 170, in load_source
    module = _exec(spec, sys.modules[name])
  File "<frozen importlib._bootstrap>", line 619, in _exec
  File "<frozen importlib._bootstrap_external>", line 883, in exec_module
  File "<frozen importlib._bootstrap>", line 241, in _call_with_frames_removed
  File "passenger_wsgi.py", line 8, in <module>
    wsgi = imp.load_source('wsgi', 'passenger_wsgi.py')
  File "/opt/alt/python310/lib64/python3.10/imp.py", line 170, in load_source
    module = _exec(spec, sys.modules[name])
  File "<frozen importlib._bootstrap>", line 619, in _exec
  File "<frozen importlib._bootstrap_external>", line 883, in exec_module
  File "<frozen importlib._bootstrap>", line 241, in _call_with_frames_removed
  File "passenger_wsgi.py", line 8, in <module>
    wsgi = imp.load_source('wsgi', 'passenger_wsgi.py')
  File "/opt/alt/python310/lib64/python3.10/imp.py", line 170, in load_source
    module = _exec(spec, sys.modules[name])
  File "<frozen importlib._bootstrap>", line 619, in _exec
  File "<frozen importlib._bootstrap_external>", line 883, in exec_module
  File "<frozen importlib._bootstrap>", line 241, in _call_with_frames_removed
  File "passenger_wsgi.py", line 8, in <module>
    wsgi = imp.load_source('wsgi', 'passenger_wsgi.py')
  File "/opt/alt/python310/lib64/python3.10/imp.py", line 170, in load_source
    module = _exec(spec, sys.modules[name])
  File "<frozen importlib._bootstrap>", line 619, in _exec
  File "<frozen importlib._bootstrap_external>", line 883, in exec_module
  File "<frozen importlib._bootstrap>", line 241, in _call_with_frames_removed
  File "passenger_wsgi.py", line 8, in <module>
    wsgi = imp.load_source('wsgi', 'passenger_wsgi.py')
  File "/opt/alt/python310/lib64/python3.10/imp.py", line 170, in load_source
    module = _exec(spec, sys.modules[name])
  File "<frozen importlib._bootstrap>", line 619, in _exec
  File "<frozen importlib._bootstrap_external>", line 883, in exec_module
  File "<frozen importlib._bootstrap>", line 241, in _call_with_frames_removed
  File "passenger_wsgi.py", line 8, in <module>
    wsgi = imp.load_source('wsgi', 'passenger_wsgi.py')
  File "/opt/alt/python310/lib64/python3.10/imp.py", line 170, in load_source
    module = _exec(spec, sys.modules[name])
  File "<frozen importlib._bootstrap>", line 619, in _exec
  File "<frozen importlib._bootstrap_external>", line 883, in exec_module
  File "<frozen importlib._bootstrap>", line 241, in _call_with_frames_removed
  File "passenger_wsgi.py", line 8, in <module>
    wsgi = imp.load_source('wsgi', 'passenger_wsgi.py')
  File "/opt/alt/python310/lib64/python3.10/imp.py", line 170, in load_source
    module = _exec(spec, sys.modules[name])
  File "<frozen importlib._bootstrap>", line 619, in _exec
  File "<frozen importlib._bootstrap_external>", line 883, in exec_module
  File "<frozen importlib._bootstrap>", line 241, in _call_with_frames_removed
  File "passenger_wsgi.py", line 8, in <module>
    wsgi = imp.load_source('wsgi', 'passenger_wsgi.py')
  File "/opt/alt/python310/lib64/python3.10/imp.py", line 170, in load_source
    module = _exec(spec, sys.modules[name])
  File "<frozen importlib._bootstrap>", line 619, in _exec
  File "<frozen importlib._bootstrap_external>", line 883, in exec_module
  File "<frozen importlib._bootstrap>", line 241, in _call_with_frames_removed
  File "passenger_wsgi.py", line 8, in <module>
    wsgi = imp.load_source('wsgi', 'passenger_wsgi.py')
  File "/opt/alt/python310/lib64/python3.10/imp.py", line 170, in load_source
    module = _exec(spec, sys.modules[name])
  File "<frozen importlib._bootstrap>", line 619, in _exec
  File "<frozen importlib._bootstrap_external>", line 883, in exec_module
  File "<frozen importlib._bootstrap>", line 241, in _call_with_frames_removed
  File "passenger_wsgi.py", line 8, in <module>
    wsgi = imp.load_source('wsgi', 'passenger_wsgi.py')
  File "/opt/alt/python310/lib64/python3.10/imp.py", line 170, in load_source
    module = _exec(spec, sys.modules[name])
  File "<frozen importlib._bootstrap>", line 619, in _exec
  File "<frozen importlib._bootstrap_external>", line 883, in exec_module
  File "<frozen importlib._bootstrap>", line 241, in _call_with_frames_removed
  File "passenger_wsgi.py", line 8, in <module>
    wsgi = imp.load_source('wsgi', 'passenger_wsgi.py')
  File "/opt/alt/python310/lib64/python3.10/imp.py", line 170, in load_source
    module = _exec(spec, sys.modules[name])
  File "<frozen importlib._bootstrap>", line 619, in _exec
  File "<frozen importlib._bootstrap_external>", line 883, in exec_module
  File "<frozen importlib._bootstrap>", line 241, in _call_with_frames_removed
  File "passenger_wsgi.py", line 8, in <module>
    wsgi = imp.load_source('wsgi', 'passenger_wsgi.py')
  File "/opt/alt/python310/lib64/python3.10/imp.py", line 170, in load_source
    module = _exec(spec, sys.modules[name])
  File "<frozen importlib._bootstrap>", line 619, in _exec
  File "<frozen importlib._bootstrap_external>", line 883, in exec_module
  File "<frozen importlib._bootstrap>", line 241, in _call_with_frames_removed
  File "passenger_wsgi.py", line 8, in <module>
    wsgi = imp.load_source('wsgi', 'passenger_wsgi.py')
  File "/opt/alt/python310/lib64/python3.10/imp.py", line 170, in load_source
    module = _exec(spec, sys.modules[name])
  File "<frozen importlib._bootstrap>", line 619, in _exec
  File "<frozen importlib._bootstrap_external>", line 883, in exec_module
  File "<frozen importlib._bootstrap>", line 241, in _call_with_frames_removed
  File "passenger_wsgi.py", line 8, in <module>
    wsgi = imp.load_source('wsgi', 'passenger_wsgi.py')
  File "/opt/alt/python310/lib64/python3.10/imp.py", line 170, in load_source
    module = _exec(spec, sys.modules[name])
  File "<frozen importlib._bootstrap>", line 619, in _exec
  File "<frozen importlib._bootstrap_external>", line 883, in exec_module
  File "<frozen importlib._bootstrap>", line 241, in _call_with_frames_removed
  File "passenger_wsgi.py", line 8, in <module>
    wsgi = imp.load_source('wsgi', 'passenger_wsgi.py')
  File "/opt/alt/python310/lib64/python3.10/imp.py", line 170, in load_source
    module = _exec(spec, sys.modules[name])
  File "<frozen importlib._bootstrap>", line 612, in _exec
  File "<frozen importlib._bootstrap>", line 556, in _init_module_attrs
  File "<frozen importlib._bootstrap>", line 397, in cached
  File "<frozen importlib._bootstrap_external>", line 513, in _get_cached
  File "<frozen importlib._bootstrap_external>", line 406, in cache_from_source
  File "<frozen importlib._bootstrap_external>", line 134, in _path_split
RecursionError: maximum recursion depth exceeded
[UID:1969][3557468] Child process with pid: 3557614 was killed by signal: 15, core dumped: no
Traceback (most recent call last):
  File "/home/bslimted/apps/passenger_wsgi.py", line 8, in <module>
    wsgi = imp.load_source('wsgi', 'passenger_wsgi.py')
  File "/opt/alt/python310/lib64/python3.10/imp.py", line 172, in load_source
    module = _load(spec)
  File "<frozen importlib._bootstrap>", line 719, in _load
  File "<frozen importlib._bootstrap>", line 688, in _load_unlocked
  File "<frozen importlib._bootstrap_external>", line 883, in exec_module
  File "<frozen importlib._bootstrap>", line 241, in _call_with_frames_removed
  File "passenger_wsgi.py", line 8, in <module>
    wsgi = imp.load_source('wsgi', 'passenger_wsgi.py')
  File "/opt/alt/python310/lib64/python3.10/imp.py", line 170, in load_source
    module = _exec(spec, sys.modules[name])
  File "<frozen importlib._bootstrap>", line 619, in _exec
  File "<frozen importlib._bootstrap_external>", line 883, in exec_module
  File "<frozen importlib._bootstrap>", line 241, in _call_with_frames_removed
  File "passenger_wsgi.py", line 8, in <module>
    wsgi = imp.load_source('wsgi', 'passenger_wsgi.py')
  File "/opt/alt/python310/lib64/python3.10/imp.py", line 170, in load_source
    module = _exec(spec, sys.modules[name])
  File "<frozen importlib._bootstrap>", line 619, in _exec
  File "<frozen importlib._bootstrap_external>", line 883, in exec_module
  File "<frozen importlib._bootstrap>", line 241, in _call_with_frames_removed
  File "passenger_wsgi.py", line 8, in <module>
    wsgi = imp.load_source('wsgi', 'passenger_wsgi.py')
  File "/opt/alt/python310/lib64/python3.10/imp.py", line 170, in load_source
    module = _exec(spec, sys.modules[name])
  File "<frozen importlib._bootstrap>", line 619, in _exec
  File "<frozen importlib._bootstrap_external>", line 883, in exec_module
  File "<frozen importlib._bootstrap>", line 241, in _call_with_frames_removed
  File "passenger_wsgi.py", line 8, in <module>
    wsgi = imp.load_source('wsgi', 'passenger_wsgi.py')
  File "/opt/alt/python310/lib64/python3.10/imp.py", line 170, in load_source
    module = _exec(spec, sys.modules[name])
  File "<frozen importlib._bootstrap>", line 619, in _exec
  File "<frozen importlib._bootstrap_external>", line 883, in exec_module
  File "<frozen importlib._bootstrap>", line 241, in _call_with_frames_removed
  File "passenger_wsgi.py", line 8, in <module>
    wsgi = imp.load_source('wsgi', 'passenger_wsgi.py')
  File "/opt/alt/python310/lib64/python3.10/imp.py", line 170, in load_source
    module = _exec(spec, sys.modules[name])
  File "<frozen importlib._bootstrap>", line 619, in _exec
  File "<frozen importlib._bootstrap_external>", line 883, in exec_module
  File "<frozen importlib._bootstrap>", line 241, in _call_with_frames_removed
  File "passenger_wsgi.py", line 8, in <module>
    wsgi = imp.load_source('wsgi', 'passenger_wsgi.py')
  File "/opt/alt/python310/lib64/python3.10/imp.py", line 170, in load_source
    module = _exec(spec, sys.modules[name])
  File "<frozen importlib._bootstrap>", line 619, in _exec
  File "<frozen importlib._bootstrap_external>", line 883, in exec_module
  File "<frozen importlib._bootstrap>", line 241, in _call_with_frames_removed
  File "passenger_wsgi.py", line 8, in <module>
    wsgi = imp.load_source('wsgi', 'passenger_wsgi.py')
  File "/opt/alt/python310/lib64/python3.10/imp.py", line 170, in load_source
    module = _exec(spec, sys.modules[name])
  File "<frozen importlib._bootstrap>", line 619, in _exec
  File "<frozen importlib._bootstrap_external>", line 883, in exec_module
  File "<frozen importlib._bootstrap>", line 241, in _call_with_frames_removed
  File "passenger_wsgi.py", line 8, in <module>
    wsgi = imp.load_source('wsgi', 'passenger_wsgi.py')
  File "/opt/alt/python310/lib64/python3.10/imp.py", line 170, in load_source
    module = _exec(spec, sys.modules[name])
  File "<frozen importlib._bootstrap>", line 619, in _exec
  File "<frozen importlib._bootstrap_external>", line 883, in exec_module
  File "<frozen importlib._bootstrap>", line 241, in _call_with_frames_removed
  File "passenger_wsgi.py", line 8, in <module>
    wsgi = imp.load_source('wsgi', 'passenger_wsgi.py')
  File "/opt/alt/python310/lib64/python3.10/imp.py", line 170, in load_source
    module = _exec(spec, sys.modules[name])
  File "<frozen importlib._bootstrap>", line 619, in _exec
  File "<frozen importlib._bootstrap_external>", line 883, in exec_module
  File "<frozen importlib._bootstrap>", line 241, in _call_with_frames_removed
  File "passenger_wsgi.py", line 8, in <module>
    wsgi = imp.load_source('wsgi', 'passenger_wsgi.py')
  File "/opt/alt/python310/lib64/python3.10/imp.py", line 170, in load_source
    module = _exec(spec, sys.modules[name])
  File "<frozen importlib._bootstrap>", line 619, in _exec
  File "<frozen importlib._bootstrap_external>", line 883, in exec_module
  File "<frozen importlib._bootstrap>", line 241, in _call_with_frames_removed
  File "passenger_wsgi.py", line 8, in <module>
    wsgi = imp.load_source('wsgi', 'passenger_wsgi.py')
  File "/opt/alt/python310/lib64/python3.10/imp.py", line 170, in load_source
    module = _exec(spec, sys.modules[name])
  File "<frozen importlib._bootstrap>", line 619, in _exec
  File "<frozen importlib._bootstrap_external>", line 883, in exec_module
  File "<frozen importlib._bootstrap>", line 241, in _call_with_frames_removed
  File "passenger_wsgi.py", line 8, in <module>
    wsgi = imp.load_source('wsgi', 'passenger_wsgi.py')
  File "/opt/alt/python310/lib64/python3.10/imp.py", line 170, in load_source
    module = _exec(spec, sys.modules[name])
  File "<frozen importlib._bootstrap>", line 619, in _exec
  File "<frozen importlib._bootstrap_external>", line 883, in exec_module
  File "<frozen importlib._bootstrap>", line 241, in _call_with_frames_removed
  File "passenger_wsgi.py", line 8, in <module>
    wsgi = imp.load_source('wsgi', 'passenger_wsgi.py')
  File "/opt/alt/python310/lib64/python3.10/imp.py", line 170, in load_source
    module = _exec(spec, sys.modules[name])
  File "<frozen importlib._bootstrap>", line 619, in _exec
  File "<frozen importlib._bootstrap_external>", line 883, in exec_module
  File "<frozen importlib._bootstrap>", line 241, in _call_with_frames_removed
  File "passenger_wsgi.py", line 8, in <module>
    wsgi = imp.load_source('wsgi', 'passenger_wsgi.py')
  File "/opt/alt/python310/lib64/python3.10/imp.py", line 170, in load_source
    module = _exec(spec, sys.modules[name])
  File "<frozen importlib._bootstrap>", line 619, in _exec
  File "<frozen importlib._bootstrap_external>", line 883, in exec_module
  File "<frozen importlib._bootstrap>", line 241, in _call_with_frames_removed
  File "passenger_wsgi.py", line 8, in <module>
    wsgi = imp.load_source('wsgi', 'passenger_wsgi.py')
  File "/opt/alt/python310/lib64/python3.10/imp.py", line 170, in load_source
    module = _exec(spec, sys.modules[name])
  File "<frozen importlib._bootstrap>", line 619, in _exec
  File "<frozen importlib._bootstrap_external>", line 883, in exec_module
  File "<frozen importlib._bootstrap>", line 241, in _call_with_frames_removed
  File "passenger_wsgi.py", line 8, in <module>
    wsgi = imp.load_source('wsgi', 'passenger_wsgi.py')
  File "/opt/alt/python310/lib64/python3.10/imp.py", line 170, in load_source
    module = _exec(spec, sys.modules[name])
  File "<frozen importlib._bootstrap>", line 619, in _exec
  File "<frozen importlib._bootstrap_external>", line 883, in exec_module
  File "<frozen importlib._bootstrap>", line 241, in _call_with_frames_removed
  File "passenger_wsgi.py", line 8, in <module>
    wsgi = imp.load_source('wsgi', 'passenger_wsgi.py')
  File "/opt/alt/python310/lib64/python3.10/imp.py", line 170, in load_source
    module = _exec(spec, sys.modules[name])
  File "<frozen importlib._bootstrap>", line 619, in _exec
  File "<frozen importlib._bootstrap_external>", line 883, in exec_module
  File "<frozen importlib._bootstrap>", line 241, in _call_with_frames_removed
  File "passenger_wsgi.py", line 8, in <module>
    wsgi = imp.load_source('wsgi', 'passenger_wsgi.py')
  File "/opt/alt/python310/lib64/python3.10/imp.py", line 170, in load_source
    module = _exec(spec, sys.modules[name])
  File "<frozen importlib._bootstrap>", line 619, in _exec
  File "<frozen importlib._bootstrap_external>", line 883, in exec_module
  File "<frozen importlib._bootstrap>", line 241, in _call_with_frames_removed
  File "passenger_wsgi.py", line 8, in <module>
    wsgi = imp.load_source('wsgi', 'passenger_wsgi.py')
  File "/opt/alt/python310/lib64/python3.10/imp.py", line 170, in load_source
    module = _exec(spec, sys.modules[name])
  File "<frozen importlib._bootstrap>", line 619, in _exec
  File "<frozen importlib._bootstrap_external>", line 883, in exec_module
  File "<frozen importlib._bootstrap>", line 241, in _call_with_frames_removed
  File "passenger_wsgi.py", line 8, in <module>
    wsgi = imp.load_source('wsgi', 'passenger_wsgi.py')
  File "/opt/alt/python310/lib64/python3.10/imp.py", line 170, in load_source
    module = _exec(spec, sys.modules[name])
  File "<frozen importlib._bootstrap>", line 619, in _exec
  File "<frozen importlib._bootstrap_external>", line 883, in exec_module
  File "<frozen importlib._bootstrap>", line 241, in _call_with_frames_removed
  File "passenger_wsgi.py", line 8, in <module>
    wsgi = imp.load_source('wsgi', 'passenger_wsgi.py')
  File "/opt/alt/python310/lib64/python3.10/imp.py", line 170, in load_source
    module = _exec(spec, sys.modules[name])
  File "<frozen importlib._bootstrap>", line 619, in _exec
  File "<frozen importlib._bootstrap_external>", line 883, in exec_module
  File "<frozen importlib._bootstrap>", line 241, in _call_with_frames_removed
  File "passenger_wsgi.py", line 8, in <module>
    wsgi = imp.load_source('wsgi', 'passenger_wsgi.py')
  File "/opt/alt/python310/lib64/python3.10/imp.py", line 170, in load_source
    module = _exec(spec, sys.modules[name])
  File "<frozen importlib._bootstrap>", line 619, in _exec
  File "<frozen importlib._bootstrap_external>", line 883, in exec_module
  File "<frozen importlib._bootstrap>", line 241, in _call_with_frames_removed
  File "passenger_wsgi.py", line 8, in <module>
    wsgi = imp.load_source('wsgi', 'passenger_wsgi.py')
  File "/opt/alt/python310/lib64/python3.10/imp.py", line 170, in load_source
    module = _exec(spec, sys.modules[name])
  File "<frozen importlib._bootstrap>", line 619, in _exec
  File "<frozen importlib._bootstrap_external>", line 883, in exec_module
  File "<frozen importlib._bootstrap>", line 241, in _call_with_frames_removed
  File "passenger_wsgi.py", line 8, in <module>
    wsgi = imp.load_source('wsgi', 'passenger_wsgi.py')
  File "/opt/alt/python310/lib64/python3.10/imp.py", line 170, in load_source
    module = _exec(spec, sys.modules[name])
  File "<frozen importlib._bootstrap>", line 619, in _exec
  File "<frozen importlib._bootstrap_external>", line 883, in exec_module
  File "<frozen importlib._bootstrap>", line 241, in _call_with_frames_removed
  File "passenger_wsgi.py", line 8, in <module>
    wsgi = imp.load_source('wsgi', 'passenger_wsgi.py')
  File "/opt/alt/python310/lib64/python3.10/imp.py", line 170, in load_source
    module = _exec(spec, sys.modules[name])
  File "<frozen importlib._bootstrap>", line 619, in _exec
  File "<frozen importlib._bootstrap_external>", line 883, in exec_module
  File "<frozen importlib._bootstrap>", line 241, in _call_with_frames_removed
  File "passenger_wsgi.py", line 8, in <module>
    wsgi = imp.load_source('wsgi', 'passenger_wsgi.py')
  File "/opt/alt/python310/lib64/python3.10/imp.py", line 170, in load_source
    module = _exec(spec, sys.modules[name])
  File "<frozen importlib._bootstrap>", line 619, in _exec
  File "<frozen importlib._bootstrap_external>", line 883, in exec_module
  File "<frozen importlib._bootstrap>", line 241, in _call_with_frames_removed
  File "passenger_wsgi.py", line 8, in <module>
    wsgi = imp.load_source('wsgi', 'passenger_wsgi.py')
  File "/opt/alt/python310/lib64/python3.10/imp.py", line 170, in load_source
    module = _exec(spec, sys.modules[name])
  File "<frozen importlib._bootstrap>", line 619, in _exec
  File "<frozen importlib._bootstrap_external>", line 883, in exec_module
  File "<frozen importlib._bootstrap>", line 241, in _call_with_frames_removed
  File "passenger_wsgi.py", line 8, in <module>
    wsgi = imp.load_source('wsgi', 'passenger_wsgi.py')
  File "/opt/alt/python310/lib64/python3.10/imp.py", line 170, in load_source
    module = _exec(spec, sys.modules[name])
  File "<frozen importlib._bootstrap>", line 619, in _exec
  File "<frozen importlib._bootstrap_external>", line 883, in exec_module
  File "<frozen importlib._bootstrap>", line 241, in _call_with_frames_removed
  File "passenger_wsgi.py", line 8, in <module>
    wsgi = imp.load_source('wsgi', 'passenger_wsgi.py')
  File "/opt/alt/python310/lib64/python3.10/imp.py", line 170, in load_source
    module = _exec(spec, sys.modules[name])
  File "<frozen importlib._bootstrap>", line 619, in _exec
  File "<frozen importlib._bootstrap_external>", line 883, in exec_module
  File "<frozen importlib._bootstrap>", line 241, in _call_with_frames_removed
  File "passenger_wsgi.py", line 8, in <module>
    wsgi = imp.load_source('wsgi', 'passenger_wsgi.py')
  File "/opt/alt/python310/lib64/python3.10/imp.py", line 170, in load_source
    module = _exec(spec, sys.modules[name])
  File "<frozen importlib._bootstrap>", line 619, in _exec
  File "<frozen importlib._bootstrap_external>", line 883, in exec_module
  File "<frozen importlib._bootstrap>", line 241, in _call_with_frames_removed
  File "passenger_wsgi.py", line 8, in <module>
    wsgi = imp.load_source('wsgi', 'passenger_wsgi.py')
  File "/opt/alt/python310/lib64/python3.10/imp.py", line 170, in load_source
    module = _exec(spec, sys.modules[name])
  File "<frozen importlib._bootstrap>", line 619, in _exec
  File "<frozen importlib._bootstrap_external>", line 883, in exec_module
  File "<frozen importlib._bootstrap>", line 241, in _call_with_frames_removed
  File "passenger_wsgi.py", line 8, in <module>
    wsgi = imp.load_source('wsgi', 'passenger_wsgi.py')
  File "/opt/alt/python310/lib64/python3.10/imp.py", line 170, in load_source
    module = _exec(spec, sys.modules[name])
  File "<frozen importlib._bootstrap>", line 619, in _exec
  File "<frozen importlib._bootstrap_external>", line 883, in exec_module
  File "<frozen importlib._bootstrap>", line 241, in _call_with_frames_removed
  File "passenger_wsgi.py", line 8, in <module>
    wsgi = imp.load_source('wsgi', 'passenger_wsgi.py')
  File "/opt/alt/python310/lib64/python3.10/imp.py", line 170, in load_source
    module = _exec(spec, sys.modules[name])
  File "<frozen importlib._bootstrap>", line 619, in _exec
  File "<frozen importlib._bootstrap_external>", line 883, in exec_module
  File "<frozen importlib._bootstrap>", line 241, in _call_with_frames_removed
  File "passenger_wsgi.py", line 8, in <module>
    wsgi = imp.load_source('wsgi', 'passenger_wsgi.py')
  File "/opt/alt/python310/lib64/python3.10/imp.py", line 170, in load_source
    module = _exec(spec, sys.modules[name])
  File "<frozen importlib._bootstrap>", line 619, in _exec
  File "<frozen importlib._bootstrap_external>", line 883, in exec_module
  File "<frozen importlib._bootstrap>", line 241, in _call_with_frames_removed
  File "passenger_wsgi.py", line 8, in <module>
    wsgi = imp.load_source('wsgi', 'passenger_wsgi.py')
  File "/opt/alt/python310/lib64/python3.10/imp.py", line 170, in load_source
    module = _exec(spec, sys.modules[name])
  File "<frozen importlib._bootstrap>", line 619, in _exec
  File "<frozen importlib._bootstrap_external>", line 883, in exec_module
  File "<frozen importlib._bootstrap>", line 241, in _call_with_frames_removed
  File "passenger_wsgi.py", line 8, in <module>
    wsgi = imp.load_source('wsgi', 'passenger_wsgi.py')
  File "/opt/alt/python310/lib64/python3.10/imp.py", line 170, in load_source
    module = _exec(spec, sys.modules[name])
  File "<frozen importlib._bootstrap>", line 619, in _exec
  File "<frozen importlib._bootstrap_external>", line 883, in exec_module
  File "<frozen importlib._bootstrap>", line 241, in _call_with_frames_removed
  File "passenger_wsgi.py", line 8, in <module>
    wsgi = imp.load_source('wsgi', 'passenger_wsgi.py')
  File "/opt/alt/python310/lib64/python3.10/imp.py", line 170, in load_source
    module = _exec(spec, sys.modules[name])
  File "<frozen importlib._bootstrap>", line 619, in _exec
  File "<frozen importlib._bootstrap_external>", line 883, in exec_module
  File "<frozen importlib._bootstrap>", line 241, in _call_with_frames_removed
  File "passenger_wsgi.py", line 8, in <module>
    wsgi = imp.load_source('wsgi', 'passenger_wsgi.py')
  File "/opt/alt/python310/lib64/python3.10/imp.py", line 170, in load_source
    module = _exec(spec, sys.modules[name])
  File "<frozen importlib._bootstrap>", line 619, in _exec
  File "<frozen importlib._bootstrap_external>", line 883, in exec_module
  File "<frozen importlib._bootstrap>", line 241, in _call_with_frames_removed
  File "passenger_wsgi.py", line 8, in <module>
    wsgi = imp.load_source('wsgi', 'passenger_wsgi.py')
  File "/opt/alt/python310/lib64/python3.10/imp.py", line 170, in load_source
    module = _exec(spec, sys.modules[name])
  File "<frozen importlib._bootstrap>", line 619, in _exec
  File "<frozen importlib._bootstrap_external>", line 883, in exec_module
  File "<frozen importlib._bootstrap>", line 241, in _call_with_frames_removed
  File "passenger_wsgi.py", line 8, in <module>
    wsgi = imp.load_source('wsgi', 'passenger_wsgi.py')
  File "/opt/alt/python310/lib64/python3.10/imp.py", line 170, in load_source
    module = _exec(spec, sys.modules[name])
  File "<frozen importlib._bootstrap>", line 619, in _exec
  File "<frozen importlib._bootstrap_external>", line 883, in exec_module
  File "<frozen importlib._bootstrap>", line 241, in _call_with_frames_removed
  File "passenger_wsgi.py", line 8, in <module>
    wsgi = imp.load_source('wsgi', 'passenger_wsgi.py')
  File "/opt/alt/python310/lib64/python3.10/imp.py", line 170, in load_source
    module = _exec(spec, sys.modules[name])
  File "<frozen importlib._bootstrap>", line 619, in _exec
  File "<frozen importlib._bootstrap_external>", line 883, in exec_module
  File "<frozen importlib._bootstrap>", line 241, in _call_with_frames_removed
  File "passenger_wsgi.py", line 8, in <module>
    wsgi = imp.load_source('wsgi', 'passenger_wsgi.py')
  File "/opt/alt/python310/lib64/python3.10/imp.py", line 170, in load_source
    module = _exec(spec, sys.modules[name])
  File "<frozen importlib._bootstrap>", line 619, in _exec
  File "<frozen importlib._bootstrap_external>", line 883, in exec_module
  File "<frozen importlib._bootstrap>", line 241, in _call_with_frames_removed
  File "passenger_wsgi.py", line 8, in <module>
    wsgi = imp.load_source('wsgi', 'passenger_wsgi.py')
  File "/opt/alt/python310/lib64/python3.10/imp.py", line 170, in load_source
    module = _exec(spec, sys.modules[name])
  File "<frozen importlib._bootstrap>", line 619, in _exec
  File "<frozen importlib._bootstrap_external>", line 883, in exec_module
  File "<frozen importlib._bootstrap>", line 241, in _call_with_frames_removed
  File "passenger_wsgi.py", line 8, in <module>
    wsgi = imp.load_source('wsgi', 'passenger_wsgi.py')
  File "/opt/alt/python310/lib64/python3.10/imp.py", line 170, in load_source
    module = _exec(spec, sys.modules[name])
  File "<frozen importlib._bootstrap>", line 619, in _exec
  File "<frozen importlib._bootstrap_external>", line 883, in exec_module
  File "<frozen importlib._bootstrap>", line 241, in _call_with_frames_removed
  File "passenger_wsgi.py", line 8, in <module>
    wsgi = imp.load_source('wsgi', 'passenger_wsgi.py')
  File "/opt/alt/python310/lib64/python3.10/imp.py", line 170, in load_source
    module = _exec(spec, sys.modules[name])
  File "<frozen importlib._bootstrap>", line 619, in _exec
  File "<frozen importlib._bootstrap_external>", line 883, in exec_module
  File "<frozen importlib._bootstrap>", line 241, in _call_with_frames_removed
  File "passenger_wsgi.py", line 8, in <module>
    wsgi = imp.load_source('wsgi', 'passenger_wsgi.py')
  File "/opt/alt/python310/lib64/python3.10/imp.py", line 170, in load_source
    module = _exec(spec, sys.modules[name])
  File "<frozen importlib._bootstrap>", line 619, in _exec
  File "<frozen importlib._bootstrap_external>", line 883, in exec_module
  File "<frozen importlib._bootstrap>", line 241, in _call_with_frames_removed
  File "passenger_wsgi.py", line 8, in <module>
    wsgi = imp.load_source('wsgi', 'passenger_wsgi.py')
  File "/opt/alt/python310/lib64/python3.10/imp.py", line 170, in load_source
    module = _exec(spec, sys.modules[name])
  File "<frozen importlib._bootstrap>", line 619, in _exec
  File "<frozen importlib._bootstrap_external>", line 883, in exec_module
  File "<frozen importlib._bootstrap>", line 241, in _call_with_frames_removed
  File "passenger_wsgi.py", line 8, in <module>
    wsgi = imp.load_source('wsgi', 'passenger_wsgi.py')
  File "/opt/alt/python310/lib64/python3.10/imp.py", line 170, in load_source
    module = _exec(spec, sys.modules[name])
  File "<frozen importlib._bootstrap>", line 619, in _exec
  File "<frozen importlib._bootstrap_external>", line 883, in exec_module
  File "<frozen importlib._bootstrap>", line 241, in _call_with_frames_removed
  File "passenger_wsgi.py", line 8, in <module>
    wsgi = imp.load_source('wsgi', 'passenger_wsgi.py')
  File "/opt/alt/python310/lib64/python3.10/imp.py", line 170, in load_source
    module = _exec(spec, sys.modules[name])
  File "<frozen importlib._bootstrap>", line 619, in _exec
  File "<frozen importlib._bootstrap_external>", line 883, in exec_module
  File "<frozen importlib._bootstrap>", line 241, in _call_with_frames_removed
  File "passenger_wsgi.py", line 8, in <module>
    wsgi = imp.load_source('wsgi', 'passenger_wsgi.py')
  File "/opt/alt/python310/lib64/python3.10/imp.py", line 170, in load_source
    module = _exec(spec, sys.modules[name])
  File "<frozen importlib._bootstrap>", line 619, in _exec
  File "<frozen importlib._bootstrap_external>", line 883, in exec_module
  File "<frozen importlib._bootstrap>", line 241, in _call_with_frames_removed
  File "passenger_wsgi.py", line 8, in <module>
    wsgi = imp.load_source('wsgi', 'passenger_wsgi.py')
  File "/opt/alt/python310/lib64/python3.10/imp.py", line 170, in load_source
    module = _exec(spec, sys.modules[name])
  File "<frozen importlib._bootstrap>", line 619, in _exec
  File "<frozen importlib._bootstrap_external>", line 883, in exec_module
  File "<frozen importlib._bootstrap>", line 241, in _call_with_frames_removed
  File "passenger_wsgi.py", line 8, in <module>
    wsgi = imp.load_source('wsgi', 'passenger_wsgi.py')
  File "/opt/alt/python310/lib64/python3.10/imp.py", line 170, in load_source
    module = _exec(spec, sys.modules[name])
  File "<frozen importlib._bootstrap>", line 619, in _exec
  File "<frozen importlib._bootstrap_external>", line 883, in exec_module
  File "<frozen importlib._bootstrap>", line 241, in _call_with_frames_removed
  File "passenger_wsgi.py", line 8, in <module>
    wsgi = imp.load_source('wsgi', 'passenger_wsgi.py')
  File "/opt/alt/python310/lib64/python3.10/imp.py", line 170, in load_source
    module = _exec(spec, sys.modules[name])
  File "<frozen importlib._bootstrap>", line 619, in _exec
  File "<frozen importlib._bootstrap_external>", line 883, in exec_module
  File "<frozen importlib._bootstrap>", line 241, in _call_with_frames_removed
  File "passenger_wsgi.py", line 8, in <module>
    wsgi = imp.load_source('wsgi', 'passenger_wsgi.py')
  File "/opt/alt/python310/lib64/python3.10/imp.py", line 170, in load_source
    module = _exec(spec, sys.modules[name])
  File "<frozen importlib._bootstrap>", line 619, in _exec
  File "<frozen importlib._bootstrap_external>", line 883, in exec_module
  File "<frozen importlib._bootstrap>", line 241, in _call_with_frames_removed
  File "passenger_wsgi.py", line 8, in <module>
    wsgi = imp.load_source('wsgi', 'passenger_wsgi.py')
  File "/opt/alt/python310/lib64/python3.10/imp.py", line 170, in load_source
    module = _exec(spec, sys.modules[name])
  File "<frozen importlib._bootstrap>", line 619, in _exec
  File "<frozen importlib._bootstrap_external>", line 883, in exec_module
  File "<frozen importlib._bootstrap>", line 241, in _call_with_frames_removed
  File "passenger_wsgi.py", line 8, in <module>
    wsgi = imp.load_source('wsgi', 'passenger_wsgi.py')
  File "/opt/alt/python310/lib64/python3.10/imp.py", line 170, in load_source
    module = _exec(spec, sys.modules[name])
  File "<frozen importlib._bootstrap>", line 619, in _exec
  File "<frozen importlib._bootstrap_external>", line 883, in exec_module
  File "<frozen importlib._bootstrap>", line 241, in _call_with_frames_removed
  File "passenger_wsgi.py", line 8, in <module>
    wsgi = imp.load_source('wsgi', 'passenger_wsgi.py')
  File "/opt/alt/python310/lib64/python3.10/imp.py", line 170, in load_source
    module = _exec(spec, sys.modules[name])
  File "<frozen importlib._bootstrap>", line 619, in _exec
  File "<frozen importlib._bootstrap_external>", line 883, in exec_module
  File "<frozen importlib._bootstrap>", line 241, in _call_with_frames_removed
  File "passenger_wsgi.py", line 8, in <module>
    wsgi = imp.load_source('wsgi', 'passenger_wsgi.py')
  File "/opt/alt/python310/lib64/python3.10/imp.py", line 170, in load_source
    module = _exec(spec, sys.modules[name])
  File "<frozen importlib._bootstrap>", line 619, in _exec
  File "<frozen importlib._bootstrap_external>", line 883, in exec_module
  File "<frozen importlib._bootstrap>", line 241, in _call_with_frames_removed
  File "passenger_wsgi.py", line 8, in <module>
    wsgi = imp.load_source('wsgi', 'passenger_wsgi.py')
  File "/opt/alt/python310/lib64/python3.10/imp.py", line 170, in load_source
    module = _exec(spec, sys.modules[name])
  File "<frozen importlib._bootstrap>", line 619, in _exec
  File "<frozen importlib._bootstrap_external>", line 883, in exec_module
  File "<frozen importlib._bootstrap>", line 241, in _call_with_frames_removed
  File "passenger_wsgi.py", line 8, in <module>
    wsgi = imp.load_source('wsgi', 'passenger_wsgi.py')
  File "/opt/alt/python310/lib64/python3.10/imp.py", line 170, in load_source
    module = _exec(spec, sys.modules[name])
  File "<frozen importlib._bootstrap>", line 619, in _exec
  File "<frozen importlib._bootstrap_external>", line 883, in exec_module
  File "<frozen importlib._bootstrap>", line 241, in _call_with_frames_removed
  File "passenger_wsgi.py", line 8, in <module>
    wsgi = imp.load_source('wsgi', 'passenger_wsgi.py')
  File "/opt/alt/python310/lib64/python3.10/imp.py", line 170, in load_source
    module = _exec(spec, sys.modules[name])
  File "<frozen importlib._bootstrap>", line 619, in _exec
  File "<frozen importlib._bootstrap_external>", line 883, in exec_module
  File "<frozen importlib._bootstrap>", line 241, in _call_with_frames_removed
  File "passenger_wsgi.py", line 8, in <module>
    wsgi = imp.load_source('wsgi', 'passenger_wsgi.py')
  File "/opt/alt/python310/lib64/python3.10/imp.py", line 170, in load_source
    module = _exec(spec, sys.modules[name])
  File "<frozen importlib._bootstrap>", line 619, in _exec
  File "<frozen importlib._bootstrap_external>", line 883, in exec_module
  File "<frozen importlib._bootstrap>", line 241, in _call_with_frames_removed
  File "passenger_wsgi.py", line 8, in <module>
    wsgi = imp.load_source('wsgi', 'passenger_wsgi.py')
  File "/opt/alt/python310/lib64/python3.10/imp.py", line 170, in load_source
    module = _exec(spec, sys.modules[name])
  File "<frozen importlib._bootstrap>", line 619, in _exec
  File "<frozen importlib._bootstrap_external>", line 883, in exec_module
  File "<frozen importlib._bootstrap>", line 241, in _call_with_frames_removed
  File "passenger_wsgi.py", line 8, in <module>
    wsgi = imp.load_source('wsgi', 'passenger_wsgi.py')
  File "/opt/alt/python310/lib64/python3.10/imp.py", line 170, in load_source
    module = _exec(spec, sys.modules[name])
  File "<frozen importlib._bootstrap>", line 619, in _exec
  File "<frozen importlib._bootstrap_external>", line 883, in exec_module
  File "<frozen importlib._bootstrap>", line 241, in _call_with_frames_removed
  File "passenger_wsgi.py", line 8, in <module>
    wsgi = imp.load_source('wsgi', 'passenger_wsgi.py')
  File "/opt/alt/python310/lib64/python3.10/imp.py", line 170, in load_source
    module = _exec(spec, sys.modules[name])
  File "<frozen importlib._bootstrap>", line 619, in _exec
  File "<frozen importlib._bootstrap_external>", line 883, in exec_module
  File "<frozen importlib._bootstrap>", line 241, in _call_with_frames_removed
  File "passenger_wsgi.py", line 8, in <module>
    wsgi = imp.load_source('wsgi', 'passenger_wsgi.py')
  File "/opt/alt/python310/lib64/python3.10/imp.py", line 170, in load_source
    module = _exec(spec, sys.modules[name])
  File "<frozen importlib._bootstrap>", line 619, in _exec
  File "<frozen importlib._bootstrap_external>", line 883, in exec_module
  File "<frozen importlib._bootstrap>", line 241, in _call_with_frames_removed
  File "passenger_wsgi.py", line 8, in <module>
    wsgi = imp.load_source('wsgi', 'passenger_wsgi.py')
  File "/opt/alt/python310/lib64/python3.10/imp.py", line 170, in load_source
    module = _exec(spec, sys.modules[name])
  File "<frozen importlib._bootstrap>", line 619, in _exec
  File "<frozen importlib._bootstrap_external>", line 883, in exec_module
  File "<frozen importlib._bootstrap>", line 241, in _call_with_frames_removed
  File "passenger_wsgi.py", line 8, in <module>
    wsgi = imp.load_source('wsgi', 'passenger_wsgi.py')
  File "/opt/alt/python310/lib64/python3.10/imp.py", line 170, in load_source
    module = _exec(spec, sys.modules[name])
  File "<frozen importlib._bootstrap>", line 619, in _exec
  File "<frozen importlib._bootstrap_external>", line 883, in exec_module
  File "<frozen importlib._bootstrap>", line 241, in _call_with_frames_removed
  File "passenger_wsgi.py", line 8, in <module>
    wsgi = imp.load_source('wsgi', 'passenger_wsgi.py')
  File "/opt/alt/python310/lib64/python3.10/imp.py", line 170, in load_source
    module = _exec(spec, sys.modules[name])
  File "<frozen importlib._bootstrap>", line 619, in _exec
  File "<frozen importlib._bootstrap_external>", line 883, in exec_module
  File "<frozen importlib._bootstrap>", line 241, in _call_with_frames_removed
  File "passenger_wsgi.py", line 8, in <module>
    wsgi = imp.load_source('wsgi', 'passenger_wsgi.py')
  File "/opt/alt/python310/lib64/python3.10/imp.py", line 170, in load_source
    module = _exec(spec, sys.modules[name])
  File "<frozen importlib._bootstrap>", line 619, in _exec
  File "<frozen importlib._bootstrap_external>", line 883, in exec_module
  File "<frozen importlib._bootstrap>", line 241, in _call_with_frames_removed
  File "passenger_wsgi.py", line 8, in <module>
    wsgi = imp.load_source('wsgi', 'passenger_wsgi.py')
  File "/opt/alt/python310/lib64/python3.10/imp.py", line 170, in load_source
    module = _exec(spec, sys.modules[name])
  File "<frozen importlib._bootstrap>", line 619, in _exec
  File "<frozen importlib._bootstrap_external>", line 883, in exec_module
  File "<frozen importlib._bootstrap>", line 241, in _call_with_frames_removed
  File "passenger_wsgi.py", line 8, in <module>
    wsgi = imp.load_source('wsgi', 'passenger_wsgi.py')
  File "/opt/alt/python310/lib64/python3.10/imp.py", line 170, in load_source
    module = _exec(spec, sys.modules[name])
  File "<frozen importlib._bootstrap>", line 619, in _exec
  File "<frozen importlib._bootstrap_external>", line 883, in exec_module
  File "<frozen importlib._bootstrap>", line 241, in _call_with_frames_removed
  File "passenger_wsgi.py", line 8, in <module>
    wsgi = imp.load_source('wsgi', 'passenger_wsgi.py')
  File "/opt/alt/python310/lib64/python3.10/imp.py", line 170, in load_source
    module = _exec(spec, sys.modules[name])
  File "<frozen importlib._bootstrap>", line 619, in _exec
  File "<frozen importlib._bootstrap_external>", line 883, in exec_module
  File "<frozen importlib._bootstrap>", line 241, in _call_with_frames_removed
  File "passenger_wsgi.py", line 8, in <module>
    wsgi = imp.load_source('wsgi', 'passenger_wsgi.py')
  File "/opt/alt/python310/lib64/python3.10/imp.py", line 170, in load_source
    module = _exec(spec, sys.modules[name])
  File "<frozen importlib._bootstrap>", line 619, in _exec
  File "<frozen importlib._bootstrap_external>", line 883, in exec_module
  File "<frozen importlib._bootstrap>", line 241, in _call_with_frames_removed
  File "passenger_wsgi.py", line 8, in <module>
    wsgi = imp.load_source('wsgi', 'passenger_wsgi.py')
  File "/opt/alt/python310/lib64/python3.10/imp.py", line 170, in load_source
    module = _exec(spec, sys.modules[name])
  File "<frozen importlib._bootstrap>", line 619, in _exec
  File "<frozen importlib._bootstrap_external>", line 883, in exec_module
  File "<frozen importlib._bootstrap>", line 241, in _call_with_frames_removed
  File "passenger_wsgi.py", line 8, in <module>
    wsgi = imp.load_source('wsgi', 'passenger_wsgi.py')
  File "/opt/alt/python310/lib64/python3.10/imp.py", line 170, in load_source
    module = _exec(spec, sys.modules[name])
  File "<frozen importlib._bootstrap>", line 619, in _exec
  File "<frozen importlib._bootstrap_external>", line 883, in exec_module
  File "<frozen importlib._bootstrap>", line 241, in _call_with_frames_removed
  File "passenger_wsgi.py", line 8, in <module>
    wsgi = imp.load_source('wsgi', 'passenger_wsgi.py')
  File "/opt/alt/python310/lib64/python3.10/imp.py", line 170, in load_source
    module = _exec(spec, sys.modules[name])
  File "<frozen importlib._bootstrap>", line 619, in _exec
  File "<frozen importlib._bootstrap_external>", line 883, in exec_module
  File "<frozen importlib._bootstrap>", line 241, in _call_with_frames_removed
  File "passenger_wsgi.py", line 8, in <module>
    wsgi = imp.load_source('wsgi', 'passenger_wsgi.py')
  File "/opt/alt/python310/lib64/python3.10/imp.py", line 170, in load_source
    module = _exec(spec, sys.modules[name])
  File "<frozen importlib._bootstrap>", line 619, in _exec
  File "<frozen importlib._bootstrap_external>", line 883, in exec_module
  File "<frozen importlib._bootstrap>", line 241, in _call_with_frames_removed
  File "passenger_wsgi.py", line 8, in <module>
    wsgi = imp.load_source('wsgi', 'passenger_wsgi.py')
  File "/opt/alt/python310/lib64/python3.10/imp.py", line 170, in load_source
    module = _exec(spec, sys.modules[name])
  File "<frozen importlib._bootstrap>", line 619, in _exec
  File "<frozen importlib._bootstrap_external>", line 883, in exec_module
  File "<frozen importlib._bootstrap>", line 241, in _call_with_frames_removed
  File "passenger_wsgi.py", line 8, in <module>
    wsgi = imp.load_source('wsgi', 'passenger_wsgi.py')
  File "/opt/alt/python310/lib64/python3.10/imp.py", line 170, in load_source
    module = _exec(spec, sys.modules[name])
  File "<frozen importlib._bootstrap>", line 619, in _exec
  File "<frozen importlib._bootstrap_external>", line 883, in exec_module
  File "<frozen importlib._bootstrap>", line 241, in _call_with_frames_removed
  File "passenger_wsgi.py", line 8, in <module>
    wsgi = imp.load_source('wsgi', 'passenger_wsgi.py')
  File "/opt/alt/python310/lib64/python3.10/imp.py", line 170, in load_source
    module = _exec(spec, sys.modules[name])
  File "<frozen importlib._bootstrap>", line 619, in _exec
  File "<frozen importlib._bootstrap_external>", line 883, in exec_module
  File "<frozen importlib._bootstrap>", line 241, in _call_with_frames_removed
  File "passenger_wsgi.py", line 8, in <module>
    wsgi = imp.load_source('wsgi', 'passenger_wsgi.py')
  File "/opt/alt/python310/lib64/python3.10/imp.py", line 170, in load_source
    module = _exec(spec, sys.modules[name])
  File "<frozen importlib._bootstrap>", line 619, in _exec
  File "<frozen importlib._bootstrap_external>", line 883, in exec_module
  File "<frozen importlib._bootstrap>", line 241, in _call_with_frames_removed
  File "passenger_wsgi.py", line 8, in <module>
    wsgi = imp.load_source('wsgi', 'passenger_wsgi.py')
  File "/opt/alt/python310/lib64/python3.10/imp.py", line 170, in load_source
    module = _exec(spec, sys.modules[name])
  File "<frozen importlib._bootstrap>", line 619, in _exec
  File "<frozen importlib._bootstrap_external>", line 883, in exec_module
  File "<frozen importlib._bootstrap>", line 241, in _call_with_frames_removed
  File "passenger_wsgi.py", line 8, in <module>
    wsgi = imp.load_source('wsgi', 'passenger_wsgi.py')
  File "/opt/alt/python310/lib64/python3.10/imp.py", line 170, in load_source
    module = _exec(spec, sys.modules[name])
  File "<frozen importlib._bootstrap>", line 619, in _exec
  File "<frozen importlib._bootstrap_external>", line 883, in exec_module
  File "<frozen importlib._bootstrap>", line 241, in _call_with_frames_removed
  File "passenger_wsgi.py", line 8, in <module>
    wsgi = imp.load_source('wsgi', 'passenger_wsgi.py')
  File "/opt/alt/python310/lib64/python3.10/imp.py", line 170, in load_source
    module = _exec(spec, sys.modules[name])
  File "<frozen importlib._bootstrap>", line 619, in _exec
  File "<frozen importlib._bootstrap_external>", line 883, in exec_module
  File "<frozen importlib._bootstrap>", line 241, in _call_with_frames_removed
  File "passenger_wsgi.py", line 8, in <module>
    wsgi = imp.load_source('wsgi', 'passenger_wsgi.py')
  File "/opt/alt/python310/lib64/python3.10/imp.py", line 170, in load_source
    module = _exec(spec, sys.modules[name])
  File "<frozen importlib._bootstrap>", line 619, in _exec
  File "<frozen importlib._bootstrap_external>", line 883, in exec_module
  File "<frozen importlib._bootstrap>", line 241, in _call_with_frames_removed
  File "passenger_wsgi.py", line 8, in <module>
    wsgi = imp.load_source('wsgi', 'passenger_wsgi.py')
  File "/opt/alt/python310/lib64/python3.10/imp.py", line 170, in load_source
    module = _exec(spec, sys.modules[name])
  File "<frozen importlib._bootstrap>", line 619, in _exec
  File "<frozen importlib._bootstrap_external>", line 883, in exec_module
  File "<frozen importlib._bootstrap>", line 241, in _call_with_frames_removed
  File "passenger_wsgi.py", line 8, in <module>
    wsgi = imp.load_source('wsgi', 'passenger_wsgi.py')
  File "/opt/alt/python310/lib64/python3.10/imp.py", line 170, in load_source
    module = _exec(spec, sys.modules[name])
  File "<frozen importlib._bootstrap>", line 619, in _exec
  File "<frozen importlib._bootstrap_external>", line 883, in exec_module
  File "<frozen importlib._bootstrap>", line 241, in _call_with_frames_removed
  File "passenger_wsgi.py", line 8, in <module>
    wsgi = imp.load_source('wsgi', 'passenger_wsgi.py')
  File "/opt/alt/python310/lib64/python3.10/imp.py", line 170, in load_source
    module = _exec(spec, sys.modules[name])
  File "<frozen importlib._bootstrap>", line 619, in _exec
  File "<frozen importlib._bootstrap_external>", line 883, in exec_module
  File "<frozen importlib._bootstrap>", line 241, in _call_with_frames_removed
  File "passenger_wsgi.py", line 8, in <module>
    wsgi = imp.load_source('wsgi', 'passenger_wsgi.py')
  File "/opt/alt/python310/lib64/python3.10/imp.py", line 170, in load_source
    module = _exec(spec, sys.modules[name])
  File "<frozen importlib._bootstrap>", line 619, in _exec
  File "<frozen importlib._bootstrap_external>", line 883, in exec_module
  File "<frozen importlib._bootstrap>", line 241, in _call_with_frames_removed
  File "passenger_wsgi.py", line 8, in <module>
    wsgi = imp.load_source('wsgi', 'passenger_wsgi.py')
  File "/opt/alt/python310/lib64/python3.10/imp.py", line 170, in load_source
    module = _exec(spec, sys.modules[name])
  File "<frozen importlib._bootstrap>", line 619, in _exec
  File "<frozen importlib._bootstrap_external>", line 883, in exec_module
  File "<frozen importlib._bootstrap>", line 241, in _call_with_frames_removed
  File "passenger_wsgi.py", line 8, in <module>
    wsgi = imp.load_source('wsgi', 'passenger_wsgi.py')
  File "/opt/alt/python310/lib64/python3.10/imp.py", line 170, in load_source
    module = _exec(spec, sys.modules[name])
  File "<frozen importlib._bootstrap>", line 619, in _exec
  File "<frozen importlib._bootstrap_external>", line 883, in exec_module
  File "<frozen importlib._bootstrap>", line 241, in _call_with_frames_removed
  File "passenger_wsgi.py", line 8, in <module>
    wsgi = imp.load_source('wsgi', 'passenger_wsgi.py')
  File "/opt/alt/python310/lib64/python3.10/imp.py", line 170, in load_source
    module = _exec(spec, sys.modules[name])
  File "<frozen importlib._bootstrap>", line 619, in _exec
  File "<frozen importlib._bootstrap_external>", line 883, in exec_module
  File "<frozen importlib._bootstrap>", line 241, in _call_with_frames_removed
  File "passenger_wsgi.py", line 8, in <module>
    wsgi = imp.load_source('wsgi', 'passenger_wsgi.py')
  File "/opt/alt/python310/lib64/python3.10/imp.py", line 170, in load_source
    module = _exec(spec, sys.modules[name])
  File "<frozen importlib._bootstrap>", line 619, in _exec
  File "<frozen importlib._bootstrap_external>", line 883, in exec_module
  File "<frozen importlib._bootstrap>", line 241, in _call_with_frames_removed
  File "passenger_wsgi.py", line 8, in <module>
    wsgi = imp.load_source('wsgi', 'passenger_wsgi.py')
  File "/opt/alt/python310/lib64/python3.10/imp.py", line 170, in load_source
    module = _exec(spec, sys.modules[name])
  File "<frozen importlib._bootstrap>", line 619, in _exec
  File "<frozen importlib._bootstrap_external>", line 883, in exec_module
  File "<frozen importlib._bootstrap>", line 241, in _call_with_frames_removed
  File "passenger_wsgi.py", line 8, in <module>
    wsgi = imp.load_source('wsgi', 'passenger_wsgi.py')
  File "/opt/alt/python310/lib64/python3.10/imp.py", line 170, in load_source
    module = _exec(spec, sys.modules[name])
  File "<frozen importlib._bootstrap>", line 619, in _exec
  File "<frozen importlib._bootstrap_external>", line 883, in exec_module
  File "<frozen importlib._bootstrap>", line 241, in _call_with_frames_removed
  File "passenger_wsgi.py", line 8, in <module>
    wsgi = imp.load_source('wsgi', 'passenger_wsgi.py')
  File "/opt/alt/python310/lib64/python3.10/imp.py", line 170, in load_source
    module = _exec(spec, sys.modules[name])
  File "<frozen importlib._bootstrap>", line 619, in _exec
  File "<frozen importlib._bootstrap_external>", line 883, in exec_module
  File "<frozen importlib._bootstrap>", line 241, in _call_with_frames_removed
  File "passenger_wsgi.py", line 8, in <module>
    wsgi = imp.load_source('wsgi', 'passenger_wsgi.py')
  File "/opt/alt/python310/lib64/python3.10/imp.py", line 170, in load_source
    module = _exec(spec, sys.modules[name])
  File "<frozen importlib._bootstrap>", line 619, in _exec
  File "<frozen importlib._bootstrap_external>", line 883, in exec_module
  File "<frozen importlib._bootstrap>", line 241, in _call_with_frames_removed
  File "passenger_wsgi.py", line 8, in <module>
    wsgi = imp.load_source('wsgi', 'passenger_wsgi.py')
  File "/opt/alt/python310/lib64/python3.10/imp.py", line 170, in load_source
    module = _exec(spec, sys.modules[name])
  File "<frozen importlib._bootstrap>", line 619, in _exec
  File "<frozen importlib._bootstrap_external>", line 883, in exec_module
  File "<frozen importlib._bootstrap>", line 241, in _call_with_frames_removed
  File "passenger_wsgi.py", line 8, in <module>
    wsgi = imp.load_source('wsgi', 'passenger_wsgi.py')
  File "/opt/alt/python310/lib64/python3.10/imp.py", line 170, in load_source
    module = _exec(spec, sys.modules[name])
  File "<frozen importlib._bootstrap>", line 619, in _exec
  File "<frozen importlib._bootstrap_external>", line 883, in exec_module
  File "<frozen importlib._bootstrap>", line 241, in _call_with_frames_removed
  File "passenger_wsgi.py", line 8, in <module>
    wsgi = imp.load_source('wsgi', 'passenger_wsgi.py')
  File "/opt/alt/python310/lib64/python3.10/imp.py", line 170, in load_source
    module = _exec(spec, sys.modules[name])
  File "<frozen importlib._bootstrap>", line 619, in _exec
  File "<frozen importlib._bootstrap_external>", line 883, in exec_module
  File "<frozen importlib._bootstrap>", line 241, in _call_with_frames_removed
  File "passenger_wsgi.py", line 8, in <module>
    wsgi = imp.load_source('wsgi', 'passenger_wsgi.py')
  File "/opt/alt/python310/lib64/python3.10/imp.py", line 170, in load_source
    module = _exec(spec, sys.modules[name])
  File "<frozen importlib._bootstrap>", line 619, in _exec
  File "<frozen importlib._bootstrap_external>", line 883, in exec_module
  File "<frozen importlib._bootstrap>", line 241, in _call_with_frames_removed
  File "passenger_wsgi.py", line 8, in <module>
    wsgi = imp.load_source('wsgi', 'passenger_wsgi.py')
  File "/opt/alt/python310/lib64/python3.10/imp.py", line 170, in load_source
    module = _exec(spec, sys.modules[name])
  File "<frozen importlib._bootstrap>", line 619, in _exec
  File "<frozen importlib._bootstrap_external>", line 883, in exec_module
  File "<frozen importlib._bootstrap>", line 241, in _call_with_frames_removed
  File "passenger_wsgi.py", line 8, in <module>
    wsgi = imp.load_source('wsgi', 'passenger_wsgi.py')
  File "/opt/alt/python310/lib64/python3.10/imp.py", line 170, in load_source
    module = _exec(spec, sys.modules[name])
  File "<frozen importlib._bootstrap>", line 619, in _exec
  File "<frozen importlib._bootstrap_external>", line 883, in exec_module
  File "<frozen importlib._bootstrap>", line 241, in _call_with_frames_removed
  File "passenger_wsgi.py", line 8, in <module>
    wsgi = imp.load_source('wsgi', 'passenger_wsgi.py')
  File "/opt/alt/python310/lib64/python3.10/imp.py", line 170, in load_source
    module = _exec(spec, sys.modules[name])
  File "<frozen importlib._bootstrap>", line 619, in _exec
  File "<frozen importlib._bootstrap_external>", line 883, in exec_module
  File "<frozen importlib._bootstrap>", line 241, in _call_with_frames_removed
  File "passenger_wsgi.py", line 8, in <module>
    wsgi = imp.load_source('wsgi', 'passenger_wsgi.py')
  File "/opt/alt/python310/lib64/python3.10/imp.py", line 170, in load_source
    module = _exec(spec, sys.modules[name])
  File "<frozen importlib._bootstrap>", line 619, in _exec
  File "<frozen importlib._bootstrap_external>", line 883, in exec_module
  File "<frozen importlib._bootstrap>", line 241, in _call_with_frames_removed
  File "passenger_wsgi.py", line 8, in <module>
    wsgi = imp.load_source('wsgi', 'passenger_wsgi.py')
  File "/opt/alt/python310/lib64/python3.10/imp.py", line 170, in load_source
    module = _exec(spec, sys.modules[name])
  File "<frozen importlib._bootstrap>", line 619, in _exec
  File "<frozen importlib._bootstrap_external>", line 883, in exec_module
  File "<frozen importlib._bootstrap>", line 241, in _call_with_frames_removed
  File "passenger_wsgi.py", line 8, in <module>
    wsgi = imp.load_source('wsgi', 'passenger_wsgi.py')
  File "/opt/alt/python310/lib64/python3.10/imp.py", line 170, in load_source
    module = _exec(spec, sys.modules[name])
  File "<frozen importlib._bootstrap>", line 619, in _exec
  File "<frozen importlib._bootstrap_external>", line 883, in exec_module
  File "<frozen importlib._bootstrap>", line 241, in _call_with_frames_removed
  File "passenger_wsgi.py", line 8, in <module>
    wsgi = imp.load_source('wsgi', 'passenger_wsgi.py')
  File "/opt/alt/python310/lib64/python3.10/imp.py", line 170, in load_source
    module = _exec(spec, sys.modules[name])
  File "<frozen importlib._bootstrap>", line 619, in _exec
  File "<frozen importlib._bootstrap_external>", line 883, in exec_module
  File "<frozen importlib._bootstrap>", line 241, in _call_with_frames_removed
  File "passenger_wsgi.py", line 8, in <module>
    wsgi = imp.load_source('wsgi', 'passenger_wsgi.py')
  File "/opt/alt/python310/lib64/python3.10/imp.py", line 170, in load_source
    module = _exec(spec, sys.modules[name])
  File "<frozen importlib._bootstrap>", line 619, in _exec
  File "<frozen importlib._bootstrap_external>", line 883, in exec_module
  File "<frozen importlib._bootstrap>", line 241, in _call_with_frames_removed
  File "passenger_wsgi.py", line 8, in <module>
    wsgi = imp.load_source('wsgi', 'passenger_wsgi.py')
  File "/opt/alt/python310/lib64/python3.10/imp.py", line 170, in load_source
    module = _exec(spec, sys.modules[name])
  File "<frozen importlib._bootstrap>", line 619, in _exec
  File "<frozen importlib._bootstrap_external>", line 883, in exec_module
  File "<frozen importlib._bootstrap>", line 241, in _call_with_frames_removed
  File "passenger_wsgi.py", line 8, in <module>
    wsgi = imp.load_source('wsgi', 'passenger_wsgi.py')
  File "/opt/alt/python310/lib64/python3.10/imp.py", line 170, in load_source
    module = _exec(spec, sys.modules[name])
  File "<frozen importlib._bootstrap>", line 619, in _exec
  File "<frozen importlib._bootstrap_external>", line 883, in exec_module
  File "<frozen importlib._bootstrap>", line 241, in _call_with_frames_removed
  File "passenger_wsgi.py", line 8, in <module>
    wsgi = imp.load_source('wsgi', 'passenger_wsgi.py')
  File "/opt/alt/python310/lib64/python3.10/imp.py", line 170, in load_source
    module = _exec(spec, sys.modules[name])
  File "<frozen importlib._bootstrap>", line 619, in _exec
  File "<frozen importlib._bootstrap_external>", line 883, in exec_module
  File "<frozen importlib._bootstrap>", line 241, in _call_with_frames_removed
  File "passenger_wsgi.py", line 8, in <module>
    wsgi = imp.load_source('wsgi', 'passenger_wsgi.py')
  File "/opt/alt/python310/lib64/python3.10/imp.py", line 170, in load_source
    module = _exec(spec, sys.modules[name])
  File "<frozen importlib._bootstrap>", line 619, in _exec
  File "<frozen importlib._bootstrap_external>", line 883, in exec_module
  File "<frozen importlib._bootstrap>", line 241, in _call_with_frames_removed
  File "passenger_wsgi.py", line 8, in <module>
    wsgi = imp.load_source('wsgi', 'passenger_wsgi.py')
  File "/opt/alt/python310/lib64/python3.10/imp.py", line 170, in load_source
    module = _exec(spec, sys.modules[name])
  File "<frozen importlib._bootstrap>", line 619, in _exec
  File "<frozen importlib._bootstrap_external>", line 883, in exec_module
  File "<frozen importlib._bootstrap>", line 241, in _call_with_frames_removed
  File "passenger_wsgi.py", line 8, in <module>
    wsgi = imp.load_source('wsgi', 'passenger_wsgi.py')
  File "/opt/alt/python310/lib64/python3.10/imp.py", line 170, in load_source
    module = _exec(spec, sys.modules[name])
  File "<frozen importlib._bootstrap>", line 619, in _exec
  File "<frozen importlib._bootstrap_external>", line 883, in exec_module
  File "<frozen importlib._bootstrap>", line 241, in _call_with_frames_removed
  File "passenger_wsgi.py", line 8, in <module>
    wsgi = imp.load_source('wsgi', 'passenger_wsgi.py')
  File "/opt/alt/python310/lib64/python3.10/imp.py", line 170, in load_source
    module = _exec(spec, sys.modules[name])
  File "<frozen importlib._bootstrap>", line 619, in _exec
  File "<frozen importlib._bootstrap_external>", line 883, in exec_module
  File "<frozen importlib._bootstrap>", line 241, in _call_with_frames_removed
  File "passenger_wsgi.py", line 8, in <module>
    wsgi = imp.load_source('wsgi', 'passenger_wsgi.py')
  File "/opt/alt/python310/lib64/python3.10/imp.py", line 170, in load_source
    module = _exec(spec, sys.modules[name])
  File "<frozen importlib._bootstrap>", line 619, in _exec
  File "<frozen importlib._bootstrap_external>", line 883, in exec_module
  File "<frozen importlib._bootstrap>", line 241, in _call_with_frames_removed
  File "passenger_wsgi.py", line 8, in <module>
    wsgi = imp.load_source('wsgi', 'passenger_wsgi.py')
  File "/opt/alt/python310/lib64/python3.10/imp.py", line 170, in load_source
    module = _exec(spec, sys.modules[name])
  File "<frozen importlib._bootstrap>", line 619, in _exec
  File "<frozen importlib._bootstrap_external>", line 883, in exec_module
  File "<frozen importlib._bootstrap>", line 241, in _call_with_frames_removed
  File "passenger_wsgi.py", line 8, in <module>
    wsgi = imp.load_source('wsgi', 'passenger_wsgi.py')
  File "/opt/alt/python310/lib64/python3.10/imp.py", line 170, in load_source
    module = _exec(spec, sys.modules[name])
  File "<frozen importlib._bootstrap>", line 619, in _exec
  File "<frozen importlib._bootstrap_external>", line 883, in exec_module
  File "<frozen importlib._bootstrap>", line 241, in _call_with_frames_removed
  File "passenger_wsgi.py", line 8, in <module>
    wsgi = imp.load_source('wsgi', 'passenger_wsgi.py')
  File "/opt/alt/python310/lib64/python3.10/imp.py", line 170, in load_source
    module = _exec(spec, sys.modules[name])
  File "<frozen importlib._bootstrap>", line 619, in _exec
  File "<frozen importlib._bootstrap_external>", line 883, in exec_module
  File "<frozen importlib._bootstrap>", line 241, in _call_with_frames_removed
  File "passenger_wsgi.py", line 8, in <module>
    wsgi = imp.load_source('wsgi', 'passenger_wsgi.py')
  File "/opt/alt/python310/lib64/python3.10/imp.py", line 170, in load_source
    module = _exec(spec, sys.modules[name])
  File "<frozen importlib._bootstrap>", line 619, in _exec
  File "<frozen importlib._bootstrap_external>", line 883, in exec_module
  File "<frozen importlib._bootstrap>", line 241, in _call_with_frames_removed
  File "passenger_wsgi.py", line 8, in <module>
    wsgi = imp.load_source('wsgi', 'passenger_wsgi.py')
  File "/opt/alt/python310/lib64/python3.10/imp.py", line 170, in load_source
    module = _exec(spec, sys.modules[name])
  File "<frozen importlib._bootstrap>", line 619, in _exec
  File "<frozen importlib._bootstrap_external>", line 883, in exec_module
  File "<frozen importlib._bootstrap>", line 241, in _call_with_frames_removed
  File "passenger_wsgi.py", line 8, in <module>
    wsgi = imp.load_source('wsgi', 'passenger_wsgi.py')
  File "/opt/alt/python310/lib64/python3.10/imp.py", line 170, in load_source
    module = _exec(spec, sys.modules[name])
  File "<frozen importlib._bootstrap>", line 619, in _exec
  File "<frozen importlib._bootstrap_external>", line 883, in exec_module
  File "<frozen importlib._bootstrap>", line 241, in _call_with_frames_removed
  File "passenger_wsgi.py", line 8, in <module>
    wsgi = imp.load_source('wsgi', 'passenger_wsgi.py')
  File "/opt/alt/python310/lib64/python3.10/imp.py", line 170, in load_source
    module = _exec(spec, sys.modules[name])
  File "<frozen importlib._bootstrap>", line 619, in _exec
  File "<frozen importlib._bootstrap_external>", line 883, in exec_module
  File "<frozen importlib._bootstrap>", line 241, in _call_with_frames_removed
  File "passenger_wsgi.py", line 8, in <module>
    wsgi = imp.load_source('wsgi', 'passenger_wsgi.py')
  File "/opt/alt/python310/lib64/python3.10/imp.py", line 170, in load_source
    module = _exec(spec, sys.modules[name])
  File "<frozen importlib._bootstrap>", line 619, in _exec
  File "<frozen importlib._bootstrap_external>", line 883, in exec_module
  File "<frozen importlib._bootstrap>", line 241, in _call_with_frames_removed
  File "passenger_wsgi.py", line 8, in <module>
    wsgi = imp.load_source('wsgi', 'passenger_wsgi.py')
  File "/opt/alt/python310/lib64/python3.10/imp.py", line 170, in load_source
    module = _exec(spec, sys.modules[name])
  File "<frozen importlib._bootstrap>", line 619, in _exec
  File "<frozen importlib._bootstrap_external>", line 883, in exec_module
  File "<frozen importlib._bootstrap>", line 241, in _call_with_frames_removed
  File "passenger_wsgi.py", line 8, in <module>
    wsgi = imp.load_source('wsgi', 'passenger_wsgi.py')
  File "/opt/alt/python310/lib64/python3.10/imp.py", line 170, in load_source
    module = _exec(spec, sys.modules[name])
  File "<frozen importlib._bootstrap>", line 619, in _exec
  File "<frozen importlib._bootstrap_external>", line 883, in exec_module
  File "<frozen importlib._bootstrap>", line 241, in _call_with_frames_removed
  File "passenger_wsgi.py", line 8, in <module>
    wsgi = imp.load_source('wsgi', 'passenger_wsgi.py')
  File "/opt/alt/python310/lib64/python3.10/imp.py", line 170, in load_source
    module = _exec(spec, sys.modules[name])
  File "<frozen importlib._bootstrap>", line 619, in _exec
  File "<frozen importlib._bootstrap_external>", line 883, in exec_module
  File "<frozen importlib._bootstrap>", line 241, in _call_with_frames_removed
  File "passenger_wsgi.py", line 8, in <module>
    wsgi = imp.load_source('wsgi', 'passenger_wsgi.py')
  File "/opt/alt/python310/lib64/python3.10/imp.py", line 170, in load_source
    module = _exec(spec, sys.modules[name])
  File "<frozen importlib._bootstrap>", line 619, in _exec
  File "<frozen importlib._bootstrap_external>", line 883, in exec_module
  File "<frozen importlib._bootstrap>", line 241, in _call_with_frames_removed
  File "passenger_wsgi.py", line 8, in <module>
    wsgi = imp.load_source('wsgi', 'passenger_wsgi.py')
  File "/opt/alt/python310/lib64/python3.10/imp.py", line 170, in load_source
    module = _exec(spec, sys.modules[name])
  File "<frozen importlib._bootstrap>", line 619, in _exec
  File "<frozen importlib._bootstrap_external>", line 883, in exec_module
  File "<frozen importlib._bootstrap>", line 241, in _call_with_frames_removed
  File "passenger_wsgi.py", line 8, in <module>
    wsgi = imp.load_source('wsgi', 'passenger_wsgi.py')
  File "/opt/alt/python310/lib64/python3.10/imp.py", line 170, in load_source
    module = _exec(spec, sys.modules[name])
  File "<frozen importlib._bootstrap>", line 619, in _exec
  File "<frozen importlib._bootstrap_external>", line 883, in exec_module
  File "<frozen importlib._bootstrap>", line 241, in _call_with_frames_removed
  File "passenger_wsgi.py", line 8, in <module>
    wsgi = imp.load_source('wsgi', 'passenger_wsgi.py')
  File "/opt/alt/python310/lib64/python3.10/imp.py", line 170, in load_source
    module = _exec(spec, sys.modules[name])
  File "<frozen importlib._bootstrap>", line 619, in _exec
  File "<frozen importlib._bootstrap_external>", line 883, in exec_module
  File "<frozen importlib._bootstrap>", line 241, in _call_with_frames_removed
  File "passenger_wsgi.py", line 8, in <module>
    wsgi = imp.load_source('wsgi', 'passenger_wsgi.py')
  File "/opt/alt/python310/lib64/python3.10/imp.py", line 170, in load_source
    module = _exec(spec, sys.modules[name])
  File "<frozen importlib._bootstrap>", line 619, in _exec
  File "<frozen importlib._bootstrap_external>", line 883, in exec_module
  File "<frozen importlib._bootstrap>", line 241, in _call_with_frames_removed
  File "passenger_wsgi.py", line 8, in <module>
    wsgi = imp.load_source('wsgi', 'passenger_wsgi.py')
  File "/opt/alt/python310/lib64/python3.10/imp.py", line 170, in load_source
    module = _exec(spec, sys.modules[name])
  File "<frozen importlib._bootstrap>", line 619, in _exec
  File "<frozen importlib._bootstrap_external>", line 883, in exec_module
  File "<frozen importlib._bootstrap>", line 241, in _call_with_frames_removed
  File "passenger_wsgi.py", line 8, in <module>
    wsgi = imp.load_source('wsgi', 'passenger_wsgi.py')
  File "/opt/alt/python310/lib64/python3.10/imp.py", line 170, in load_source
    module = _exec(spec, sys.modules[name])
  File "<frozen importlib._bootstrap>", line 619, in _exec
  File "<frozen importlib._bootstrap_external>", line 883, in exec_module
  File "<frozen importlib._bootstrap>", line 241, in _call_with_frames_removed
  File "passenger_wsgi.py", line 8, in <module>
    wsgi = imp.load_source('wsgi', 'passenger_wsgi.py')
  File "/opt/alt/python310/lib64/python3.10/imp.py", line 170, in load_source
    module = _exec(spec, sys.modules[name])
  File "<frozen importlib._bootstrap>", line 619, in _exec
  File "<frozen importlib._bootstrap_external>", line 883, in exec_module
  File "<frozen importlib._bootstrap>", line 241, in _call_with_frames_removed
  File "passenger_wsgi.py", line 8, in <module>
    wsgi = imp.load_source('wsgi', 'passenger_wsgi.py')
  File "/opt/alt/python310/lib64/python3.10/imp.py", line 170, in load_source
    module = _exec(spec, sys.modules[name])
  File "<frozen importlib._bootstrap>", line 619, in _exec
  File "<frozen importlib._bootstrap_external>", line 883, in exec_module
  File "<frozen importlib._bootstrap>", line 241, in _call_with_frames_removed
  File "passenger_wsgi.py", line 8, in <module>
    wsgi = imp.load_source('wsgi', 'passenger_wsgi.py')
  File "/opt/alt/python310/lib64/python3.10/imp.py", line 170, in load_source
    module = _exec(spec, sys.modules[name])
  File "<frozen importlib._bootstrap>", line 619, in _exec
  File "<frozen importlib._bootstrap_external>", line 883, in exec_module
  File "<frozen importlib._bootstrap>", line 241, in _call_with_frames_removed
  File "passenger_wsgi.py", line 8, in <module>
    wsgi = imp.load_source('wsgi', 'passenger_wsgi.py')
  File "/opt/alt/python310/lib64/python3.10/imp.py", line 170, in load_source
    module = _exec(spec, sys.modules[name])
  File "<frozen importlib._bootstrap>", line 619, in _exec
  File "<frozen importlib._bootstrap_external>", line 883, in exec_module
  File "<frozen importlib._bootstrap>", line 241, in _call_with_frames_removed
  File "passenger_wsgi.py", line 8, in <module>
    wsgi = imp.load_source('wsgi', 'passenger_wsgi.py')
  File "/opt/alt/python310/lib64/python3.10/imp.py", line 170, in load_source
    module = _exec(spec, sys.modules[name])
  File "<frozen importlib._bootstrap>", line 619, in _exec
  File "<frozen importlib._bootstrap_external>", line 883, in exec_module
  File "<frozen importlib._bootstrap>", line 241, in _call_with_frames_removed
  File "passenger_wsgi.py", line 8, in <module>
    wsgi = imp.load_source('wsgi', 'passenger_wsgi.py')
  File "/opt/alt/python310/lib64/python3.10/imp.py", line 170, in load_source
    module = _exec(spec, sys.modules[name])
  File "<frozen importlib._bootstrap>", line 619, in _exec
  File "<frozen importlib._bootstrap_external>", line 883, in exec_module
  File "<frozen importlib._bootstrap>", line 241, in _call_with_frames_removed
  File "passenger_wsgi.py", line 8, in <module>
    wsgi = imp.load_source('wsgi', 'passenger_wsgi.py')
  File "/opt/alt/python310/lib64/python3.10/imp.py", line 170, in load_source
    module = _exec(spec, sys.modules[name])
  File "<frozen importlib._bootstrap>", line 619, in _exec
  File "<frozen importlib._bootstrap_external>", line 883, in exec_module
  File "<frozen importlib._bootstrap>", line 241, in _call_with_frames_removed
  File "passenger_wsgi.py", line 8, in <module>
    wsgi = imp.load_source('wsgi', 'passenger_wsgi.py')
  File "/opt/alt/python310/lib64/python3.10/imp.py", line 170, in load_source
    module = _exec(spec, sys.modules[name])
  File "<frozen importlib._bootstrap>", line 619, in _exec
  File "<frozen importlib._bootstrap_external>", line 883, in exec_module
  File "<frozen importlib._bootstrap>", line 241, in _call_with_frames_removed
  File "passenger_wsgi.py", line 8, in <module>
    wsgi = imp.load_source('wsgi', 'passenger_wsgi.py')
  File "/opt/alt/python310/lib64/python3.10/imp.py", line 170, in load_source
    module = _exec(spec, sys.modules[name])
  File "<frozen importlib._bootstrap>", line 619, in _exec
  File "<frozen importlib._bootstrap_external>", line 883, in exec_module
  File "<frozen importlib._bootstrap>", line 241, in _call_with_frames_removed
  File "passenger_wsgi.py", line 8, in <module>
    wsgi = imp.load_source('wsgi', 'passenger_wsgi.py')
  File "/opt/alt/python310/lib64/python3.10/imp.py", line 170, in load_source
    module = _exec(spec, sys.modules[name])
  File "<frozen importlib._bootstrap>", line 619, in _exec
  File "<frozen importlib._bootstrap_external>", line 883, in exec_module
  File "<frozen importlib._bootstrap>", line 241, in _call_with_frames_removed
  File "passenger_wsgi.py", line 8, in <module>
    wsgi = imp.load_source('wsgi', 'passenger_wsgi.py')
  File "/opt/alt/python310/lib64/python3.10/imp.py", line 170, in load_source
    module = _exec(spec, sys.modules[name])
  File "<frozen importlib._bootstrap>", line 619, in _exec
  File "<frozen importlib._bootstrap_external>", line 883, in exec_module
  File "<frozen importlib._bootstrap>", line 241, in _call_with_frames_removed
  File "passenger_wsgi.py", line 8, in <module>
    wsgi = imp.load_source('wsgi', 'passenger_wsgi.py')
  File "/opt/alt/python310/lib64/python3.10/imp.py", line 170, in load_source
    module = _exec(spec, sys.modules[name])
  File "<frozen importlib._bootstrap>", line 619, in _exec
  File "<frozen importlib._bootstrap_external>", line 883, in exec_module
  File "<frozen importlib._bootstrap>", line 241, in _call_with_frames_removed
  File "passenger_wsgi.py", line 8, in <module>
    wsgi = imp.load_source('wsgi', 'passenger_wsgi.py')
  File "/opt/alt/python310/lib64/python3.10/imp.py", line 170, in load_source
    module = _exec(spec, sys.modules[name])
  File "<frozen importlib._bootstrap>", line 619, in _exec
  File "<frozen importlib._bootstrap_external>", line 883, in exec_module
  File "<frozen importlib._bootstrap>", line 241, in _call_with_frames_removed
  File "passenger_wsgi.py", line 8, in <module>
    wsgi = imp.load_source('wsgi', 'passenger_wsgi.py')
  File "/opt/alt/python310/lib64/python3.10/imp.py", line 170, in load_source
    module = _exec(spec, sys.modules[name])
  File "<frozen importlib._bootstrap>", line 619, in _exec
  File "<frozen importlib._bootstrap_external>", line 883, in exec_module
  File "<frozen importlib._bootstrap>", line 241, in _call_with_frames_removed
  File "passenger_wsgi.py", line 8, in <module>
    wsgi = imp.load_source('wsgi', 'passenger_wsgi.py')
  File "/opt/alt/python310/lib64/python3.10/imp.py", line 170, in load_source
    module = _exec(spec, sys.modules[name])
  File "<frozen importlib._bootstrap>", line 619, in _exec
  File "<frozen importlib._bootstrap_external>", line 883, in exec_module
  File "<frozen importlib._bootstrap>", line 241, in _call_with_frames_removed
  File "passenger_wsgi.py", line 8, in <module>
    wsgi = imp.load_source('wsgi', 'passenger_wsgi.py')
  File "/opt/alt/python310/lib64/python3.10/imp.py", line 170, in load_source
    module = _exec(spec, sys.modules[name])
  File "<frozen importlib._bootstrap>", line 619, in _exec
  File "<frozen importlib._bootstrap_external>", line 883, in exec_module
  File "<frozen importlib._bootstrap>", line 241, in _call_with_frames_removed
  File "passenger_wsgi.py", line 8, in <module>
    wsgi = imp.load_source('wsgi', 'passenger_wsgi.py')
  File "/opt/alt/python310/lib64/python3.10/imp.py", line 170, in load_source
    module = _exec(spec, sys.modules[name])
  File "<frozen importlib._bootstrap>", line 619, in _exec
  File "<frozen importlib._bootstrap_external>", line 883, in exec_module
  File "<frozen importlib._bootstrap>", line 241, in _call_with_frames_removed
  File "passenger_wsgi.py", line 8, in <module>
    wsgi = imp.load_source('wsgi', 'passenger_wsgi.py')
  File "/opt/alt/python310/lib64/python3.10/imp.py", line 170, in load_source
    module = _exec(spec, sys.modules[name])
  File "<frozen importlib._bootstrap>", line 619, in _exec
  File "<frozen importlib._bootstrap_external>", line 883, in exec_module
  File "<frozen importlib._bootstrap>", line 241, in _call_with_frames_removed
  File "passenger_wsgi.py", line 8, in <module>
    wsgi = imp.load_source('wsgi', 'passenger_wsgi.py')
  File "/opt/alt/python310/lib64/python3.10/imp.py", line 170, in load_source
    module = _exec(spec, sys.modules[name])
  File "<frozen importlib._bootstrap>", line 619, in _exec
  File "<frozen importlib._bootstrap_external>", line 883, in exec_module
  File "<frozen importlib._bootstrap>", line 241, in _call_with_frames_removed
  File "passenger_wsgi.py", line 8, in <module>
    wsgi = imp.load_source('wsgi', 'passenger_wsgi.py')
  File "/opt/alt/python310/lib64/python3.10/imp.py", line 170, in load_source
    module = _exec(spec, sys.modules[name])
  File "<frozen importlib._bootstrap>", line 619, in _exec
  File "<frozen importlib._bootstrap_external>", line 883, in exec_module
  File "<frozen importlib._bootstrap>", line 241, in _call_with_frames_removed
  File "passenger_wsgi.py", line 8, in <module>
    wsgi = imp.load_source('wsgi', 'passenger_wsgi.py')
  File "/opt/alt/python310/lib64/python3.10/imp.py", line 170, in load_source
    module = _exec(spec, sys.modules[name])
  File "<frozen importlib._bootstrap>", line 619, in _exec
  File "<frozen importlib._bootstrap_external>", line 883, in exec_module
  File "<frozen importlib._bootstrap>", line 241, in _call_with_frames_removed
  File "passenger_wsgi.py", line 8, in <module>
    wsgi = imp.load_source('wsgi', 'passenger_wsgi.py')
  File "/opt/alt/python310/lib64/python3.10/imp.py", line 170, in load_source
    module = _exec(spec, sys.modules[name])
  File "<frozen importlib._bootstrap>", line 619, in _exec
  File "<frozen importlib._bootstrap_external>", line 883, in exec_module
  File "<frozen importlib._bootstrap>", line 241, in _call_with_frames_removed
  File "passenger_wsgi.py", line 8, in <module>
    wsgi = imp.load_source('wsgi', 'passenger_wsgi.py')
  File "/opt/alt/python310/lib64/python3.10/imp.py", line 170, in load_source
    module = _exec(spec, sys.modules[name])
  File "<frozen importlib._bootstrap>", line 619, in _exec
  File "<frozen importlib._bootstrap_external>", line 883, in exec_module
  File "<frozen importlib._bootstrap>", line 241, in _call_with_frames_removed
  File "passenger_wsgi.py", line 8, in <module>
    wsgi = imp.load_source('wsgi', 'passenger_wsgi.py')
  File "/opt/alt/python310/lib64/python3.10/imp.py", line 170, in load_source
    module = _exec(spec, sys.modules[name])
  File "<frozen importlib._bootstrap>", line 619, in _exec
  File "<frozen importlib._bootstrap_external>", line 883, in exec_module
  File "<frozen importlib._bootstrap>", line 241, in _call_with_frames_removed
  File "passenger_wsgi.py", line 8, in <module>
    wsgi = imp.load_source('wsgi', 'passenger_wsgi.py')
  File "/opt/alt/python310/lib64/python3.10/imp.py", line 170, in load_source
    module = _exec(spec, sys.modules[name])
  File "<frozen importlib._bootstrap>", line 619, in _exec
  File "<frozen importlib._bootstrap_external>", line 883, in exec_module
  File "<frozen importlib._bootstrap>", line 241, in _call_with_frames_removed
  File "passenger_wsgi.py", line 8, in <module>
    wsgi = imp.load_source('wsgi', 'passenger_wsgi.py')
  File "/opt/alt/python310/lib64/python3.10/imp.py", line 170, in load_source
    module = _exec(spec, sys.modules[name])
  File "<frozen importlib._bootstrap>", line 619, in _exec
  File "<frozen importlib._bootstrap_external>", line 883, in exec_module
  File "<frozen importlib._bootstrap>", line 241, in _call_with_frames_removed
  File "passenger_wsgi.py", line 8, in <module>
    wsgi = imp.load_source('wsgi', 'passenger_wsgi.py')
  File "/opt/alt/python310/lib64/python3.10/imp.py", line 170, in load_source
    module = _exec(spec, sys.modules[name])
  File "<frozen importlib._bootstrap>", line 619, in _exec
  File "<frozen importlib._bootstrap_external>", line 883, in exec_module
  File "<frozen importlib._bootstrap>", line 241, in _call_with_frames_removed
  File "passenger_wsgi.py", line 8, in <module>
    wsgi = imp.load_source('wsgi', 'passenger_wsgi.py')
  File "/opt/alt/python310/lib64/python3.10/imp.py", line 170, in load_source
    module = _exec(spec, sys.modules[name])
  File "<frozen importlib._bootstrap>", line 619, in _exec
  File "<frozen importlib._bootstrap_external>", line 883, in exec_module
  File "<frozen importlib._bootstrap>", line 241, in _call_with_frames_removed
  File "passenger_wsgi.py", line 8, in <module>
    wsgi = imp.load_source('wsgi', 'passenger_wsgi.py')
  File "/opt/alt/python310/lib64/python3.10/imp.py", line 170, in load_source
    module = _exec(spec, sys.modules[name])
  File "<frozen importlib._bootstrap>", line 612, in _exec
  File "<frozen importlib._bootstrap>", line 556, in _init_module_attrs
  File "<frozen importlib._bootstrap>", line 397, in cached
  File "<frozen importlib._bootstrap_external>", line 513, in _get_cached
  File "<frozen importlib._bootstrap_external>", line 406, in cache_from_source
  File "<frozen importlib._bootstrap_external>", line 134, in _path_split
RecursionError: maximum recursion depth exceeded
[UID:1969][3557468] Child process with pid: 3558041 was killed by signal: 15, core dumped: no
Traceback (most recent call last):
  File "/home/bslimted/apps/passenger_wsgi.py", line 8, in <module>
    wsgi = imp.load_source('wsgi', 'passenger_wsgi.py')
  File "/opt/alt/python310/lib64/python3.10/imp.py", line 172, in load_source
    module = _load(spec)
  File "<frozen importlib._bootstrap>", line 719, in _load
  File "<frozen importlib._bootstrap>", line 688, in _load_unlocked
  File "<frozen importlib._bootstrap_external>", line 883, in exec_module
  File "<frozen importlib._bootstrap>", line 241, in _call_with_frames_removed
  File "passenger_wsgi.py", line 8, in <module>
    wsgi = imp.load_source('wsgi', 'passenger_wsgi.py')
  File "/opt/alt/python310/lib64/python3.10/imp.py", line 170, in load_source
    module = _exec(spec, sys.modules[name])
  File "<frozen importlib._bootstrap>", line 619, in _exec
  File "<frozen importlib._bootstrap_external>", line 883, in exec_module
  File "<frozen importlib._bootstrap>", line 241, in _call_with_frames_removed
  File "passenger_wsgi.py", line 8, in <module>
    wsgi = imp.load_source('wsgi', 'passenger_wsgi.py')
  File "/opt/alt/python310/lib64/python3.10/imp.py", line 170, in load_source
    module = _exec(spec, sys.modules[name])
  File "<frozen importlib._bootstrap>", line 619, in _exec
  File "<frozen importlib._bootstrap_external>", line 883, in exec_module
  File "<frozen importlib._bootstrap>", line 241, in _call_with_frames_removed
  File "passenger_wsgi.py", line 8, in <module>
    wsgi = imp.load_source('wsgi', 'passenger_wsgi.py')
  File "/opt/alt/python310/lib64/python3.10/imp.py", line 170, in load_source
    module = _exec(spec, sys.modules[name])
  File "<frozen importlib._bootstrap>", line 619, in _exec
  File "<frozen importlib._bootstrap_external>", line 883, in exec_module
  File "<frozen importlib._bootstrap>", line 241, in _call_with_frames_removed
  File "passenger_wsgi.py", line 8, in <module>
    wsgi = imp.load_source('wsgi', 'passenger_wsgi.py')
  File "/opt/alt/python310/lib64/python3.10/imp.py", line 170, in load_source
    module = _exec(spec, sys.modules[name])
  File "<frozen importlib._bootstrap>", line 619, in _exec
  File "<frozen importlib._bootstrap_external>", line 883, in exec_module
  File "<frozen importlib._bootstrap>", line 241, in _call_with_frames_removed
  File "passenger_wsgi.py", line 8, in <module>
    wsgi = imp.load_source('wsgi', 'passenger_wsgi.py')
  File "/opt/alt/python310/lib64/python3.10/imp.py", line 170, in load_source
    module = _exec(spec, sys.modules[name])
  File "<frozen importlib._bootstrap>", line 619, in _exec
  File "<frozen importlib._bootstrap_external>", line 883, in exec_module
  File "<frozen importlib._bootstrap>", line 241, in _call_with_frames_removed
  File "passenger_wsgi.py", line 8, in <module>
    wsgi = imp.load_source('wsgi', 'passenger_wsgi.py')
  File "/opt/alt/python310/lib64/python3.10/imp.py", line 170, in load_source
    module = _exec(spec, sys.modules[name])
  File "<frozen importlib._bootstrap>", line 619, in _exec
  File "<frozen importlib._bootstrap_external>", line 883, in exec_module
  File "<frozen importlib._bootstrap>", line 241, in _call_with_frames_removed
  File "passenger_wsgi.py", line 8, in <module>
    wsgi = imp.load_source('wsgi', 'passenger_wsgi.py')
  File "/opt/alt/python310/lib64/python3.10/imp.py", line 170, in load_source
    module = _exec(spec, sys.modules[name])
  File "<frozen importlib._bootstrap>", line 619, in _exec
  File "<frozen importlib._bootstrap_external>", line 883, in exec_module
  File "<frozen importlib._bootstrap>", line 241, in _call_with_frames_removed
  File "passenger_wsgi.py", line 8, in <module>
    wsgi = imp.load_source('wsgi', 'passenger_wsgi.py')
  File "/opt/alt/python310/lib64/python3.10/imp.py", line 170, in load_source
    module = _exec(spec, sys.modules[name])
  File "<frozen importlib._bootstrap>", line 619, in _exec
  File "<frozen importlib._bootstrap_external>", line 883, in exec_module
  File "<frozen importlib._bootstrap>", line 241, in _call_with_frames_removed
  File "passenger_wsgi.py", line 8, in <module>
    wsgi = imp.load_source('wsgi', 'passenger_wsgi.py')
  File "/opt/alt/python310/lib64/python3.10/imp.py", line 170, in load_source
    module = _exec(spec, sys.modules[name])
  File "<frozen importlib._bootstrap>", line 619, in _exec
  File "<frozen importlib._bootstrap_external>", line 883, in exec_module
  File "<frozen importlib._bootstrap>", line 241, in _call_with_frames_removed
  File "passenger_wsgi.py", line 8, in <module>
    wsgi = imp.load_source('wsgi', 'passenger_wsgi.py')
  File "/opt/alt/python310/lib64/python3.10/imp.py", line 170, in load_source
    module = _exec(spec, sys.modules[name])
  File "<frozen importlib._bootstrap>", line 619, in _exec
  File "<frozen importlib._bootstrap_external>", line 883, in exec_module
  File "<frozen importlib._bootstrap>", line 241, in _call_with_frames_removed
  File "passenger_wsgi.py", line 8, in <module>
    wsgi = imp.load_source('wsgi', 'passenger_wsgi.py')
  File "/opt/alt/python310/lib64/python3.10/imp.py", line 170, in load_source
    module = _exec(spec, sys.modules[name])
  File "<frozen importlib._bootstrap>", line 619, in _exec
  File "<frozen importlib._bootstrap_external>", line 883, in exec_module
  File "<frozen importlib._bootstrap>", line 241, in _call_with_frames_removed
  File "passenger_wsgi.py", line 8, in <module>
    wsgi = imp.load_source('wsgi', 'passenger_wsgi.py')
  File "/opt/alt/python310/lib64/python3.10/imp.py", line 170, in load_source
    module = _exec(spec, sys.modules[name])
  File "<frozen importlib._bootstrap>", line 619, in _exec
  File "<frozen importlib._bootstrap_external>", line 883, in exec_module
  File "<frozen importlib._bootstrap>", line 241, in _call_with_frames_removed
  File "passenger_wsgi.py", line 8, in <module>
    wsgi = imp.load_source('wsgi', 'passenger_wsgi.py')
  File "/opt/alt/python310/lib64/python3.10/imp.py", line 170, in load_source
    module = _exec(spec, sys.modules[name])
  File "<frozen importlib._bootstrap>", line 619, in _exec
  File "<frozen importlib._bootstrap_external>", line 883, in exec_module
  File "<frozen importlib._bootstrap>", line 241, in _call_with_frames_removed
  File "passenger_wsgi.py", line 8, in <module>
    wsgi = imp.load_source('wsgi', 'passenger_wsgi.py')
  File "/opt/alt/python310/lib64/python3.10/imp.py", line 170, in load_source
    module = _exec(spec, sys.modules[name])
  File "<frozen importlib._bootstrap>", line 619, in _exec
  File "<frozen importlib._bootstrap_external>", line 883, in exec_module
  File "<frozen importlib._bootstrap>", line 241, in _call_with_frames_removed
  File "passenger_wsgi.py", line 8, in <module>
    wsgi = imp.load_source('wsgi', 'passenger_wsgi.py')
  File "/opt/alt/python310/lib64/python3.10/imp.py", line 170, in load_source
    module = _exec(spec, sys.modules[name])
  File "<frozen importlib._bootstrap>", line 619, in _exec
  File "<frozen importlib._bootstrap_external>", line 883, in exec_module
  File "<frozen importlib._bootstrap>", line 241, in _call_with_frames_removed
  File "passenger_wsgi.py", line 8, in <module>
    wsgi = imp.load_source('wsgi', 'passenger_wsgi.py')
  File "/opt/alt/python310/lib64/python3.10/imp.py", line 170, in load_source
    module = _exec(spec, sys.modules[name])
  File "<frozen importlib._bootstrap>", line 619, in _exec
  File "<frozen importlib._bootstrap_external>", line 883, in exec_module
  File "<frozen importlib._bootstrap>", line 241, in _call_with_frames_removed
  File "passenger_wsgi.py", line 8, in <module>
    wsgi = imp.load_source('wsgi', 'passenger_wsgi.py')
  File "/opt/alt/python310/lib64/python3.10/imp.py", line 170, in load_source
    module = _exec(spec, sys.modules[name])
  File "<frozen importlib._bootstrap>", line 619, in _exec
  File "<frozen importlib._bootstrap_external>", line 883, in exec_module
  File "<frozen importlib._bootstrap>", line 241, in _call_with_frames_removed
  File "passenger_wsgi.py", line 8, in <module>
    wsgi = imp.load_source('wsgi', 'passenger_wsgi.py')
  File "/opt/alt/python310/lib64/python3.10/imp.py", line 170, in load_source
    module = _exec(spec, sys.modules[name])
  File "<frozen importlib._bootstrap>", line 619, in _exec
  File "<frozen importlib._bootstrap_external>", line 883, in exec_module
  File "<frozen importlib._bootstrap>", line 241, in _call_with_frames_removed
  File "passenger_wsgi.py", line 8, in <module>
    wsgi = imp.load_source('wsgi', 'passenger_wsgi.py')
  File "/opt/alt/python310/lib64/python3.10/imp.py", line 170, in load_source
    module = _exec(spec, sys.modules[name])
  File "<frozen importlib._bootstrap>", line 619, in _exec
  File "<frozen importlib._bootstrap_external>", line 883, in exec_module
  File "<frozen importlib._bootstrap>", line 241, in _call_with_frames_removed
  File "passenger_wsgi.py", line 8, in <module>
    wsgi = imp.load_source('wsgi', 'passenger_wsgi.py')
  File "/opt/alt/python310/lib64/python3.10/imp.py", line 170, in load_source
    module = _exec(spec, sys.modules[name])
  File "<frozen importlib._bootstrap>", line 619, in _exec
  File "<frozen importlib._bootstrap_external>", line 883, in exec_module
  File "<frozen importlib._bootstrap>", line 241, in _call_with_frames_removed
  File "passenger_wsgi.py", line 8, in <module>
    wsgi = imp.load_source('wsgi', 'passenger_wsgi.py')
  File "/opt/alt/python310/lib64/python3.10/imp.py", line 170, in load_source
    module = _exec(spec, sys.modules[name])
  File "<frozen importlib._bootstrap>", line 619, in _exec
  File "<frozen importlib._bootstrap_external>", line 883, in exec_module
  File "<frozen importlib._bootstrap>", line 241, in _call_with_frames_removed
  File "passenger_wsgi.py", line 8, in <module>
    wsgi = imp.load_source('wsgi', 'passenger_wsgi.py')
  File "/opt/alt/python310/lib64/python3.10/imp.py", line 170, in load_source
    module = _exec(spec, sys.modules[name])
  File "<frozen importlib._bootstrap>", line 619, in _exec
  File "<frozen importlib._bootstrap_external>", line 883, in exec_module
  File "<frozen importlib._bootstrap>", line 241, in _call_with_frames_removed
  File "passenger_wsgi.py", line 8, in <module>
    wsgi = imp.load_source('wsgi', 'passenger_wsgi.py')
  File "/opt/alt/python310/lib64/python3.10/imp.py", line 170, in load_source
    module = _exec(spec, sys.modules[name])
  File "<frozen importlib._bootstrap>", line 619, in _exec
  File "<frozen importlib._bootstrap_external>", line 883, in exec_module
  File "<frozen importlib._bootstrap>", line 241, in _call_with_frames_removed
  File "passenger_wsgi.py", line 8, in <module>
    wsgi = imp.load_source('wsgi', 'passenger_wsgi.py')
  File "/opt/alt/python310/lib64/python3.10/imp.py", line 170, in load_source
    module = _exec(spec, sys.modules[name])
  File "<frozen importlib._bootstrap>", line 619, in _exec
  File "<frozen importlib._bootstrap_external>", line 883, in exec_module
  File "<frozen importlib._bootstrap>", line 241, in _call_with_frames_removed
  File "passenger_wsgi.py", line 8, in <module>
    wsgi = imp.load_source('wsgi', 'passenger_wsgi.py')
  File "/opt/alt/python310/lib64/python3.10/imp.py", line 170, in load_source
    module = _exec(spec, sys.modules[name])
  File "<frozen importlib._bootstrap>", line 619, in _exec
  File "<frozen importlib._bootstrap_external>", line 883, in exec_module
  File "<frozen importlib._bootstrap>", line 241, in _call_with_frames_removed
  File "passenger_wsgi.py", line 8, in <module>
    wsgi = imp.load_source('wsgi', 'passenger_wsgi.py')
  File "/opt/alt/python310/lib64/python3.10/imp.py", line 170, in load_source
    module = _exec(spec, sys.modules[name])
  File "<frozen importlib._bootstrap>", line 619, in _exec
  File "<frozen importlib._bootstrap_external>", line 883, in exec_module
  File "<frozen importlib._bootstrap>", line 241, in _call_with_frames_removed
  File "passenger_wsgi.py", line 8, in <module>
    wsgi = imp.load_source('wsgi', 'passenger_wsgi.py')
  File "/opt/alt/python310/lib64/python3.10/imp.py", line 170, in load_source
    module = _exec(spec, sys.modules[name])
  File "<frozen importlib._bootstrap>", line 619, in _exec
  File "<frozen importlib._bootstrap_external>", line 883, in exec_module
  File "<frozen importlib._bootstrap>", line 241, in _call_with_frames_removed
  File "passenger_wsgi.py", line 8, in <module>
    wsgi = imp.load_source('wsgi', 'passenger_wsgi.py')
  File "/opt/alt/python310/lib64/python3.10/imp.py", line 170, in load_source
    module = _exec(spec, sys.modules[name])
  File "<frozen importlib._bootstrap>", line 619, in _exec
  File "<frozen importlib._bootstrap_external>", line 883, in exec_module
  File "<frozen importlib._bootstrap>", line 241, in _call_with_frames_removed
  File "passenger_wsgi.py", line 8, in <module>
    wsgi = imp.load_source('wsgi', 'passenger_wsgi.py')
  File "/opt/alt/python310/lib64/python3.10/imp.py", line 170, in load_source
    module = _exec(spec, sys.modules[name])
  File "<frozen importlib._bootstrap>", line 619, in _exec
  File "<frozen importlib._bootstrap_external>", line 883, in exec_module
  File "<frozen importlib._bootstrap>", line 241, in _call_with_frames_removed
  File "passenger_wsgi.py", line 8, in <module>
    wsgi = imp.load_source('wsgi', 'passenger_wsgi.py')
  File "/opt/alt/python310/lib64/python3.10/imp.py", line 170, in load_source
    module = _exec(spec, sys.modules[name])
  File "<frozen importlib._bootstrap>", line 619, in _exec
  File "<frozen importlib._bootstrap_external>", line 883, in exec_module
  File "<frozen importlib._bootstrap>", line 241, in _call_with_frames_removed
  File "passenger_wsgi.py", line 8, in <module>
    wsgi = imp.load_source('wsgi', 'passenger_wsgi.py')
  File "/opt/alt/python310/lib64/python3.10/imp.py", line 170, in load_source
    module = _exec(spec, sys.modules[name])
  File "<frozen importlib._bootstrap>", line 619, in _exec
  File "<frozen importlib._bootstrap_external>", line 883, in exec_module
  File "<frozen importlib._bootstrap>", line 241, in _call_with_frames_removed
  File "passenger_wsgi.py", line 8, in <module>
    wsgi = imp.load_source('wsgi', 'passenger_wsgi.py')
  File "/opt/alt/python310/lib64/python3.10/imp.py", line 170, in load_source
    module = _exec(spec, sys.modules[name])
  File "<frozen importlib._bootstrap>", line 619, in _exec
  File "<frozen importlib._bootstrap_external>", line 883, in exec_module
  File "<frozen importlib._bootstrap>", line 241, in _call_with_frames_removed
  File "passenger_wsgi.py", line 8, in <module>
    wsgi = imp.load_source('wsgi', 'passenger_wsgi.py')
  File "/opt/alt/python310/lib64/python3.10/imp.py", line 170, in load_source
    module = _exec(spec, sys.modules[name])
  File "<frozen importlib._bootstrap>", line 619, in _exec
  File "<frozen importlib._bootstrap_external>", line 883, in exec_module
  File "<frozen importlib._bootstrap>", line 241, in _call_with_frames_removed
  File "passenger_wsgi.py", line 8, in <module>
    wsgi = imp.load_source('wsgi', 'passenger_wsgi.py')
  File "/opt/alt/python310/lib64/python3.10/imp.py", line 170, in load_source
    module = _exec(spec, sys.modules[name])
  File "<frozen importlib._bootstrap>", line 619, in _exec
  File "<frozen importlib._bootstrap_external>", line 883, in exec_module
  File "<frozen importlib._bootstrap>", line 241, in _call_with_frames_removed
  File "passenger_wsgi.py", line 8, in <module>
    wsgi = imp.load_source('wsgi', 'passenger_wsgi.py')
  File "/opt/alt/python310/lib64/python3.10/imp.py", line 170, in load_source
    module = _exec(spec, sys.modules[name])
  File "<frozen importlib._bootstrap>", line 619, in _exec
  File "<frozen importlib._bootstrap_external>", line 883, in exec_module
  File "<frozen importlib._bootstrap>", line 241, in _call_with_frames_removed
  File "passenger_wsgi.py", line 8, in <module>
    wsgi = imp.load_source('wsgi', 'passenger_wsgi.py')
  File "/opt/alt/python310/lib64/python3.10/imp.py", line 170, in load_source
    module = _exec(spec, sys.modules[name])
  File "<frozen importlib._bootstrap>", line 619, in _exec
  File "<frozen importlib._bootstrap_external>", line 883, in exec_module
  File "<frozen importlib._bootstrap>", line 241, in _call_with_frames_removed
  File "passenger_wsgi.py", line 8, in <module>
    wsgi = imp.load_source('wsgi', 'passenger_wsgi.py')
  File "/opt/alt/python310/lib64/python3.10/imp.py", line 170, in load_source
    module = _exec(spec, sys.modules[name])
  File "<frozen importlib._bootstrap>", line 619, in _exec
  File "<frozen importlib._bootstrap_external>", line 883, in exec_module
  File "<frozen importlib._bootstrap>", line 241, in _call_with_frames_removed
  File "passenger_wsgi.py", line 8, in <module>
    wsgi = imp.load_source('wsgi', 'passenger_wsgi.py')
  File "/opt/alt/python310/lib64/python3.10/imp.py", line 170, in load_source
    module = _exec(spec, sys.modules[name])
  File "<frozen importlib._bootstrap>", line 619, in _exec
  File "<frozen importlib._bootstrap_external>", line 883, in exec_module
  File "<frozen importlib._bootstrap>", line 241, in _call_with_frames_removed
  File "passenger_wsgi.py", line 8, in <module>
    wsgi = imp.load_source('wsgi', 'passenger_wsgi.py')
  File "/opt/alt/python310/lib64/python3.10/imp.py", line 170, in load_source
    module = _exec(spec, sys.modules[name])
  File "<frozen importlib._bootstrap>", line 619, in _exec
  File "<frozen importlib._bootstrap_external>", line 883, in exec_module
  File "<frozen importlib._bootstrap>", line 241, in _call_with_frames_removed
  File "passenger_wsgi.py", line 8, in <module>
    wsgi = imp.load_source('wsgi', 'passenger_wsgi.py')
  File "/opt/alt/python310/lib64/python3.10/imp.py", line 170, in load_source
    module = _exec(spec, sys.modules[name])
  File "<frozen importlib._bootstrap>", line 619, in _exec
  File "<frozen importlib._bootstrap_external>", line 883, in exec_module
  File "<frozen importlib._bootstrap>", line 241, in _call_with_frames_removed
  File "passenger_wsgi.py", line 8, in <module>
    wsgi = imp.load_source('wsgi', 'passenger_wsgi.py')
  File "/opt/alt/python310/lib64/python3.10/imp.py", line 170, in load_source
    module = _exec(spec, sys.modules[name])
  File "<frozen importlib._bootstrap>", line 619, in _exec
  File "<frozen importlib._bootstrap_external>", line 883, in exec_module
  File "<frozen importlib._bootstrap>", line 241, in _call_with_frames_removed
  File "passenger_wsgi.py", line 8, in <module>
    wsgi = imp.load_source('wsgi', 'passenger_wsgi.py')
  File "/opt/alt/python310/lib64/python3.10/imp.py", line 170, in load_source
    module = _exec(spec, sys.modules[name])
  File "<frozen importlib._bootstrap>", line 619, in _exec
  File "<frozen importlib._bootstrap_external>", line 883, in exec_module
  File "<frozen importlib._bootstrap>", line 241, in _call_with_frames_removed
  File "passenger_wsgi.py", line 8, in <module>
    wsgi = imp.load_source('wsgi', 'passenger_wsgi.py')
  File "/opt/alt/python310/lib64/python3.10/imp.py", line 170, in load_source
    module = _exec(spec, sys.modules[name])
  File "<frozen importlib._bootstrap>", line 619, in _exec
  File "<frozen importlib._bootstrap_external>", line 883, in exec_module
  File "<frozen importlib._bootstrap>", line 241, in _call_with_frames_removed
  File "passenger_wsgi.py", line 8, in <module>
    wsgi = imp.load_source('wsgi', 'passenger_wsgi.py')
  File "/opt/alt/python310/lib64/python3.10/imp.py", line 170, in load_source
    module = _exec(spec, sys.modules[name])
  File "<frozen importlib._bootstrap>", line 619, in _exec
  File "<frozen importlib._bootstrap_external>", line 883, in exec_module
  File "<frozen importlib._bootstrap>", line 241, in _call_with_frames_removed
  File "passenger_wsgi.py", line 8, in <module>
    wsgi = imp.load_source('wsgi', 'passenger_wsgi.py')
  File "/opt/alt/python310/lib64/python3.10/imp.py", line 170, in load_source
    module = _exec(spec, sys.modules[name])
  File "<frozen importlib._bootstrap>", line 619, in _exec
  File "<frozen importlib._bootstrap_external>", line 883, in exec_module
  File "<frozen importlib._bootstrap>", line 241, in _call_with_frames_removed
  File "passenger_wsgi.py", line 8, in <module>
    wsgi = imp.load_source('wsgi', 'passenger_wsgi.py')
  File "/opt/alt/python310/lib64/python3.10/imp.py", line 170, in load_source
    module = _exec(spec, sys.modules[name])
  File "<frozen importlib._bootstrap>", line 619, in _exec
  File "<frozen importlib._bootstrap_external>", line 883, in exec_module
  File "<frozen importlib._bootstrap>", line 241, in _call_with_frames_removed
  File "passenger_wsgi.py", line 8, in <module>
    wsgi = imp.load_source('wsgi', 'passenger_wsgi.py')
  File "/opt/alt/python310/lib64/python3.10/imp.py", line 170, in load_source
    module = _exec(spec, sys.modules[name])
  File "<frozen importlib._bootstrap>", line 619, in _exec
  File "<frozen importlib._bootstrap_external>", line 883, in exec_module
  File "<frozen importlib._bootstrap>", line 241, in _call_with_frames_removed
  File "passenger_wsgi.py", line 8, in <module>
    wsgi = imp.load_source('wsgi', 'passenger_wsgi.py')
  File "/opt/alt/python310/lib64/python3.10/imp.py", line 170, in load_source
    module = _exec(spec, sys.modules[name])
  File "<frozen importlib._bootstrap>", line 619, in _exec
  File "<frozen importlib._bootstrap_external>", line 883, in exec_module
  File "<frozen importlib._bootstrap>", line 241, in _call_with_frames_removed
  File "passenger_wsgi.py", line 8, in <module>
    wsgi = imp.load_source('wsgi', 'passenger_wsgi.py')
  File "/opt/alt/python310/lib64/python3.10/imp.py", line 170, in load_source
    module = _exec(spec, sys.modules[name])
  File "<frozen importlib._bootstrap>", line 619, in _exec
  File "<frozen importlib._bootstrap_external>", line 883, in exec_module
  File "<frozen importlib._bootstrap>", line 241, in _call_with_frames_removed
  File "passenger_wsgi.py", line 8, in <module>
    wsgi = imp.load_source('wsgi', 'passenger_wsgi.py')
  File "/opt/alt/python310/lib64/python3.10/imp.py", line 170, in load_source
    module = _exec(spec, sys.modules[name])
  File "<frozen importlib._bootstrap>", line 619, in _exec
  File "<frozen importlib._bootstrap_external>", line 883, in exec_module
  File "<frozen importlib._bootstrap>", line 241, in _call_with_frames_removed
  File "passenger_wsgi.py", line 8, in <module>
    wsgi = imp.load_source('wsgi', 'passenger_wsgi.py')
  File "/opt/alt/python310/lib64/python3.10/imp.py", line 170, in load_source
    module = _exec(spec, sys.modules[name])
  File "<frozen importlib._bootstrap>", line 619, in _exec
  File "<frozen importlib._bootstrap_external>", line 883, in exec_module
  File "<frozen importlib._bootstrap>", line 241, in _call_with_frames_removed
  File "passenger_wsgi.py", line 8, in <module>
    wsgi = imp.load_source('wsgi', 'passenger_wsgi.py')
  File "/opt/alt/python310/lib64/python3.10/imp.py", line 170, in load_source
    module = _exec(spec, sys.modules[name])
  File "<frozen importlib._bootstrap>", line 619, in _exec
  File "<frozen importlib._bootstrap_external>", line 883, in exec_module
  File "<frozen importlib._bootstrap>", line 241, in _call_with_frames_removed
  File "passenger_wsgi.py", line 8, in <module>
    wsgi = imp.load_source('wsgi', 'passenger_wsgi.py')
  File "/opt/alt/python310/lib64/python3.10/imp.py", line 170, in load_source
    module = _exec(spec, sys.modules[name])
  File "<frozen importlib._bootstrap>", line 619, in _exec
  File "<frozen importlib._bootstrap_external>", line 883, in exec_module
  File "<frozen importlib._bootstrap>", line 241, in _call_with_frames_removed
  File "passenger_wsgi.py", line 8, in <module>
    wsgi = imp.load_source('wsgi', 'passenger_wsgi.py')
  File "/opt/alt/python310/lib64/python3.10/imp.py", line 170, in load_source
    module = _exec(spec, sys.modules[name])
  File "<frozen importlib._bootstrap>", line 619, in _exec
  File "<frozen importlib._bootstrap_external>", line 883, in exec_module
  File "<frozen importlib._bootstrap>", line 241, in _call_with_frames_removed
  File "passenger_wsgi.py", line 8, in <module>
    wsgi = imp.load_source('wsgi', 'passenger_wsgi.py')
  File "/opt/alt/python310/lib64/python3.10/imp.py", line 170, in load_source
    module = _exec(spec, sys.modules[name])
  File "<frozen importlib._bootstrap>", line 619, in _exec
  File "<frozen importlib._bootstrap_external>", line 883, in exec_module
  File "<frozen importlib._bootstrap>", line 241, in _call_with_frames_removed
  File "passenger_wsgi.py", line 8, in <module>
    wsgi = imp.load_source('wsgi', 'passenger_wsgi.py')
  File "/opt/alt/python310/lib64/python3.10/imp.py", line 170, in load_source
    module = _exec(spec, sys.modules[name])
  File "<frozen importlib._bootstrap>", line 619, in _exec
  File "<frozen importlib._bootstrap_external>", line 883, in exec_module
  File "<frozen importlib._bootstrap>", line 241, in _call_with_frames_removed
  File "passenger_wsgi.py", line 8, in <module>
    wsgi = imp.load_source('wsgi', 'passenger_wsgi.py')
  File "/opt/alt/python310/lib64/python3.10/imp.py", line 170, in load_source
    module = _exec(spec, sys.modules[name])
  File "<frozen importlib._bootstrap>", line 619, in _exec
  File "<frozen importlib._bootstrap_external>", line 883, in exec_module
  File "<frozen importlib._bootstrap>", line 241, in _call_with_frames_removed
  File "passenger_wsgi.py", line 8, in <module>
    wsgi = imp.load_source('wsgi', 'passenger_wsgi.py')
  File "/opt/alt/python310/lib64/python3.10/imp.py", line 170, in load_source
    module = _exec(spec, sys.modules[name])
  File "<frozen importlib._bootstrap>", line 619, in _exec
  File "<frozen importlib._bootstrap_external>", line 883, in exec_module
  File "<frozen importlib._bootstrap>", line 241, in _call_with_frames_removed
  File "passenger_wsgi.py", line 8, in <module>
    wsgi = imp.load_source('wsgi', 'passenger_wsgi.py')
  File "/opt/alt/python310/lib64/python3.10/imp.py", line 170, in load_source
    module = _exec(spec, sys.modules[name])
  File "<frozen importlib._bootstrap>", line 619, in _exec
  File "<frozen importlib._bootstrap_external>", line 883, in exec_module
  File "<frozen importlib._bootstrap>", line 241, in _call_with_frames_removed
  File "passenger_wsgi.py", line 8, in <module>
    wsgi = imp.load_source('wsgi', 'passenger_wsgi.py')
  File "/opt/alt/python310/lib64/python3.10/imp.py", line 170, in load_source
    module = _exec(spec, sys.modules[name])
  File "<frozen importlib._bootstrap>", line 619, in _exec
  File "<frozen importlib._bootstrap_external>", line 883, in exec_module
  File "<frozen importlib._bootstrap>", line 241, in _call_with_frames_removed
  File "passenger_wsgi.py", line 8, in <module>
    wsgi = imp.load_source('wsgi', 'passenger_wsgi.py')
  File "/opt/alt/python310/lib64/python3.10/imp.py", line 170, in load_source
    module = _exec(spec, sys.modules[name])
  File "<frozen importlib._bootstrap>", line 619, in _exec
  File "<frozen importlib._bootstrap_external>", line 883, in exec_module
  File "<frozen importlib._bootstrap>", line 241, in _call_with_frames_removed
  File "passenger_wsgi.py", line 8, in <module>
    wsgi = imp.load_source('wsgi', 'passenger_wsgi.py')
  File "/opt/alt/python310/lib64/python3.10/imp.py", line 170, in load_source
    module = _exec(spec, sys.modules[name])
  File "<frozen importlib._bootstrap>", line 619, in _exec
  File "<frozen importlib._bootstrap_external>", line 883, in exec_module
  File "<frozen importlib._bootstrap>", line 241, in _call_with_frames_removed
  File "passenger_wsgi.py", line 8, in <module>
    wsgi = imp.load_source('wsgi', 'passenger_wsgi.py')
  File "/opt/alt/python310/lib64/python3.10/imp.py", line 170, in load_source
    module = _exec(spec, sys.modules[name])
  File "<frozen importlib._bootstrap>", line 619, in _exec
  File "<frozen importlib._bootstrap_external>", line 883, in exec_module
  File "<frozen importlib._bootstrap>", line 241, in _call_with_frames_removed
  File "passenger_wsgi.py", line 8, in <module>
    wsgi = imp.load_source('wsgi', 'passenger_wsgi.py')
  File "/opt/alt/python310/lib64/python3.10/imp.py", line 170, in load_source
    module = _exec(spec, sys.modules[name])
  File "<frozen importlib._bootstrap>", line 619, in _exec
  File "<frozen importlib._bootstrap_external>", line 883, in exec_module
  File "<frozen importlib._bootstrap>", line 241, in _call_with_frames_removed
  File "passenger_wsgi.py", line 8, in <module>
    wsgi = imp.load_source('wsgi', 'passenger_wsgi.py')
  File "/opt/alt/python310/lib64/python3.10/imp.py", line 170, in load_source
    module = _exec(spec, sys.modules[name])
  File "<frozen importlib._bootstrap>", line 619, in _exec
  File "<frozen importlib._bootstrap_external>", line 883, in exec_module
  File "<frozen importlib._bootstrap>", line 241, in _call_with_frames_removed
  File "passenger_wsgi.py", line 8, in <module>
    wsgi = imp.load_source('wsgi', 'passenger_wsgi.py')
  File "/opt/alt/python310/lib64/python3.10/imp.py", line 170, in load_source
    module = _exec(spec, sys.modules[name])
  File "<frozen importlib._bootstrap>", line 619, in _exec
  File "<frozen importlib._bootstrap_external>", line 883, in exec_module
  File "<frozen importlib._bootstrap>", line 241, in _call_with_frames_removed
  File "passenger_wsgi.py", line 8, in <module>
    wsgi = imp.load_source('wsgi', 'passenger_wsgi.py')
  File "/opt/alt/python310/lib64/python3.10/imp.py", line 170, in load_source
    module = _exec(spec, sys.modules[name])
  File "<frozen importlib._bootstrap>", line 619, in _exec
  File "<frozen importlib._bootstrap_external>", line 883, in exec_module
  File "<frozen importlib._bootstrap>", line 241, in _call_with_frames_removed
  File "passenger_wsgi.py", line 8, in <module>
    wsgi = imp.load_source('wsgi', 'passenger_wsgi.py')
  File "/opt/alt/python310/lib64/python3.10/imp.py", line 170, in load_source
    module = _exec(spec, sys.modules[name])
  File "<frozen importlib._bootstrap>", line 619, in _exec
  File "<frozen importlib._bootstrap_external>", line 883, in exec_module
  File "<frozen importlib._bootstrap>", line 241, in _call_with_frames_removed
  File "passenger_wsgi.py", line 8, in <module>
    wsgi = imp.load_source('wsgi', 'passenger_wsgi.py')
  File "/opt/alt/python310/lib64/python3.10/imp.py", line 170, in load_source
    module = _exec(spec, sys.modules[name])
  File "<frozen importlib._bootstrap>", line 619, in _exec
  File "<frozen importlib._bootstrap_external>", line 883, in exec_module
  File "<frozen importlib._bootstrap>", line 241, in _call_with_frames_removed
  File "passenger_wsgi.py", line 8, in <module>
    wsgi = imp.load_source('wsgi', 'passenger_wsgi.py')
  File "/opt/alt/python310/lib64/python3.10/imp.py", line 170, in load_source
    module = _exec(spec, sys.modules[name])
  File "<frozen importlib._bootstrap>", line 619, in _exec
  File "<frozen importlib._bootstrap_external>", line 883, in exec_module
  File "<frozen importlib._bootstrap>", line 241, in _call_with_frames_removed
  File "passenger_wsgi.py", line 8, in <module>
    wsgi = imp.load_source('wsgi', 'passenger_wsgi.py')
  File "/opt/alt/python310/lib64/python3.10/imp.py", line 170, in load_source
    module = _exec(spec, sys.modules[name])
  File "<frozen importlib._bootstrap>", line 619, in _exec
  File "<frozen importlib._bootstrap_external>", line 883, in exec_module
  File "<frozen importlib._bootstrap>", line 241, in _call_with_frames_removed
  File "passenger_wsgi.py", line 8, in <module>
    wsgi = imp.load_source('wsgi', 'passenger_wsgi.py')
  File "/opt/alt/python310/lib64/python3.10/imp.py", line 170, in load_source
    module = _exec(spec, sys.modules[name])
  File "<frozen importlib._bootstrap>", line 619, in _exec
  File "<frozen importlib._bootstrap_external>", line 883, in exec_module
  File "<frozen importlib._bootstrap>", line 241, in _call_with_frames_removed
  File "passenger_wsgi.py", line 8, in <module>
    wsgi = imp.load_source('wsgi', 'passenger_wsgi.py')
  File "/opt/alt/python310/lib64/python3.10/imp.py", line 170, in load_source
    module = _exec(spec, sys.modules[name])
  File "<frozen importlib._bootstrap>", line 619, in _exec
  File "<frozen importlib._bootstrap_external>", line 883, in exec_module
  File "<frozen importlib._bootstrap>", line 241, in _call_with_frames_removed
  File "passenger_wsgi.py", line 8, in <module>
    wsgi = imp.load_source('wsgi', 'passenger_wsgi.py')
  File "/opt/alt/python310/lib64/python3.10/imp.py", line 170, in load_source
    module = _exec(spec, sys.modules[name])
  File "<frozen importlib._bootstrap>", line 619, in _exec
  File "<frozen importlib._bootstrap_external>", line 883, in exec_module
  File "<frozen importlib._bootstrap>", line 241, in _call_with_frames_removed
  File "passenger_wsgi.py", line 8, in <module>
    wsgi = imp.load_source('wsgi', 'passenger_wsgi.py')
  File "/opt/alt/python310/lib64/python3.10/imp.py", line 170, in load_source
    module = _exec(spec, sys.modules[name])
  File "<frozen importlib._bootstrap>", line 619, in _exec
  File "<frozen importlib._bootstrap_external>", line 883, in exec_module
  File "<frozen importlib._bootstrap>", line 241, in _call_with_frames_removed
  File "passenger_wsgi.py", line 8, in <module>
    wsgi = imp.load_source('wsgi', 'passenger_wsgi.py')
  File "/opt/alt/python310/lib64/python3.10/imp.py", line 170, in load_source
    module = _exec(spec, sys.modules[name])
  File "<frozen importlib._bootstrap>", line 619, in _exec
  File "<frozen importlib._bootstrap_external>", line 883, in exec_module
  File "<frozen importlib._bootstrap>", line 241, in _call_with_frames_removed
  File "passenger_wsgi.py", line 8, in <module>
    wsgi = imp.load_source('wsgi', 'passenger_wsgi.py')
  File "/opt/alt/python310/lib64/python3.10/imp.py", line 170, in load_source
    module = _exec(spec, sys.modules[name])
  File "<frozen importlib._bootstrap>", line 619, in _exec
  File "<frozen importlib._bootstrap_external>", line 883, in exec_module
  File "<frozen importlib._bootstrap>", line 241, in _call_with_frames_removed
  File "passenger_wsgi.py", line 8, in <module>
    wsgi = imp.load_source('wsgi', 'passenger_wsgi.py')
  File "/opt/alt/python310/lib64/python3.10/imp.py", line 170, in load_source
    module = _exec(spec, sys.modules[name])
  File "<frozen importlib._bootstrap>", line 619, in _exec
  File "<frozen importlib._bootstrap_external>", line 883, in exec_module
  File "<frozen importlib._bootstrap>", line 241, in _call_with_frames_removed
  File "passenger_wsgi.py", line 8, in <module>
    wsgi = imp.load_source('wsgi', 'passenger_wsgi.py')
  File "/opt/alt/python310/lib64/python3.10/imp.py", line 170, in load_source
    module = _exec(spec, sys.modules[name])
  File "<frozen importlib._bootstrap>", line 619, in _exec
  File "<frozen importlib._bootstrap_external>", line 883, in exec_module
  File "<frozen importlib._bootstrap>", line 241, in _call_with_frames_removed
  File "passenger_wsgi.py", line 8, in <module>
    wsgi = imp.load_source('wsgi', 'passenger_wsgi.py')
  File "/opt/alt/python310/lib64/python3.10/imp.py", line 170, in load_source
    module = _exec(spec, sys.modules[name])
  File "<frozen importlib._bootstrap>", line 619, in _exec
  File "<frozen importlib._bootstrap_external>", line 883, in exec_module
  File "<frozen importlib._bootstrap>", line 241, in _call_with_frames_removed
  File "passenger_wsgi.py", line 8, in <module>
    wsgi = imp.load_source('wsgi', 'passenger_wsgi.py')
  File "/opt/alt/python310/lib64/python3.10/imp.py", line 170, in load_source
    module = _exec(spec, sys.modules[name])
  File "<frozen importlib._bootstrap>", line 619, in _exec
  File "<frozen importlib._bootstrap_external>", line 883, in exec_module
  File "<frozen importlib._bootstrap>", line 241, in _call_with_frames_removed
  File "passenger_wsgi.py", line 8, in <module>
    wsgi = imp.load_source('wsgi', 'passenger_wsgi.py')
  File "/opt/alt/python310/lib64/python3.10/imp.py", line 170, in load_source
    module = _exec(spec, sys.modules[name])
  File "<frozen importlib._bootstrap>", line 619, in _exec
  File "<frozen importlib._bootstrap_external>", line 883, in exec_module
  File "<frozen importlib._bootstrap>", line 241, in _call_with_frames_removed
  File "passenger_wsgi.py", line 8, in <module>
    wsgi = imp.load_source('wsgi', 'passenger_wsgi.py')
  File "/opt/alt/python310/lib64/python3.10/imp.py", line 170, in load_source
    module = _exec(spec, sys.modules[name])
  File "<frozen importlib._bootstrap>", line 619, in _exec
  File "<frozen importlib._bootstrap_external>", line 883, in exec_module
  File "<frozen importlib._bootstrap>", line 241, in _call_with_frames_removed
  File "passenger_wsgi.py", line 8, in <module>
    wsgi = imp.load_source('wsgi', 'passenger_wsgi.py')
  File "/opt/alt/python310/lib64/python3.10/imp.py", line 170, in load_source
    module = _exec(spec, sys.modules[name])
  File "<frozen importlib._bootstrap>", line 619, in _exec
  File "<frozen importlib._bootstrap_external>", line 883, in exec_module
  File "<frozen importlib._bootstrap>", line 241, in _call_with_frames_removed
  File "passenger_wsgi.py", line 8, in <module>
    wsgi = imp.load_source('wsgi', 'passenger_wsgi.py')
  File "/opt/alt/python310/lib64/python3.10/imp.py", line 170, in load_source
    module = _exec(spec, sys.modules[name])
  File "<frozen importlib._bootstrap>", line 619, in _exec
  File "<frozen importlib._bootstrap_external>", line 883, in exec_module
  File "<frozen importlib._bootstrap>", line 241, in _call_with_frames_removed
  File "passenger_wsgi.py", line 8, in <module>
    wsgi = imp.load_source('wsgi', 'passenger_wsgi.py')
  File "/opt/alt/python310/lib64/python3.10/imp.py", line 170, in load_source
    module = _exec(spec, sys.modules[name])
  File "<frozen importlib._bootstrap>", line 619, in _exec
  File "<frozen importlib._bootstrap_external>", line 883, in exec_module
  File "<frozen importlib._bootstrap>", line 241, in _call_with_frames_removed
  File "passenger_wsgi.py", line 8, in <module>
    wsgi = imp.load_source('wsgi', 'passenger_wsgi.py')
  File "/opt/alt/python310/lib64/python3.10/imp.py", line 170, in load_source
    module = _exec(spec, sys.modules[name])
  File "<frozen importlib._bootstrap>", line 619, in _exec
  File "<frozen importlib._bootstrap_external>", line 883, in exec_module
  File "<frozen importlib._bootstrap>", line 241, in _call_with_frames_removed
  File "passenger_wsgi.py", line 8, in <module>
    wsgi = imp.load_source('wsgi', 'passenger_wsgi.py')
  File "/opt/alt/python310/lib64/python3.10/imp.py", line 170, in load_source
    module = _exec(spec, sys.modules[name])
  File "<frozen importlib._bootstrap>", line 619, in _exec
  File "<frozen importlib._bootstrap_external>", line 883, in exec_module
  File "<frozen importlib._bootstrap>", line 241, in _call_with_frames_removed
  File "passenger_wsgi.py", line 8, in <module>
    wsgi = imp.load_source('wsgi', 'passenger_wsgi.py')
  File "/opt/alt/python310/lib64/python3.10/imp.py", line 170, in load_source
    module = _exec(spec, sys.modules[name])
  File "<frozen importlib._bootstrap>", line 619, in _exec
  File "<frozen importlib._bootstrap_external>", line 883, in exec_module
  File "<frozen importlib._bootstrap>", line 241, in _call_with_frames_removed
  File "passenger_wsgi.py", line 8, in <module>
    wsgi = imp.load_source('wsgi', 'passenger_wsgi.py')
  File "/opt/alt/python310/lib64/python3.10/imp.py", line 170, in load_source
    module = _exec(spec, sys.modules[name])
  File "<frozen importlib._bootstrap>", line 619, in _exec
  File "<frozen importlib._bootstrap_external>", line 883, in exec_module
  File "<frozen importlib._bootstrap>", line 241, in _call_with_frames_removed
  File "passenger_wsgi.py", line 8, in <module>
    wsgi = imp.load_source('wsgi', 'passenger_wsgi.py')
  File "/opt/alt/python310/lib64/python3.10/imp.py", line 170, in load_source
    module = _exec(spec, sys.modules[name])
  File "<frozen importlib._bootstrap>", line 619, in _exec
  File "<frozen importlib._bootstrap_external>", line 883, in exec_module
  File "<frozen importlib._bootstrap>", line 241, in _call_with_frames_removed
  File "passenger_wsgi.py", line 8, in <module>
    wsgi = imp.load_source('wsgi', 'passenger_wsgi.py')
  File "/opt/alt/python310/lib64/python3.10/imp.py", line 170, in load_source
    module = _exec(spec, sys.modules[name])
  File "<frozen importlib._bootstrap>", line 619, in _exec
  File "<frozen importlib._bootstrap_external>", line 883, in exec_module
  File "<frozen importlib._bootstrap>", line 241, in _call_with_frames_removed
  File "passenger_wsgi.py", line 8, in <module>
    wsgi = imp.load_source('wsgi', 'passenger_wsgi.py')
  File "/opt/alt/python310/lib64/python3.10/imp.py", line 170, in load_source
    module = _exec(spec, sys.modules[name])
  File "<frozen importlib._bootstrap>", line 619, in _exec
  File "<frozen importlib._bootstrap_external>", line 883, in exec_module
  File "<frozen importlib._bootstrap>", line 241, in _call_with_frames_removed
  File "passenger_wsgi.py", line 8, in <module>
    wsgi = imp.load_source('wsgi', 'passenger_wsgi.py')
  File "/opt/alt/python310/lib64/python3.10/imp.py", line 170, in load_source
    module = _exec(spec, sys.modules[name])
  File "<frozen importlib._bootstrap>", line 619, in _exec
  File "<frozen importlib._bootstrap_external>", line 883, in exec_module
  File "<frozen importlib._bootstrap>", line 241, in _call_with_frames_removed
  File "passenger_wsgi.py", line 8, in <module>
    wsgi = imp.load_source('wsgi', 'passenger_wsgi.py')
  File "/opt/alt/python310/lib64/python3.10/imp.py", line 170, in load_source
    module = _exec(spec, sys.modules[name])
  File "<frozen importlib._bootstrap>", line 619, in _exec
  File "<frozen importlib._bootstrap_external>", line 883, in exec_module
  File "<frozen importlib._bootstrap>", line 241, in _call_with_frames_removed
  File "passenger_wsgi.py", line 8, in <module>
    wsgi = imp.load_source('wsgi', 'passenger_wsgi.py')
  File "/opt/alt/python310/lib64/python3.10/imp.py", line 170, in load_source
    module = _exec(spec, sys.modules[name])
  File "<frozen importlib._bootstrap>", line 619, in _exec
  File "<frozen importlib._bootstrap_external>", line 883, in exec_module
  File "<frozen importlib._bootstrap>", line 241, in _call_with_frames_removed
  File "passenger_wsgi.py", line 8, in <module>
    wsgi = imp.load_source('wsgi', 'passenger_wsgi.py')
  File "/opt/alt/python310/lib64/python3.10/imp.py", line 170, in load_source
    module = _exec(spec, sys.modules[name])
  File "<frozen importlib._bootstrap>", line 619, in _exec
  File "<frozen importlib._bootstrap_external>", line 883, in exec_module
  File "<frozen importlib._bootstrap>", line 241, in _call_with_frames_removed
  File "passenger_wsgi.py", line 8, in <module>
    wsgi = imp.load_source('wsgi', 'passenger_wsgi.py')
  File "/opt/alt/python310/lib64/python3.10/imp.py", line 170, in load_source
    module = _exec(spec, sys.modules[name])
  File "<frozen importlib._bootstrap>", line 619, in _exec
  File "<frozen importlib._bootstrap_external>", line 883, in exec_module
  File "<frozen importlib._bootstrap>", line 241, in _call_with_frames_removed
  File "passenger_wsgi.py", line 8, in <module>
    wsgi = imp.load_source('wsgi', 'passenger_wsgi.py')
  File "/opt/alt/python310/lib64/python3.10/imp.py", line 170, in load_source
    module = _exec(spec, sys.modules[name])
  File "<frozen importlib._bootstrap>", line 619, in _exec
  File "<frozen importlib._bootstrap_external>", line 883, in exec_module
  File "<frozen importlib._bootstrap>", line 241, in _call_with_frames_removed
  File "passenger_wsgi.py", line 8, in <module>
    wsgi = imp.load_source('wsgi', 'passenger_wsgi.py')
  File "/opt/alt/python310/lib64/python3.10/imp.py", line 170, in load_source
    module = _exec(spec, sys.modules[name])
  File "<frozen importlib._bootstrap>", line 619, in _exec
  File "<frozen importlib._bootstrap_external>", line 883, in exec_module
  File "<frozen importlib._bootstrap>", line 241, in _call_with_frames_removed
  File "passenger_wsgi.py", line 8, in <module>
    wsgi = imp.load_source('wsgi', 'passenger_wsgi.py')
  File "/opt/alt/python310/lib64/python3.10/imp.py", line 170, in load_source
    module = _exec(spec, sys.modules[name])
  File "<frozen importlib._bootstrap>", line 619, in _exec
  File "<frozen importlib._bootstrap_external>", line 883, in exec_module
  File "<frozen importlib._bootstrap>", line 241, in _call_with_frames_removed
  File "passenger_wsgi.py", line 8, in <module>
    wsgi = imp.load_source('wsgi', 'passenger_wsgi.py')
  File "/opt/alt/python310/lib64/python3.10/imp.py", line 170, in load_source
    module = _exec(spec, sys.modules[name])
  File "<frozen importlib._bootstrap>", line 619, in _exec
  File "<frozen importlib._bootstrap_external>", line 883, in exec_module
  File "<frozen importlib._bootstrap>", line 241, in _call_with_frames_removed
  File "passenger_wsgi.py", line 8, in <module>
    wsgi = imp.load_source('wsgi', 'passenger_wsgi.py')
  File "/opt/alt/python310/lib64/python3.10/imp.py", line 170, in load_source
    module = _exec(spec, sys.modules[name])
  File "<frozen importlib._bootstrap>", line 619, in _exec
  File "<frozen importlib._bootstrap_external>", line 883, in exec_module
  File "<frozen importlib._bootstrap>", line 241, in _call_with_frames_removed
  File "passenger_wsgi.py", line 8, in <module>
    wsgi = imp.load_source('wsgi', 'passenger_wsgi.py')
  File "/opt/alt/python310/lib64/python3.10/imp.py", line 170, in load_source
    module = _exec(spec, sys.modules[name])
  File "<frozen importlib._bootstrap>", line 619, in _exec
  File "<frozen importlib._bootstrap_external>", line 883, in exec_module
  File "<frozen importlib._bootstrap>", line 241, in _call_with_frames_removed
  File "passenger_wsgi.py", line 8, in <module>
    wsgi = imp.load_source('wsgi', 'passenger_wsgi.py')
  File "/opt/alt/python310/lib64/python3.10/imp.py", line 170, in load_source
    module = _exec(spec, sys.modules[name])
  File "<frozen importlib._bootstrap>", line 619, in _exec
  File "<frozen importlib._bootstrap_external>", line 883, in exec_module
  File "<frozen importlib._bootstrap>", line 241, in _call_with_frames_removed
  File "passenger_wsgi.py", line 8, in <module>
    wsgi = imp.load_source('wsgi', 'passenger_wsgi.py')
  File "/opt/alt/python310/lib64/python3.10/imp.py", line 170, in load_source
    module = _exec(spec, sys.modules[name])
  File "<frozen importlib._bootstrap>", line 619, in _exec
  File "<frozen importlib._bootstrap_external>", line 883, in exec_module
  File "<frozen importlib._bootstrap>", line 241, in _call_with_frames_removed
  File "passenger_wsgi.py", line 8, in <module>
    wsgi = imp.load_source('wsgi', 'passenger_wsgi.py')
  File "/opt/alt/python310/lib64/python3.10/imp.py", line 170, in load_source
    module = _exec(spec, sys.modules[name])
  File "<frozen importlib._bootstrap>", line 619, in _exec
  File "<frozen importlib._bootstrap_external>", line 883, in exec_module
  File "<frozen importlib._bootstrap>", line 241, in _call_with_frames_removed
  File "passenger_wsgi.py", line 8, in <module>
    wsgi = imp.load_source('wsgi', 'passenger_wsgi.py')
  File "/opt/alt/python310/lib64/python3.10/imp.py", line 170, in load_source
    module = _exec(spec, sys.modules[name])
  File "<frozen importlib._bootstrap>", line 619, in _exec
  File "<frozen importlib._bootstrap_external>", line 883, in exec_module
  File "<frozen importlib._bootstrap>", line 241, in _call_with_frames_removed
  File "passenger_wsgi.py", line 8, in <module>
    wsgi = imp.load_source('wsgi', 'passenger_wsgi.py')
  File "/opt/alt/python310/lib64/python3.10/imp.py", line 170, in load_source
    module = _exec(spec, sys.modules[name])
  File "<frozen importlib._bootstrap>", line 619, in _exec
  File "<frozen importlib._bootstrap_external>", line 883, in exec_module
  File "<frozen importlib._bootstrap>", line 241, in _call_with_frames_removed
  File "passenger_wsgi.py", line 8, in <module>
    wsgi = imp.load_source('wsgi', 'passenger_wsgi.py')
  File "/opt/alt/python310/lib64/python3.10/imp.py", line 170, in load_source
    module = _exec(spec, sys.modules[name])
  File "<frozen importlib._bootstrap>", line 619, in _exec
  File "<frozen importlib._bootstrap_external>", line 883, in exec_module
  File "<frozen importlib._bootstrap>", line 241, in _call_with_frames_removed
  File "passenger_wsgi.py", line 8, in <module>
    wsgi = imp.load_source('wsgi', 'passenger_wsgi.py')
  File "/opt/alt/python310/lib64/python3.10/imp.py", line 170, in load_source
    module = _exec(spec, sys.modules[name])
  File "<frozen importlib._bootstrap>", line 619, in _exec
  File "<frozen importlib._bootstrap_external>", line 883, in exec_module
  File "<frozen importlib._bootstrap>", line 241, in _call_with_frames_removed
  File "passenger_wsgi.py", line 8, in <module>
    wsgi = imp.load_source('wsgi', 'passenger_wsgi.py')
  File "/opt/alt/python310/lib64/python3.10/imp.py", line 170, in load_source
    module = _exec(spec, sys.modules[name])
  File "<frozen importlib._bootstrap>", line 619, in _exec
  File "<frozen importlib._bootstrap_external>", line 883, in exec_module
  File "<frozen importlib._bootstrap>", line 241, in _call_with_frames_removed
  File "passenger_wsgi.py", line 8, in <module>
    wsgi = imp.load_source('wsgi', 'passenger_wsgi.py')
  File "/opt/alt/python310/lib64/python3.10/imp.py", line 170, in load_source
    module = _exec(spec, sys.modules[name])
  File "<frozen importlib._bootstrap>", line 619, in _exec
  File "<frozen importlib._bootstrap_external>", line 883, in exec_module
  File "<frozen importlib._bootstrap>", line 241, in _call_with_frames_removed
  File "passenger_wsgi.py", line 8, in <module>
    wsgi = imp.load_source('wsgi', 'passenger_wsgi.py')
  File "/opt/alt/python310/lib64/python3.10/imp.py", line 170, in load_source
    module = _exec(spec, sys.modules[name])
  File "<frozen importlib._bootstrap>", line 619, in _exec
  File "<frozen importlib._bootstrap_external>", line 883, in exec_module
  File "<frozen importlib._bootstrap>", line 241, in _call_with_frames_removed
  File "passenger_wsgi.py", line 8, in <module>
    wsgi = imp.load_source('wsgi', 'passenger_wsgi.py')
  File "/opt/alt/python310/lib64/python3.10/imp.py", line 170, in load_source
    module = _exec(spec, sys.modules[name])
  File "<frozen importlib._bootstrap>", line 619, in _exec
  File "<frozen importlib._bootstrap_external>", line 883, in exec_module
  File "<frozen importlib._bootstrap>", line 241, in _call_with_frames_removed
  File "passenger_wsgi.py", line 8, in <module>
    wsgi = imp.load_source('wsgi', 'passenger_wsgi.py')
  File "/opt/alt/python310/lib64/python3.10/imp.py", line 170, in load_source
    module = _exec(spec, sys.modules[name])
  File "<frozen importlib._bootstrap>", line 619, in _exec
  File "<frozen importlib._bootstrap_external>", line 883, in exec_module
  File "<frozen importlib._bootstrap>", line 241, in _call_with_frames_removed
  File "passenger_wsgi.py", line 8, in <module>
    wsgi = imp.load_source('wsgi', 'passenger_wsgi.py')
  File "/opt/alt/python310/lib64/python3.10/imp.py", line 170, in load_source
    module = _exec(spec, sys.modules[name])
  File "<frozen importlib._bootstrap>", line 619, in _exec
  File "<frozen importlib._bootstrap_external>", line 883, in exec_module
  File "<frozen importlib._bootstrap>", line 241, in _call_with_frames_removed
  File "passenger_wsgi.py", line 8, in <module>
    wsgi = imp.load_source('wsgi', 'passenger_wsgi.py')
  File "/opt/alt/python310/lib64/python3.10/imp.py", line 170, in load_source
    module = _exec(spec, sys.modules[name])
  File "<frozen importlib._bootstrap>", line 619, in _exec
  File "<frozen importlib._bootstrap_external>", line 883, in exec_module
  File "<frozen importlib._bootstrap>", line 241, in _call_with_frames_removed
  File "passenger_wsgi.py", line 8, in <module>
    wsgi = imp.load_source('wsgi', 'passenger_wsgi.py')
  File "/opt/alt/python310/lib64/python3.10/imp.py", line 170, in load_source
    module = _exec(spec, sys.modules[name])
  File "<frozen importlib._bootstrap>", line 619, in _exec
  File "<frozen importlib._bootstrap_external>", line 883, in exec_module
  File "<frozen importlib._bootstrap>", line 241, in _call_with_frames_removed
  File "passenger_wsgi.py", line 8, in <module>
    wsgi = imp.load_source('wsgi', 'passenger_wsgi.py')
  File "/opt/alt/python310/lib64/python3.10/imp.py", line 170, in load_source
    module = _exec(spec, sys.modules[name])
  File "<frozen importlib._bootstrap>", line 619, in _exec
  File "<frozen importlib._bootstrap_external>", line 883, in exec_module
  File "<frozen importlib._bootstrap>", line 241, in _call_with_frames_removed
  File "passenger_wsgi.py", line 8, in <module>
    wsgi = imp.load_source('wsgi', 'passenger_wsgi.py')
  File "/opt/alt/python310/lib64/python3.10/imp.py", line 170, in load_source
    module = _exec(spec, sys.modules[name])
  File "<frozen importlib._bootstrap>", line 619, in _exec
  File "<frozen importlib._bootstrap_external>", line 883, in exec_module
  File "<frozen importlib._bootstrap>", line 241, in _call_with_frames_removed
  File "passenger_wsgi.py", line 8, in <module>
    wsgi = imp.load_source('wsgi', 'passenger_wsgi.py')
  File "/opt/alt/python310/lib64/python3.10/imp.py", line 170, in load_source
    module = _exec(spec, sys.modules[name])
  File "<frozen importlib._bootstrap>", line 619, in _exec
  File "<frozen importlib._bootstrap_external>", line 883, in exec_module
  File "<frozen importlib._bootstrap>", line 241, in _call_with_frames_removed
  File "passenger_wsgi.py", line 8, in <module>
    wsgi = imp.load_source('wsgi', 'passenger_wsgi.py')
  File "/opt/alt/python310/lib64/python3.10/imp.py", line 170, in load_source
    module = _exec(spec, sys.modules[name])
  File "<frozen importlib._bootstrap>", line 619, in _exec
  File "<frozen importlib._bootstrap_external>", line 883, in exec_module
  File "<frozen importlib._bootstrap>", line 241, in _call_with_frames_removed
  File "passenger_wsgi.py", line 8, in <module>
    wsgi = imp.load_source('wsgi', 'passenger_wsgi.py')
  File "/opt/alt/python310/lib64/python3.10/imp.py", line 170, in load_source
    module = _exec(spec, sys.modules[name])
  File "<frozen importlib._bootstrap>", line 619, in _exec
  File "<frozen importlib._bootstrap_external>", line 883, in exec_module
  File "<frozen importlib._bootstrap>", line 241, in _call_with_frames_removed
  File "passenger_wsgi.py", line 8, in <module>
    wsgi = imp.load_source('wsgi', 'passenger_wsgi.py')
  File "/opt/alt/python310/lib64/python3.10/imp.py", line 170, in load_source
    module = _exec(spec, sys.modules[name])
  File "<frozen importlib._bootstrap>", line 619, in _exec
  File "<frozen importlib._bootstrap_external>", line 883, in exec_module
  File "<frozen importlib._bootstrap>", line 241, in _call_with_frames_removed
  File "passenger_wsgi.py", line 8, in <module>
    wsgi = imp.load_source('wsgi', 'passenger_wsgi.py')
  File "/opt/alt/python310/lib64/python3.10/imp.py", line 170, in load_source
    module = _exec(spec, sys.modules[name])
  File "<frozen importlib._bootstrap>", line 619, in _exec
  File "<frozen importlib._bootstrap_external>", line 883, in exec_module
  File "<frozen importlib._bootstrap>", line 241, in _call_with_frames_removed
  File "passenger_wsgi.py", line 8, in <module>
    wsgi = imp.load_source('wsgi', 'passenger_wsgi.py')
  File "/opt/alt/python310/lib64/python3.10/imp.py", line 170, in load_source
    module = _exec(spec, sys.modules[name])
  File "<frozen importlib._bootstrap>", line 619, in _exec
  File "<frozen importlib._bootstrap_external>", line 883, in exec_module
  File "<frozen importlib._bootstrap>", line 241, in _call_with_frames_removed
  File "passenger_wsgi.py", line 8, in <module>
    wsgi = imp.load_source('wsgi', 'passenger_wsgi.py')
  File "/opt/alt/python310/lib64/python3.10/imp.py", line 170, in load_source
    module = _exec(spec, sys.modules[name])
  File "<frozen importlib._bootstrap>", line 619, in _exec
  File "<frozen importlib._bootstrap_external>", line 883, in exec_module
  File "<frozen importlib._bootstrap>", line 241, in _call_with_frames_removed
  File "passenger_wsgi.py", line 8, in <module>
    wsgi = imp.load_source('wsgi', 'passenger_wsgi.py')
  File "/opt/alt/python310/lib64/python3.10/imp.py", line 170, in load_source
    module = _exec(spec, sys.modules[name])
  File "<frozen importlib._bootstrap>", line 619, in _exec
  File "<frozen importlib._bootstrap_external>", line 883, in exec_module
  File "<frozen importlib._bootstrap>", line 241, in _call_with_frames_removed
  File "passenger_wsgi.py", line 8, in <module>
    wsgi = imp.load_source('wsgi', 'passenger_wsgi.py')
  File "/opt/alt/python310/lib64/python3.10/imp.py", line 170, in load_source
    module = _exec(spec, sys.modules[name])
  File "<frozen importlib._bootstrap>", line 619, in _exec
  File "<frozen importlib._bootstrap_external>", line 883, in exec_module
  File "<frozen importlib._bootstrap>", line 241, in _call_with_frames_removed
  File "passenger_wsgi.py", line 8, in <module>
    wsgi = imp.load_source('wsgi', 'passenger_wsgi.py')
  File "/opt/alt/python310/lib64/python3.10/imp.py", line 170, in load_source
    module = _exec(spec, sys.modules[name])
  File "<frozen importlib._bootstrap>", line 619, in _exec
  File "<frozen importlib._bootstrap_external>", line 883, in exec_module
  File "<frozen importlib._bootstrap>", line 241, in _call_with_frames_removed
  File "passenger_wsgi.py", line 8, in <module>
    wsgi = imp.load_source('wsgi', 'passenger_wsgi.py')
  File "/opt/alt/python310/lib64/python3.10/imp.py", line 170, in load_source
    module = _exec(spec, sys.modules[name])
  File "<frozen importlib._bootstrap>", line 619, in _exec
  File "<frozen importlib._bootstrap_external>", line 883, in exec_module
  File "<frozen importlib._bootstrap>", line 241, in _call_with_frames_removed
  File "passenger_wsgi.py", line 8, in <module>
    wsgi = imp.load_source('wsgi', 'passenger_wsgi.py')
  File "/opt/alt/python310/lib64/python3.10/imp.py", line 170, in load_source
    module = _exec(spec, sys.modules[name])
  File "<frozen importlib._bootstrap>", line 619, in _exec
  File "<frozen importlib._bootstrap_external>", line 883, in exec_module
  File "<frozen importlib._bootstrap>", line 241, in _call_with_frames_removed
  File "passenger_wsgi.py", line 8, in <module>
    wsgi = imp.load_source('wsgi', 'passenger_wsgi.py')
  File "/opt/alt/python310/lib64/python3.10/imp.py", line 170, in load_source
    module = _exec(spec, sys.modules[name])
  File "<frozen importlib._bootstrap>", line 619, in _exec
  File "<frozen importlib._bootstrap_external>", line 883, in exec_module
  File "<frozen importlib._bootstrap>", line 241, in _call_with_frames_removed
  File "passenger_wsgi.py", line 8, in <module>
    wsgi = imp.load_source('wsgi', 'passenger_wsgi.py')
  File "/opt/alt/python310/lib64/python3.10/imp.py", line 170, in load_source
    module = _exec(spec, sys.modules[name])
  File "<frozen importlib._bootstrap>", line 619, in _exec
  File "<frozen importlib._bootstrap_external>", line 883, in exec_module
  File "<frozen importlib._bootstrap>", line 241, in _call_with_frames_removed
  File "passenger_wsgi.py", line 8, in <module>
    wsgi = imp.load_source('wsgi', 'passenger_wsgi.py')
  File "/opt/alt/python310/lib64/python3.10/imp.py", line 170, in load_source
    module = _exec(spec, sys.modules[name])
  File "<frozen importlib._bootstrap>", line 619, in _exec
  File "<frozen importlib._bootstrap_external>", line 883, in exec_module
  File "<frozen importlib._bootstrap>", line 241, in _call_with_frames_removed
  File "passenger_wsgi.py", line 8, in <module>
    wsgi = imp.load_source('wsgi', 'passenger_wsgi.py')
  File "/opt/alt/python310/lib64/python3.10/imp.py", line 170, in load_source
    module = _exec(spec, sys.modules[name])
  File "<frozen importlib._bootstrap>", line 619, in _exec
  File "<frozen importlib._bootstrap_external>", line 883, in exec_module
  File "<frozen importlib._bootstrap>", line 241, in _call_with_frames_removed
  File "passenger_wsgi.py", line 8, in <module>
    wsgi = imp.load_source('wsgi', 'passenger_wsgi.py')
  File "/opt/alt/python310/lib64/python3.10/imp.py", line 170, in load_source
    module = _exec(spec, sys.modules[name])
  File "<frozen importlib._bootstrap>", line 619, in _exec
  File "<frozen importlib._bootstrap_external>", line 883, in exec_module
  File "<frozen importlib._bootstrap>", line 241, in _call_with_frames_removed
  File "passenger_wsgi.py", line 8, in <module>
    wsgi = imp.load_source('wsgi', 'passenger_wsgi.py')
  File "/opt/alt/python310/lib64/python3.10/imp.py", line 170, in load_source
    module = _exec(spec, sys.modules[name])
  File "<frozen importlib._bootstrap>", line 619, in _exec
  File "<frozen importlib._bootstrap_external>", line 883, in exec_module
  File "<frozen importlib._bootstrap>", line 241, in _call_with_frames_removed
  File "passenger_wsgi.py", line 8, in <module>
    wsgi = imp.load_source('wsgi', 'passenger_wsgi.py')
  File "/opt/alt/python310/lib64/python3.10/imp.py", line 170, in load_source
    module = _exec(spec, sys.modules[name])
  File "<frozen importlib._bootstrap>", line 619, in _exec
  File "<frozen importlib._bootstrap_external>", line 883, in exec_module
  File "<frozen importlib._bootstrap>", line 241, in _call_with_frames_removed
  File "passenger_wsgi.py", line 8, in <module>
    wsgi = imp.load_source('wsgi', 'passenger_wsgi.py')
  File "/opt/alt/python310/lib64/python3.10/imp.py", line 170, in load_source
    module = _exec(spec, sys.modules[name])
  File "<frozen importlib._bootstrap>", line 619, in _exec
  File "<frozen importlib._bootstrap_external>", line 883, in exec_module
  File "<frozen importlib._bootstrap>", line 241, in _call_with_frames_removed
  File "passenger_wsgi.py", line 8, in <module>
    wsgi = imp.load_source('wsgi', 'passenger_wsgi.py')
  File "/opt/alt/python310/lib64/python3.10/imp.py", line 170, in load_source
    module = _exec(spec, sys.modules[name])
  File "<frozen importlib._bootstrap>", line 619, in _exec
  File "<frozen importlib._bootstrap_external>", line 883, in exec_module
  File "<frozen importlib._bootstrap>", line 241, in _call_with_frames_removed
  File "passenger_wsgi.py", line 8, in <module>
    wsgi = imp.load_source('wsgi', 'passenger_wsgi.py')
  File "/opt/alt/python310/lib64/python3.10/imp.py", line 170, in load_source
    module = _exec(spec, sys.modules[name])
  File "<frozen importlib._bootstrap>", line 619, in _exec
  File "<frozen importlib._bootstrap_external>", line 883, in exec_module
  File "<frozen importlib._bootstrap>", line 241, in _call_with_frames_removed
  File "passenger_wsgi.py", line 8, in <module>
    wsgi = imp.load_source('wsgi', 'passenger_wsgi.py')
  File "/opt/alt/python310/lib64/python3.10/imp.py", line 170, in load_source
    module = _exec(spec, sys.modules[name])
  File "<frozen importlib._bootstrap>", line 619, in _exec
  File "<frozen importlib._bootstrap_external>", line 883, in exec_module
  File "<frozen importlib._bootstrap>", line 241, in _call_with_frames_removed
  File "passenger_wsgi.py", line 8, in <module>
    wsgi = imp.load_source('wsgi', 'passenger_wsgi.py')
  File "/opt/alt/python310/lib64/python3.10/imp.py", line 170, in load_source
    module = _exec(spec, sys.modules[name])
  File "<frozen importlib._bootstrap>", line 619, in _exec
  File "<frozen importlib._bootstrap_external>", line 883, in exec_module
  File "<frozen importlib._bootstrap>", line 241, in _call_with_frames_removed
  File "passenger_wsgi.py", line 8, in <module>
    wsgi = imp.load_source('wsgi', 'passenger_wsgi.py')
  File "/opt/alt/python310/lib64/python3.10/imp.py", line 170, in load_source
    module = _exec(spec, sys.modules[name])
  File "<frozen importlib._bootstrap>", line 619, in _exec
  File "<frozen importlib._bootstrap_external>", line 883, in exec_module
  File "<frozen importlib._bootstrap>", line 241, in _call_with_frames_removed
  File "passenger_wsgi.py", line 8, in <module>
    wsgi = imp.load_source('wsgi', 'passenger_wsgi.py')
  File "/opt/alt/python310/lib64/python3.10/imp.py", line 170, in load_source
    module = _exec(spec, sys.modules[name])
  File "<frozen importlib._bootstrap>", line 619, in _exec
  File "<frozen importlib._bootstrap_external>", line 883, in exec_module
  File "<frozen importlib._bootstrap>", line 241, in _call_with_frames_removed
  File "passenger_wsgi.py", line 8, in <module>
    wsgi = imp.load_source('wsgi', 'passenger_wsgi.py')
  File "/opt/alt/python310/lib64/python3.10/imp.py", line 170, in load_source
    module = _exec(spec, sys.modules[name])
  File "<frozen importlib._bootstrap>", line 619, in _exec
  File "<frozen importlib._bootstrap_external>", line 883, in exec_module
  File "<frozen importlib._bootstrap>", line 241, in _call_with_frames_removed
  File "passenger_wsgi.py", line 8, in <module>
    wsgi = imp.load_source('wsgi', 'passenger_wsgi.py')
  File "/opt/alt/python310/lib64/python3.10/imp.py", line 170, in load_source
    module = _exec(spec, sys.modules[name])
  File "<frozen importlib._bootstrap>", line 619, in _exec
  File "<frozen importlib._bootstrap_external>", line 883, in exec_module
  File "<frozen importlib._bootstrap>", line 241, in _call_with_frames_removed
  File "passenger_wsgi.py", line 8, in <module>
    wsgi = imp.load_source('wsgi', 'passenger_wsgi.py')
  File "/opt/alt/python310/lib64/python3.10/imp.py", line 170, in load_source
    module = _exec(spec, sys.modules[name])
  File "<frozen importlib._bootstrap>", line 619, in _exec
  File "<frozen importlib._bootstrap_external>", line 883, in exec_module
  File "<frozen importlib._bootstrap>", line 241, in _call_with_frames_removed
  File "passenger_wsgi.py", line 8, in <module>
    wsgi = imp.load_source('wsgi', 'passenger_wsgi.py')
  File "/opt/alt/python310/lib64/python3.10/imp.py", line 170, in load_source
    module = _exec(spec, sys.modules[name])
  File "<frozen importlib._bootstrap>", line 619, in _exec
  File "<frozen importlib._bootstrap_external>", line 883, in exec_module
  File "<frozen importlib._bootstrap>", line 241, in _call_with_frames_removed
  File "passenger_wsgi.py", line 8, in <module>
    wsgi = imp.load_source('wsgi', 'passenger_wsgi.py')
  File "/opt/alt/python310/lib64/python3.10/imp.py", line 170, in load_source
    module = _exec(spec, sys.modules[name])
  File "<frozen importlib._bootstrap>", line 619, in _exec
  File "<frozen importlib._bootstrap_external>", line 883, in exec_module
  File "<frozen importlib._bootstrap>", line 241, in _call_with_frames_removed
  File "passenger_wsgi.py", line 8, in <module>
    wsgi = imp.load_source('wsgi', 'passenger_wsgi.py')
  File "/opt/alt/python310/lib64/python3.10/imp.py", line 170, in load_source
    module = _exec(spec, sys.modules[name])
  File "<frozen importlib._bootstrap>", line 619, in _exec
  File "<frozen importlib._bootstrap_external>", line 883, in exec_module
  File "<frozen importlib._bootstrap>", line 241, in _call_with_frames_removed
  File "passenger_wsgi.py", line 8, in <module>
    wsgi = imp.load_source('wsgi', 'passenger_wsgi.py')
  File "/opt/alt/python310/lib64/python3.10/imp.py", line 170, in load_source
    module = _exec(spec, sys.modules[name])
  File "<frozen importlib._bootstrap>", line 619, in _exec
  File "<frozen importlib._bootstrap_external>", line 883, in exec_module
  File "<frozen importlib._bootstrap>", line 241, in _call_with_frames_removed
  File "passenger_wsgi.py", line 8, in <module>
    wsgi = imp.load_source('wsgi', 'passenger_wsgi.py')
  File "/opt/alt/python310/lib64/python3.10/imp.py", line 170, in load_source
    module = _exec(spec, sys.modules[name])
  File "<frozen importlib._bootstrap>", line 619, in _exec
  File "<frozen importlib._bootstrap_external>", line 883, in exec_module
  File "<frozen importlib._bootstrap>", line 241, in _call_with_frames_removed
  File "passenger_wsgi.py", line 8, in <module>
    wsgi = imp.load_source('wsgi', 'passenger_wsgi.py')
  File "/opt/alt/python310/lib64/python3.10/imp.py", line 170, in load_source
    module = _exec(spec, sys.modules[name])
  File "<frozen importlib._bootstrap>", line 619, in _exec
  File "<frozen importlib._bootstrap_external>", line 883, in exec_module
  File "<frozen importlib._bootstrap>", line 241, in _call_with_frames_removed
  File "passenger_wsgi.py", line 8, in <module>
    wsgi = imp.load_source('wsgi', 'passenger_wsgi.py')
  File "/opt/alt/python310/lib64/python3.10/imp.py", line 170, in load_source
    module = _exec(spec, sys.modules[name])
  File "<frozen importlib._bootstrap>", line 619, in _exec
  File "<frozen importlib._bootstrap_external>", line 883, in exec_module
  File "<frozen importlib._bootstrap>", line 241, in _call_with_frames_removed
  File "passenger_wsgi.py", line 8, in <module>
    wsgi = imp.load_source('wsgi', 'passenger_wsgi.py')
  File "/opt/alt/python310/lib64/python3.10/imp.py", line 170, in load_source
    module = _exec(spec, sys.modules[name])
  File "<frozen importlib._bootstrap>", line 619, in _exec
  File "<frozen importlib._bootstrap_external>", line 883, in exec_module
  File "<frozen importlib._bootstrap>", line 241, in _call_with_frames_removed
  File "passenger_wsgi.py", line 8, in <module>
    wsgi = imp.load_source('wsgi', 'passenger_wsgi.py')
  File "/opt/alt/python310/lib64/python3.10/imp.py", line 170, in load_source
    module = _exec(spec, sys.modules[name])
  File "<frozen importlib._bootstrap>", line 619, in _exec
  File "<frozen importlib._bootstrap_external>", line 883, in exec_module
  File "<frozen importlib._bootstrap>", line 241, in _call_with_frames_removed
  File "passenger_wsgi.py", line 8, in <module>
    wsgi = imp.load_source('wsgi', 'passenger_wsgi.py')
  File "/opt/alt/python310/lib64/python3.10/imp.py", line 170, in load_source
    module = _exec(spec, sys.modules[name])
  File "<frozen importlib._bootstrap>", line 619, in _exec
  File "<frozen importlib._bootstrap_external>", line 883, in exec_module
  File "<frozen importlib._bootstrap>", line 241, in _call_with_frames_removed
  File "passenger_wsgi.py", line 8, in <module>
    wsgi = imp.load_source('wsgi', 'passenger_wsgi.py')
  File "/opt/alt/python310/lib64/python3.10/imp.py", line 170, in load_source
    module = _exec(spec, sys.modules[name])
  File "<frozen importlib._bootstrap>", line 619, in _exec
  File "<frozen importlib._bootstrap_external>", line 883, in exec_module
  File "<frozen importlib._bootstrap>", line 241, in _call_with_frames_removed
  File "passenger_wsgi.py", line 8, in <module>
    wsgi = imp.load_source('wsgi', 'passenger_wsgi.py')
  File "/opt/alt/python310/lib64/python3.10/imp.py", line 170, in load_source
    module = _exec(spec, sys.modules[name])
  File "<frozen importlib._bootstrap>", line 619, in _exec
  File "<frozen importlib._bootstrap_external>", line 883, in exec_module
  File "<frozen importlib._bootstrap>", line 241, in _call_with_frames_removed
  File "passenger_wsgi.py", line 8, in <module>
    wsgi = imp.load_source('wsgi', 'passenger_wsgi.py')
  File "/opt/alt/python310/lib64/python3.10/imp.py", line 170, in load_source
    module = _exec(spec, sys.modules[name])
  File "<frozen importlib._bootstrap>", line 619, in _exec
  File "<frozen importlib._bootstrap_external>", line 883, in exec_module
  File "<frozen importlib._bootstrap>", line 241, in _call_with_frames_removed
  File "passenger_wsgi.py", line 8, in <module>
    wsgi = imp.load_source('wsgi', 'passenger_wsgi.py')
  File "/opt/alt/python310/lib64/python3.10/imp.py", line 170, in load_source
    module = _exec(spec, sys.modules[name])
  File "<frozen importlib._bootstrap>", line 619, in _exec
  File "<frozen importlib._bootstrap_external>", line 883, in exec_module
  File "<frozen importlib._bootstrap>", line 241, in _call_with_frames_removed
  File "passenger_wsgi.py", line 8, in <module>
    wsgi = imp.load_source('wsgi', 'passenger_wsgi.py')
  File "/opt/alt/python310/lib64/python3.10/imp.py", line 170, in load_source
    module = _exec(spec, sys.modules[name])
  File "<frozen importlib._bootstrap>", line 612, in _exec
  File "<frozen importlib._bootstrap>", line 556, in _init_module_attrs
  File "<frozen importlib._bootstrap>", line 397, in cached
  File "<frozen importlib._bootstrap_external>", line 513, in _get_cached
  File "<frozen importlib._bootstrap_external>", line 406, in cache_from_source
  File "<frozen importlib._bootstrap_external>", line 134, in _path_split
RecursionError: maximum recursion depth exceeded
Traceback (most recent call last):
  File "/home/bslimted/apps/passenger_wsgi.py", line 8, in <module>
    wsgi = imp.load_source('wsgi', 'passenger_wsgi.py')
  File "/opt/alt/python310/lib64/python3.10/imp.py", line 172, in load_source
    module = _load(spec)
  File "<frozen importlib._bootstrap>", line 719, in _load
  File "<frozen importlib._bootstrap>", line 688, in _load_unlocked
  File "<frozen importlib._bootstrap_external>", line 883, in exec_module
  File "<frozen importlib._bootstrap>", line 241, in _call_with_frames_removed
  File "passenger_wsgi.py", line 8, in <module>
    wsgi = imp.load_source('wsgi', 'passenger_wsgi.py')
  File "/opt/alt/python310/lib64/python3.10/imp.py", line 170, in load_source
    module = _exec(spec, sys.modules[name])
  File "<frozen importlib._bootstrap>", line 619, in _exec
  File "<frozen importlib._bootstrap_external>", line 883, in exec_module
  File "<frozen importlib._bootstrap>", line 241, in _call_with_frames_removed
  File "passenger_wsgi.py", line 8, in <module>
    wsgi = imp.load_source('wsgi', 'passenger_wsgi.py')
  File "/opt/alt/python310/lib64/python3.10/imp.py", line 170, in load_source
    module = _exec(spec, sys.modules[name])
  File "<frozen importlib._bootstrap>", line 619, in _exec
  File "<frozen importlib._bootstrap_external>", line 883, in exec_module
  File "<frozen importlib._bootstrap>", line 241, in _call_with_frames_removed
  File "passenger_wsgi.py", line 8, in <module>
    wsgi = imp.load_source('wsgi', 'passenger_wsgi.py')
  File "/opt/alt/python310/lib64/python3.10/imp.py", line 170, in load_source
    module = _exec(spec, sys.modules[name])
  File "<frozen importlib._bootstrap>", line 619, in _exec
  File "<frozen importlib._bootstrap_external>", line 883, in exec_module
  File "<frozen importlib._bootstrap>", line 241, in _call_with_frames_removed
  File "passenger_wsgi.py", line 8, in <module>
    wsgi = imp.load_source('wsgi', 'passenger_wsgi.py')
  File "/opt/alt/python310/lib64/python3.10/imp.py", line 170, in load_source
    module = _exec(spec, sys.modules[name])
  File "<frozen importlib._bootstrap>", line 619, in _exec
  File "<frozen importlib._bootstrap_external>", line 883, in exec_module
  File "<frozen importlib._bootstrap>", line 241, in _call_with_frames_removed
  File "passenger_wsgi.py", line 8, in <module>
    wsgi = imp.load_source('wsgi', 'passenger_wsgi.py')
  File "/opt/alt/python310/lib64/python3.10/imp.py", line 170, in load_source
    module = _exec(spec, sys.modules[name])
  File "<frozen importlib._bootstrap>", line 619, in _exec
  File "<frozen importlib._bootstrap_external>", line 883, in exec_module
  File "<frozen importlib._bootstrap>", line 241, in _call_with_frames_removed
  File "passenger_wsgi.py", line 8, in <module>
    wsgi = imp.load_source('wsgi', 'passenger_wsgi.py')
  File "/opt/alt/python310/lib64/python3.10/imp.py", line 170, in load_source
    module = _exec(spec, sys.modules[name])
  File "<frozen importlib._bootstrap>", line 619, in _exec
  File "<frozen importlib._bootstrap_external>", line 883, in exec_module
  File "<frozen importlib._bootstrap>", line 241, in _call_with_frames_removed
  File "passenger_wsgi.py", line 8, in <module>
    wsgi = imp.load_source('wsgi', 'passenger_wsgi.py')
  File "/opt/alt/python310/lib64/python3.10/imp.py", line 170, in load_source
    module = _exec(spec, sys.modules[name])
  File "<frozen importlib._bootstrap>", line 619, in _exec
  File "<frozen importlib._bootstrap_external>", line 883, in exec_module
  File "<frozen importlib._bootstrap>", line 241, in _call_with_frames_removed
  File "passenger_wsgi.py", line 8, in <module>
    wsgi = imp.load_source('wsgi', 'passenger_wsgi.py')
  File "/opt/alt/python310/lib64/python3.10/imp.py", line 170, in load_source
    module = _exec(spec, sys.modules[name])
  File "<frozen importlib._bootstrap>", line 619, in _exec
  File "<frozen importlib._bootstrap_external>", line 883, in exec_module
  File "<frozen importlib._bootstrap>", line 241, in _call_with_frames_removed
  File "passenger_wsgi.py", line 8, in <module>
    wsgi = imp.load_source('wsgi', 'passenger_wsgi.py')
  File "/opt/alt/python310/lib64/python3.10/imp.py", line 170, in load_source
    module = _exec(spec, sys.modules[name])
  File "<frozen importlib._bootstrap>", line 619, in _exec
  File "<frozen importlib._bootstrap_external>", line 883, in exec_module
  File "<frozen importlib._bootstrap>", line 241, in _call_with_frames_removed
  File "passenger_wsgi.py", line 8, in <module>
    wsgi = imp.load_source('wsgi', 'passenger_wsgi.py')
  File "/opt/alt/python310/lib64/python3.10/imp.py", line 170, in load_source
    module = _exec(spec, sys.modules[name])
  File "<frozen importlib._bootstrap>", line 619, in _exec
  File "<frozen importlib._bootstrap_external>", line 883, in exec_module
  File "<frozen importlib._bootstrap>", line 241, in _call_with_frames_removed
  File "passenger_wsgi.py", line 8, in <module>
    wsgi = imp.load_source('wsgi', 'passenger_wsgi.py')
  File "/opt/alt/python310/lib64/python3.10/imp.py", line 170, in load_source
    module = _exec(spec, sys.modules[name])
  File "<frozen importlib._bootstrap>", line 619, in _exec
  File "<frozen importlib._bootstrap_external>", line 883, in exec_module
  File "<frozen importlib._bootstrap>", line 241, in _call_with_frames_removed
  File "passenger_wsgi.py", line 8, in <module>
    wsgi = imp.load_source('wsgi', 'passenger_wsgi.py')
  File "/opt/alt/python310/lib64/python3.10/imp.py", line 170, in load_source
    module = _exec(spec, sys.modules[name])
  File "<frozen importlib._bootstrap>", line 619, in _exec
  File "<frozen importlib._bootstrap_external>", line 883, in exec_module
  File "<frozen importlib._bootstrap>", line 241, in _call_with_frames_removed
  File "passenger_wsgi.py", line 8, in <module>
    wsgi = imp.load_source('wsgi', 'passenger_wsgi.py')
  File "/opt/alt/python310/lib64/python3.10/imp.py", line 170, in load_source
    module = _exec(spec, sys.modules[name])
  File "<frozen importlib._bootstrap>", line 619, in _exec
  File "<frozen importlib._bootstrap_external>", line 883, in exec_module
  File "<frozen importlib._bootstrap>", line 241, in _call_with_frames_removed
  File "passenger_wsgi.py", line 8, in <module>
    wsgi = imp.load_source('wsgi', 'passenger_wsgi.py')
  File "/opt/alt/python310/lib64/python3.10/imp.py", line 170, in load_source
    module = _exec(spec, sys.modules[name])
  File "<frozen importlib._bootstrap>", line 619, in _exec
  File "<frozen importlib._bootstrap_external>", line 883, in exec_module
  File "<frozen importlib._bootstrap>", line 241, in _call_with_frames_removed
  File "passenger_wsgi.py", line 8, in <module>
    wsgi = imp.load_source('wsgi', 'passenger_wsgi.py')
  File "/opt/alt/python310/lib64/python3.10/imp.py", line 170, in load_source
    module = _exec(spec, sys.modules[name])
  File "<frozen importlib._bootstrap>", line 619, in _exec
  File "<frozen importlib._bootstrap_external>", line 883, in exec_module
  File "<frozen importlib._bootstrap>", line 241, in _call_with_frames_removed
  File "passenger_wsgi.py", line 8, in <module>
    wsgi = imp.load_source('wsgi', 'passenger_wsgi.py')
  File "/opt/alt/python310/lib64/python3.10/imp.py", line 170, in load_source
    module = _exec(spec, sys.modules[name])
  File "<frozen importlib._bootstrap>", line 619, in _exec
  File "<frozen importlib._bootstrap_external>", line 883, in exec_module
  File "<frozen importlib._bootstrap>", line 241, in _call_with_frames_removed
  File "passenger_wsgi.py", line 8, in <module>
    wsgi = imp.load_source('wsgi', 'passenger_wsgi.py')
  File "/opt/alt/python310/lib64/python3.10/imp.py", line 170, in load_source
    module = _exec(spec, sys.modules[name])
  File "<frozen importlib._bootstrap>", line 619, in _exec
  File "<frozen importlib._bootstrap_external>", line 883, in exec_module
  File "<frozen importlib._bootstrap>", line 241, in _call_with_frames_removed
  File "passenger_wsgi.py", line 8, in <module>
    wsgi = imp.load_source('wsgi', 'passenger_wsgi.py')
  File "/opt/alt/python310/lib64/python3.10/imp.py", line 170, in load_source
    module = _exec(spec, sys.modules[name])
  File "<frozen importlib._bootstrap>", line 619, in _exec
  File "<frozen importlib._bootstrap_external>", line 883, in exec_module
  File "<frozen importlib._bootstrap>", line 241, in _call_with_frames_removed
  File "passenger_wsgi.py", line 8, in <module>
    wsgi = imp.load_source('wsgi', 'passenger_wsgi.py')
  File "/opt/alt/python310/lib64/python3.10/imp.py", line 170, in load_source
    module = _exec(spec, sys.modules[name])
  File "<frozen importlib._bootstrap>", line 619, in _exec
  File "<frozen importlib._bootstrap_external>", line 883, in exec_module
  File "<frozen importlib._bootstrap>", line 241, in _call_with_frames_removed
  File "passenger_wsgi.py", line 8, in <module>
    wsgi = imp.load_source('wsgi', 'passenger_wsgi.py')
  File "/opt/alt/python310/lib64/python3.10/imp.py", line 170, in load_source
    module = _exec(spec, sys.modules[name])
  File "<frozen importlib._bootstrap>", line 619, in _exec
  File "<frozen importlib._bootstrap_external>", line 883, in exec_module
  File "<frozen importlib._bootstrap>", line 241, in _call_with_frames_removed
  File "passenger_wsgi.py", line 8, in <module>
    wsgi = imp.load_source('wsgi', 'passenger_wsgi.py')
  File "/opt/alt/python310/lib64/python3.10/imp.py", line 170, in load_source
    module = _exec(spec, sys.modules[name])
  File "<frozen importlib._bootstrap>", line 619, in _exec
  File "<frozen importlib._bootstrap_external>", line 883, in exec_module
  File "<frozen importlib._bootstrap>", line 241, in _call_with_frames_removed
  File "passenger_wsgi.py", line 8, in <module>
    wsgi = imp.load_source('wsgi', 'passenger_wsgi.py')
  File "/opt/alt/python310/lib64/python3.10/imp.py", line 170, in load_source
    module = _exec(spec, sys.modules[name])
  File "<frozen importlib._bootstrap>", line 619, in _exec
  File "<frozen importlib._bootstrap_external>", line 883, in exec_module
  File "<frozen importlib._bootstrap>", line 241, in _call_with_frames_removed
  File "passenger_wsgi.py", line 8, in <module>
    wsgi = imp.load_source('wsgi', 'passenger_wsgi.py')
  File "/opt/alt/python310/lib64/python3.10/imp.py", line 170, in load_source
    module = _exec(spec, sys.modules[name])
  File "<frozen importlib._bootstrap>", line 619, in _exec
  File "<frozen importlib._bootstrap_external>", line 883, in exec_module
  File "<frozen importlib._bootstrap>", line 241, in _call_with_frames_removed
  File "passenger_wsgi.py", line 8, in <module>
    wsgi = imp.load_source('wsgi', 'passenger_wsgi.py')
  File "/opt/alt/python310/lib64/python3.10/imp.py", line 170, in load_source
    module = _exec(spec, sys.modules[name])
  File "<frozen importlib._bootstrap>", line 619, in _exec
  File "<frozen importlib._bootstrap_external>", line 883, in exec_module
  File "<frozen importlib._bootstrap>", line 241, in _call_with_frames_removed
  File "passenger_wsgi.py", line 8, in <module>
    wsgi = imp.load_source('wsgi', 'passenger_wsgi.py')
  File "/opt/alt/python310/lib64/python3.10/imp.py", line 170, in load_source
    module = _exec(spec, sys.modules[name])
  File "<frozen importlib._bootstrap>", line 619, in _exec
  File "<frozen importlib._bootstrap_external>", line 883, in exec_module
  File "<frozen importlib._bootstrap>", line 241, in _call_with_frames_removed
  File "passenger_wsgi.py", line 8, in <module>
    wsgi = imp.load_source('wsgi', 'passenger_wsgi.py')
  File "/opt/alt/python310/lib64/python3.10/imp.py", line 170, in load_source
    module = _exec(spec, sys.modules[name])
  File "<frozen importlib._bootstrap>", line 619, in _exec
  File "<frozen importlib._bootstrap_external>", line 883, in exec_module
  File "<frozen importlib._bootstrap>", line 241, in _call_with_frames_removed
  File "passenger_wsgi.py", line 8, in <module>
    wsgi = imp.load_source('wsgi', 'passenger_wsgi.py')
  File "/opt/alt/python310/lib64/python3.10/imp.py", line 170, in load_source
    module = _exec(spec, sys.modules[name])
  File "<frozen importlib._bootstrap>", line 619, in _exec
  File "<frozen importlib._bootstrap_external>", line 883, in exec_module
  File "<frozen importlib._bootstrap>", line 241, in _call_with_frames_removed
  File "passenger_wsgi.py", line 8, in <module>
    wsgi = imp.load_source('wsgi', 'passenger_wsgi.py')
  File "/opt/alt/python310/lib64/python3.10/imp.py", line 170, in load_source
    module = _exec(spec, sys.modules[name])
  File "<frozen importlib._bootstrap>", line 619, in _exec
  File "<frozen importlib._bootstrap_external>", line 883, in exec_module
  File "<frozen importlib._bootstrap>", line 241, in _call_with_frames_removed
  File "passenger_wsgi.py", line 8, in <module>
    wsgi = imp.load_source('wsgi', 'passenger_wsgi.py')
  File "/opt/alt/python310/lib64/python3.10/imp.py", line 170, in load_source
    module = _exec(spec, sys.modules[name])
  File "<frozen importlib._bootstrap>", line 619, in _exec
  File "<frozen importlib._bootstrap_external>", line 883, in exec_module
  File "<frozen importlib._bootstrap>", line 241, in _call_with_frames_removed
  File "passenger_wsgi.py", line 8, in <module>
    wsgi = imp.load_source('wsgi', 'passenger_wsgi.py')
  File "/opt/alt/python310/lib64/python3.10/imp.py", line 170, in load_source
    module = _exec(spec, sys.modules[name])
  File "<frozen importlib._bootstrap>", line 619, in _exec
  File "<frozen importlib._bootstrap_external>", line 883, in exec_module
  File "<frozen importlib._bootstrap>", line 241, in _call_with_frames_removed
  File "passenger_wsgi.py", line 8, in <module>
    wsgi = imp.load_source('wsgi', 'passenger_wsgi.py')
  File "/opt/alt/python310/lib64/python3.10/imp.py", line 170, in load_source
    module = _exec(spec, sys.modules[name])
  File "<frozen importlib._bootstrap>", line 619, in _exec
  File "<frozen importlib._bootstrap_external>", line 883, in exec_module
  File "<frozen importlib._bootstrap>", line 241, in _call_with_frames_removed
  File "passenger_wsgi.py", line 8, in <module>
    wsgi = imp.load_source('wsgi', 'passenger_wsgi.py')
  File "/opt/alt/python310/lib64/python3.10/imp.py", line 170, in load_source
    module = _exec(spec, sys.modules[name])
  File "<frozen importlib._bootstrap>", line 619, in _exec
  File "<frozen importlib._bootstrap_external>", line 883, in exec_module
  File "<frozen importlib._bootstrap>", line 241, in _call_with_frames_removed
  File "passenger_wsgi.py", line 8, in <module>
    wsgi = imp.load_source('wsgi', 'passenger_wsgi.py')
  File "/opt/alt/python310/lib64/python3.10/imp.py", line 170, in load_source
    module = _exec(spec, sys.modules[name])
  File "<frozen importlib._bootstrap>", line 619, in _exec
  File "<frozen importlib._bootstrap_external>", line 883, in exec_module
  File "<frozen importlib._bootstrap>", line 241, in _call_with_frames_removed
  File "passenger_wsgi.py", line 8, in <module>
    wsgi = imp.load_source('wsgi', 'passenger_wsgi.py')
  File "/opt/alt/python310/lib64/python3.10/imp.py", line 170, in load_source
    module = _exec(spec, sys.modules[name])
  File "<frozen importlib._bootstrap>", line 619, in _exec
  File "<frozen importlib._bootstrap_external>", line 883, in exec_module
  File "<frozen importlib._bootstrap>", line 241, in _call_with_frames_removed
  File "passenger_wsgi.py", line 8, in <module>
    wsgi = imp.load_source('wsgi', 'passenger_wsgi.py')
  File "/opt/alt/python310/lib64/python3.10/imp.py", line 170, in load_source
    module = _exec(spec, sys.modules[name])
  File "<frozen importlib._bootstrap>", line 619, in _exec
  File "<frozen importlib._bootstrap_external>", line 883, in exec_module
  File "<frozen importlib._bootstrap>", line 241, in _call_with_frames_removed
  File "passenger_wsgi.py", line 8, in <module>
    wsgi = imp.load_source('wsgi', 'passenger_wsgi.py')
  File "/opt/alt/python310/lib64/python3.10/imp.py", line 170, in load_source
    module = _exec(spec, sys.modules[name])
  File "<frozen importlib._bootstrap>", line 619, in _exec
  File "<frozen importlib._bootstrap_external>", line 883, in exec_module
  File "<frozen importlib._bootstrap>", line 241, in _call_with_frames_removed
  File "passenger_wsgi.py", line 8, in <module>
    wsgi = imp.load_source('wsgi', 'passenger_wsgi.py')
  File "/opt/alt/python310/lib64/python3.10/imp.py", line 170, in load_source
    module = _exec(spec, sys.modules[name])
  File "<frozen importlib._bootstrap>", line 619, in _exec
  File "<frozen importlib._bootstrap_external>", line 883, in exec_module
  File "<frozen importlib._bootstrap>", line 241, in _call_with_frames_removed
  File "passenger_wsgi.py", line 8, in <module>
    wsgi = imp.load_source('wsgi', 'passenger_wsgi.py')
  File "/opt/alt/python310/lib64/python3.10/imp.py", line 170, in load_source
    module = _exec(spec, sys.modules[name])
  File "<frozen importlib._bootstrap>", line 619, in _exec
  File "<frozen importlib._bootstrap_external>", line 883, in exec_module
  File "<frozen importlib._bootstrap>", line 241, in _call_with_frames_removed
  File "passenger_wsgi.py", line 8, in <module>
    wsgi = imp.load_source('wsgi', 'passenger_wsgi.py')
  File "/opt/alt/python310/lib64/python3.10/imp.py", line 170, in load_source
    module = _exec(spec, sys.modules[name])
  File "<frozen importlib._bootstrap>", line 619, in _exec
  File "<frozen importlib._bootstrap_external>", line 883, in exec_module
  File "<frozen importlib._bootstrap>", line 241, in _call_with_frames_removed
  File "passenger_wsgi.py", line 8, in <module>
    wsgi = imp.load_source('wsgi', 'passenger_wsgi.py')
  File "/opt/alt/python310/lib64/python3.10/imp.py", line 170, in load_source
    module = _exec(spec, sys.modules[name])
  File "<frozen importlib._bootstrap>", line 619, in _exec
  File "<frozen importlib._bootstrap_external>", line 883, in exec_module
  File "<frozen importlib._bootstrap>", line 241, in _call_with_frames_removed
  File "passenger_wsgi.py", line 8, in <module>
    wsgi = imp.load_source('wsgi', 'passenger_wsgi.py')
  File "/opt/alt/python310/lib64/python3.10/imp.py", line 170, in load_source
    module = _exec(spec, sys.modules[name])
  File "<frozen importlib._bootstrap>", line 619, in _exec
  File "<frozen importlib._bootstrap_external>", line 883, in exec_module
  File "<frozen importlib._bootstrap>", line 241, in _call_with_frames_removed
  File "passenger_wsgi.py", line 8, in <module>
    wsgi = imp.load_source('wsgi', 'passenger_wsgi.py')
  File "/opt/alt/python310/lib64/python3.10/imp.py", line 170, in load_source
    module = _exec(spec, sys.modules[name])
  File "<frozen importlib._bootstrap>", line 619, in _exec
  File "<frozen importlib._bootstrap_external>", line 883, in exec_module
  File "<frozen importlib._bootstrap>", line 241, in _call_with_frames_removed
  File "passenger_wsgi.py", line 8, in <module>
    wsgi = imp.load_source('wsgi', 'passenger_wsgi.py')
  File "/opt/alt/python310/lib64/python3.10/imp.py", line 170, in load_source
    module = _exec(spec, sys.modules[name])
  File "<frozen importlib._bootstrap>", line 619, in _exec
  File "<frozen importlib._bootstrap_external>", line 883, in exec_module
  File "<frozen importlib._bootstrap>", line 241, in _call_with_frames_removed
  File "passenger_wsgi.py", line 8, in <module>
    wsgi = imp.load_source('wsgi', 'passenger_wsgi.py')
  File "/opt/alt/python310/lib64/python3.10/imp.py", line 170, in load_source
    module = _exec(spec, sys.modules[name])
  File "<frozen importlib._bootstrap>", line 619, in _exec
  File "<frozen importlib._bootstrap_external>", line 883, in exec_module
  File "<frozen importlib._bootstrap>", line 241, in _call_with_frames_removed
  File "passenger_wsgi.py", line 8, in <module>
    wsgi = imp.load_source('wsgi', 'passenger_wsgi.py')
  File "/opt/alt/python310/lib64/python3.10/imp.py", line 170, in load_source
    module = _exec(spec, sys.modules[name])
  File "<frozen importlib._bootstrap>", line 619, in _exec
  File "<frozen importlib._bootstrap_external>", line 883, in exec_module
  File "<frozen importlib._bootstrap>", line 241, in _call_with_frames_removed
  File "passenger_wsgi.py", line 8, in <module>
    wsgi = imp.load_source('wsgi', 'passenger_wsgi.py')
  File "/opt/alt/python310/lib64/python3.10/imp.py", line 170, in load_source
    module = _exec(spec, sys.modules[name])
  File "<frozen importlib._bootstrap>", line 619, in _exec
  File "<frozen importlib._bootstrap_external>", line 883, in exec_module
  File "<frozen importlib._bootstrap>", line 241, in _call_with_frames_removed
  File "passenger_wsgi.py", line 8, in <module>
    wsgi = imp.load_source('wsgi', 'passenger_wsgi.py')
  File "/opt/alt/python310/lib64/python3.10/imp.py", line 170, in load_source
    module = _exec(spec, sys.modules[name])
  File "<frozen importlib._bootstrap>", line 619, in _exec
  File "<frozen importlib._bootstrap_external>", line 883, in exec_module
  File "<frozen importlib._bootstrap>", line 241, in _call_with_frames_removed
  File "passenger_wsgi.py", line 8, in <module>
    wsgi = imp.load_source('wsgi', 'passenger_wsgi.py')
  File "/opt/alt/python310/lib64/python3.10/imp.py", line 170, in load_source
    module = _exec(spec, sys.modules[name])
  File "<frozen importlib._bootstrap>", line 619, in _exec
  File "<frozen importlib._bootstrap_external>", line 883, in exec_module
  File "<frozen importlib._bootstrap>", line 241, in _call_with_frames_removed
  File "passenger_wsgi.py", line 8, in <module>
    wsgi = imp.load_source('wsgi', 'passenger_wsgi.py')
  File "/opt/alt/python310/lib64/python3.10/imp.py", line 170, in load_source
    module = _exec(spec, sys.modules[name])
  File "<frozen importlib._bootstrap>", line 619, in _exec
  File "<frozen importlib._bootstrap_external>", line 883, in exec_module
  File "<frozen importlib._bootstrap>", line 241, in _call_with_frames_removed
  File "passenger_wsgi.py", line 8, in <module>
    wsgi = imp.load_source('wsgi', 'passenger_wsgi.py')
  File "/opt/alt/python310/lib64/python3.10/imp.py", line 170, in load_source
    module = _exec(spec, sys.modules[name])
  File "<frozen importlib._bootstrap>", line 619, in _exec
  File "<frozen importlib._bootstrap_external>", line 883, in exec_module
  File "<frozen importlib._bootstrap>", line 241, in _call_with_frames_removed
  File "passenger_wsgi.py", line 8, in <module>
    wsgi = imp.load_source('wsgi', 'passenger_wsgi.py')
  File "/opt/alt/python310/lib64/python3.10/imp.py", line 170, in load_source
    module = _exec(spec, sys.modules[name])
  File "<frozen importlib._bootstrap>", line 619, in _exec
  File "<frozen importlib._bootstrap_external>", line 883, in exec_module
  File "<frozen importlib._bootstrap>", line 241, in _call_with_frames_removed
  File "passenger_wsgi.py", line 8, in <module>
    wsgi = imp.load_source('wsgi', 'passenger_wsgi.py')
  File "/opt/alt/python310/lib64/python3.10/imp.py", line 170, in load_source
    module = _exec(spec, sys.modules[name])
  File "<frozen importlib._bootstrap>", line 619, in _exec
  File "<frozen importlib._bootstrap_external>", line 883, in exec_module
  File "<frozen importlib._bootstrap>", line 241, in _call_with_frames_removed
  File "passenger_wsgi.py", line 8, in <module>
    wsgi = imp.load_source('wsgi', 'passenger_wsgi.py')
  File "/opt/alt/python310/lib64/python3.10/imp.py", line 170, in load_source
    module = _exec(spec, sys.modules[name])
  File "<frozen importlib._bootstrap>", line 619, in _exec
  File "<frozen importlib._bootstrap_external>", line 883, in exec_module
  File "<frozen importlib._bootstrap>", line 241, in _call_with_frames_removed
  File "passenger_wsgi.py", line 8, in <module>
    wsgi = imp.load_source('wsgi', 'passenger_wsgi.py')
  File "/opt/alt/python310/lib64/python3.10/imp.py", line 170, in load_source
    module = _exec(spec, sys.modules[name])
  File "<frozen importlib._bootstrap>", line 619, in _exec
  File "<frozen importlib._bootstrap_external>", line 883, in exec_module
  File "<frozen importlib._bootstrap>", line 241, in _call_with_frames_removed
  File "passenger_wsgi.py", line 8, in <module>
    wsgi = imp.load_source('wsgi', 'passenger_wsgi.py')
  File "/opt/alt/python310/lib64/python3.10/imp.py", line 170, in load_source
    module = _exec(spec, sys.modules[name])
  File "<frozen importlib._bootstrap>", line 619, in _exec
  File "<frozen importlib._bootstrap_external>", line 883, in exec_module
  File "<frozen importlib._bootstrap>", line 241, in _call_with_frames_removed
  File "passenger_wsgi.py", line 8, in <module>
    wsgi = imp.load_source('wsgi', 'passenger_wsgi.py')
  File "/opt/alt/python310/lib64/python3.10/imp.py", line 170, in load_source
    module = _exec(spec, sys.modules[name])
  File "<frozen importlib._bootstrap>", line 619, in _exec
  File "<frozen importlib._bootstrap_external>", line 883, in exec_module
  File "<frozen importlib._bootstrap>", line 241, in _call_with_frames_removed
  File "passenger_wsgi.py", line 8, in <module>
    wsgi = imp.load_source('wsgi', 'passenger_wsgi.py')
  File "/opt/alt/python310/lib64/python3.10/imp.py", line 170, in load_source
    module = _exec(spec, sys.modules[name])
  File "<frozen importlib._bootstrap>", line 619, in _exec
  File "<frozen importlib._bootstrap_external>", line 883, in exec_module
  File "<frozen importlib._bootstrap>", line 241, in _call_with_frames_removed
  File "passenger_wsgi.py", line 8, in <module>
    wsgi = imp.load_source('wsgi', 'passenger_wsgi.py')
  File "/opt/alt/python310/lib64/python3.10/imp.py", line 170, in load_source
    module = _exec(spec, sys.modules[name])
  File "<frozen importlib._bootstrap>", line 619, in _exec
  File "<frozen importlib._bootstrap_external>", line 883, in exec_module
  File "<frozen importlib._bootstrap>", line 241, in _call_with_frames_removed
  File "passenger_wsgi.py", line 8, in <module>
    wsgi = imp.load_source('wsgi', 'passenger_wsgi.py')
  File "/opt/alt/python310/lib64/python3.10/imp.py", line 170, in load_source
    module = _exec(spec, sys.modules[name])
  File "<frozen importlib._bootstrap>", line 619, in _exec
  File "<frozen importlib._bootstrap_external>", line 883, in exec_module
  File "<frozen importlib._bootstrap>", line 241, in _call_with_frames_removed
  File "passenger_wsgi.py", line 8, in <module>
    wsgi = imp.load_source('wsgi', 'passenger_wsgi.py')
  File "/opt/alt/python310/lib64/python3.10/imp.py", line 170, in load_source
    module = _exec(spec, sys.modules[name])
  File "<frozen importlib._bootstrap>", line 619, in _exec
  File "<frozen importlib._bootstrap_external>", line 883, in exec_module
  File "<frozen importlib._bootstrap>", line 241, in _call_with_frames_removed
  File "passenger_wsgi.py", line 8, in <module>
    wsgi = imp.load_source('wsgi', 'passenger_wsgi.py')
  File "/opt/alt/python310/lib64/python3.10/imp.py", line 170, in load_source
    module = _exec(spec, sys.modules[name])
  File "<frozen importlib._bootstrap>", line 619, in _exec
  File "<frozen importlib._bootstrap_external>", line 883, in exec_module
  File "<frozen importlib._bootstrap>", line 241, in _call_with_frames_removed
  File "passenger_wsgi.py", line 8, in <module>
    wsgi = imp.load_source('wsgi', 'passenger_wsgi.py')
  File "/opt/alt/python310/lib64/python3.10/imp.py", line 170, in load_source
    module = _exec(spec, sys.modules[name])
  File "<frozen importlib._bootstrap>", line 619, in _exec
  File "<frozen importlib._bootstrap_external>", line 883, in exec_module
  File "<frozen importlib._bootstrap>", line 241, in _call_with_frames_removed
  File "passenger_wsgi.py", line 8, in <module>
    wsgi = imp.load_source('wsgi', 'passenger_wsgi.py')
  File "/opt/alt/python310/lib64/python3.10/imp.py", line 170, in load_source
    module = _exec(spec, sys.modules[name])
  File "<frozen importlib._bootstrap>", line 619, in _exec
  File "<frozen importlib._bootstrap_external>", line 883, in exec_module
  File "<frozen importlib._bootstrap>", line 241, in _call_with_frames_removed
  File "passenger_wsgi.py", line 8, in <module>
    wsgi = imp.load_source('wsgi', 'passenger_wsgi.py')
  File "/opt/alt/python310/lib64/python3.10/imp.py", line 170, in load_source
    module = _exec(spec, sys.modules[name])
  File "<frozen importlib._bootstrap>", line 619, in _exec
  File "<frozen importlib._bootstrap_external>", line 883, in exec_module
  File "<frozen importlib._bootstrap>", line 241, in _call_with_frames_removed
  File "passenger_wsgi.py", line 8, in <module>
    wsgi = imp.load_source('wsgi', 'passenger_wsgi.py')
  File "/opt/alt/python310/lib64/python3.10/imp.py", line 170, in load_source
    module = _exec(spec, sys.modules[name])
  File "<frozen importlib._bootstrap>", line 619, in _exec
  File "<frozen importlib._bootstrap_external>", line 883, in exec_module
  File "<frozen importlib._bootstrap>", line 241, in _call_with_frames_removed
  File "passenger_wsgi.py", line 8, in <module>
    wsgi = imp.load_source('wsgi', 'passenger_wsgi.py')
  File "/opt/alt/python310/lib64/python3.10/imp.py", line 170, in load_source
    module = _exec(spec, sys.modules[name])
  File "<frozen importlib._bootstrap>", line 619, in _exec
  File "<frozen importlib._bootstrap_external>", line 883, in exec_module
  File "<frozen importlib._bootstrap>", line 241, in _call_with_frames_removed
  File "passenger_wsgi.py", line 8, in <module>
    wsgi = imp.load_source('wsgi', 'passenger_wsgi.py')
  File "/opt/alt/python310/lib64/python3.10/imp.py", line 170, in load_source
    module = _exec(spec, sys.modules[name])
  File "<frozen importlib._bootstrap>", line 619, in _exec
  File "<frozen importlib._bootstrap_external>", line 883, in exec_module
  File "<frozen importlib._bootstrap>", line 241, in _call_with_frames_removed
  File "passenger_wsgi.py", line 8, in <module>
    wsgi = imp.load_source('wsgi', 'passenger_wsgi.py')
  File "/opt/alt/python310/lib64/python3.10/imp.py", line 170, in load_source
    module = _exec(spec, sys.modules[name])
  File "<frozen importlib._bootstrap>", line 619, in _exec
  File "<frozen importlib._bootstrap_external>", line 883, in exec_module
  File "<frozen importlib._bootstrap>", line 241, in _call_with_frames_removed
  File "passenger_wsgi.py", line 8, in <module>
    wsgi = imp.load_source('wsgi', 'passenger_wsgi.py')
  File "/opt/alt/python310/lib64/python3.10/imp.py", line 170, in load_source
    module = _exec(spec, sys.modules[name])
  File "<frozen importlib._bootstrap>", line 619, in _exec
  File "<frozen importlib._bootstrap_external>", line 883, in exec_module
  File "<frozen importlib._bootstrap>", line 241, in _call_with_frames_removed
  File "passenger_wsgi.py", line 8, in <module>
    wsgi = imp.load_source('wsgi', 'passenger_wsgi.py')
  File "/opt/alt/python310/lib64/python3.10/imp.py", line 170, in load_source
    module = _exec(spec, sys.modules[name])
  File "<frozen importlib._bootstrap>", line 619, in _exec
  File "<frozen importlib._bootstrap_external>", line 883, in exec_module
  File "<frozen importlib._bootstrap>", line 241, in _call_with_frames_removed
  File "passenger_wsgi.py", line 8, in <module>
    wsgi = imp.load_source('wsgi', 'passenger_wsgi.py')
  File "/opt/alt/python310/lib64/python3.10/imp.py", line 170, in load_source
    module = _exec(spec, sys.modules[name])
  File "<frozen importlib._bootstrap>", line 619, in _exec
  File "<frozen importlib._bootstrap_external>", line 883, in exec_module
  File "<frozen importlib._bootstrap>", line 241, in _call_with_frames_removed
  File "passenger_wsgi.py", line 8, in <module>
    wsgi = imp.load_source('wsgi', 'passenger_wsgi.py')
  File "/opt/alt/python310/lib64/python3.10/imp.py", line 170, in load_source
    module = _exec(spec, sys.modules[name])
  File "<frozen importlib._bootstrap>", line 619, in _exec
  File "<frozen importlib._bootstrap_external>", line 883, in exec_module
  File "<frozen importlib._bootstrap>", line 241, in _call_with_frames_removed
  File "passenger_wsgi.py", line 8, in <module>
    wsgi = imp.load_source('wsgi', 'passenger_wsgi.py')
  File "/opt/alt/python310/lib64/python3.10/imp.py", line 170, in load_source
    module = _exec(spec, sys.modules[name])
  File "<frozen importlib._bootstrap>", line 619, in _exec
  File "<frozen importlib._bootstrap_external>", line 883, in exec_module
  File "<frozen importlib._bootstrap>", line 241, in _call_with_frames_removed
  File "passenger_wsgi.py", line 8, in <module>
    wsgi = imp.load_source('wsgi', 'passenger_wsgi.py')
  File "/opt/alt/python310/lib64/python3.10/imp.py", line 170, in load_source
    module = _exec(spec, sys.modules[name])
  File "<frozen importlib._bootstrap>", line 619, in _exec
  File "<frozen importlib._bootstrap_external>", line 883, in exec_module
  File "<frozen importlib._bootstrap>", line 241, in _call_with_frames_removed
  File "passenger_wsgi.py", line 8, in <module>
    wsgi = imp.load_source('wsgi', 'passenger_wsgi.py')
  File "/opt/alt/python310/lib64/python3.10/imp.py", line 170, in load_source
    module = _exec(spec, sys.modules[name])
  File "<frozen importlib._bootstrap>", line 619, in _exec
  File "<frozen importlib._bootstrap_external>", line 883, in exec_module
  File "<frozen importlib._bootstrap>", line 241, in _call_with_frames_removed
  File "passenger_wsgi.py", line 8, in <module>
    wsgi = imp.load_source('wsgi', 'passenger_wsgi.py')
  File "/opt/alt/python310/lib64/python3.10/imp.py", line 170, in load_source
    module = _exec(spec, sys.modules[name])
  File "<frozen importlib._bootstrap>", line 619, in _exec
  File "<frozen importlib._bootstrap_external>", line 883, in exec_module
  File "<frozen importlib._bootstrap>", line 241, in _call_with_frames_removed
  File "passenger_wsgi.py", line 8, in <module>
    wsgi = imp.load_source('wsgi', 'passenger_wsgi.py')
  File "/opt/alt/python310/lib64/python3.10/imp.py", line 170, in load_source
    module = _exec(spec, sys.modules[name])
  File "<frozen importlib._bootstrap>", line 619, in _exec
  File "<frozen importlib._bootstrap_external>", line 883, in exec_module
  File "<frozen importlib._bootstrap>", line 241, in _call_with_frames_removed
  File "passenger_wsgi.py", line 8, in <module>
    wsgi = imp.load_source('wsgi', 'passenger_wsgi.py')
  File "/opt/alt/python310/lib64/python3.10/imp.py", line 170, in load_source
    module = _exec(spec, sys.modules[name])
  File "<frozen importlib._bootstrap>", line 619, in _exec
  File "<frozen importlib._bootstrap_external>", line 883, in exec_module
  File "<frozen importlib._bootstrap>", line 241, in _call_with_frames_removed
  File "passenger_wsgi.py", line 8, in <module>
    wsgi = imp.load_source('wsgi', 'passenger_wsgi.py')
  File "/opt/alt/python310/lib64/python3.10/imp.py", line 170, in load_source
    module = _exec(spec, sys.modules[name])
  File "<frozen importlib._bootstrap>", line 619, in _exec
  File "<frozen importlib._bootstrap_external>", line 883, in exec_module
  File "<frozen importlib._bootstrap>", line 241, in _call_with_frames_removed
  File "passenger_wsgi.py", line 8, in <module>
    wsgi = imp.load_source('wsgi', 'passenger_wsgi.py')
  File "/opt/alt/python310/lib64/python3.10/imp.py", line 170, in load_source
    module = _exec(spec, sys.modules[name])
  File "<frozen importlib._bootstrap>", line 619, in _exec
  File "<frozen importlib._bootstrap_external>", line 883, in exec_module
  File "<frozen importlib._bootstrap>", line 241, in _call_with_frames_removed
  File "passenger_wsgi.py", line 8, in <module>
    wsgi = imp.load_source('wsgi', 'passenger_wsgi.py')
  File "/opt/alt/python310/lib64/python3.10/imp.py", line 170, in load_source
    module = _exec(spec, sys.modules[name])
  File "<frozen importlib._bootstrap>", line 619, in _exec
  File "<frozen importlib._bootstrap_external>", line 883, in exec_module
  File "<frozen importlib._bootstrap>", line 241, in _call_with_frames_removed
  File "passenger_wsgi.py", line 8, in <module>
    wsgi = imp.load_source('wsgi', 'passenger_wsgi.py')
  File "/opt/alt/python310/lib64/python3.10/imp.py", line 170, in load_source
    module = _exec(spec, sys.modules[name])
  File "<frozen importlib._bootstrap>", line 619, in _exec
  File "<frozen importlib._bootstrap_external>", line 883, in exec_module
  File "<frozen importlib._bootstrap>", line 241, in _call_with_frames_removed
  File "passenger_wsgi.py", line 8, in <module>
    wsgi = imp.load_source('wsgi', 'passenger_wsgi.py')
  File "/opt/alt/python310/lib64/python3.10/imp.py", line 170, in load_source
    module = _exec(spec, sys.modules[name])
  File "<frozen importlib._bootstrap>", line 619, in _exec
  File "<frozen importlib._bootstrap_external>", line 883, in exec_module
  File "<frozen importlib._bootstrap>", line 241, in _call_with_frames_removed
  File "passenger_wsgi.py", line 8, in <module>
    wsgi = imp.load_source('wsgi', 'passenger_wsgi.py')
  File "/opt/alt/python310/lib64/python3.10/imp.py", line 170, in load_source
    module = _exec(spec, sys.modules[name])
  File "<frozen importlib._bootstrap>", line 619, in _exec
  File "<frozen importlib._bootstrap_external>", line 883, in exec_module
  File "<frozen importlib._bootstrap>", line 241, in _call_with_frames_removed
  File "passenger_wsgi.py", line 8, in <module>
    wsgi = imp.load_source('wsgi', 'passenger_wsgi.py')
  File "/opt/alt/python310/lib64/python3.10/imp.py", line 170, in load_source
    module = _exec(spec, sys.modules[name])
  File "<frozen importlib._bootstrap>", line 619, in _exec
  File "<frozen importlib._bootstrap_external>", line 883, in exec_module
  File "<frozen importlib._bootstrap>", line 241, in _call_with_frames_removed
  File "passenger_wsgi.py", line 8, in <module>
    wsgi = imp.load_source('wsgi', 'passenger_wsgi.py')
  File "/opt/alt/python310/lib64/python3.10/imp.py", line 170, in load_source
    module = _exec(spec, sys.modules[name])
  File "<frozen importlib._bootstrap>", line 619, in _exec
  File "<frozen importlib._bootstrap_external>", line 883, in exec_module
  File "<frozen importlib._bootstrap>", line 241, in _call_with_frames_removed
  File "passenger_wsgi.py", line 8, in <module>
    wsgi = imp.load_source('wsgi', 'passenger_wsgi.py')
  File "/opt/alt/python310/lib64/python3.10/imp.py", line 170, in load_source
    module = _exec(spec, sys.modules[name])
  File "<frozen importlib._bootstrap>", line 619, in _exec
  File "<frozen importlib._bootstrap_external>", line 883, in exec_module
  File "<frozen importlib._bootstrap>", line 241, in _call_with_frames_removed
  File "passenger_wsgi.py", line 8, in <module>
    wsgi = imp.load_source('wsgi', 'passenger_wsgi.py')
  File "/opt/alt/python310/lib64/python3.10/imp.py", line 170, in load_source
    module = _exec(spec, sys.modules[name])
  File "<frozen importlib._bootstrap>", line 619, in _exec
  File "<frozen importlib._bootstrap_external>", line 883, in exec_module
  File "<frozen importlib._bootstrap>", line 241, in _call_with_frames_removed
  File "passenger_wsgi.py", line 8, in <module>
    wsgi = imp.load_source('wsgi', 'passenger_wsgi.py')
  File "/opt/alt/python310/lib64/python3.10/imp.py", line 170, in load_source
    module = _exec(spec, sys.modules[name])
  File "<frozen importlib._bootstrap>", line 619, in _exec
  File "<frozen importlib._bootstrap_external>", line 883, in exec_module
  File "<frozen importlib._bootstrap>", line 241, in _call_with_frames_removed
  File "passenger_wsgi.py", line 8, in <module>
    wsgi = imp.load_source('wsgi', 'passenger_wsgi.py')
  File "/opt/alt/python310/lib64/python3.10/imp.py", line 170, in load_source
    module = _exec(spec, sys.modules[name])
  File "<frozen importlib._bootstrap>", line 619, in _exec
  File "<frozen importlib._bootstrap_external>", line 883, in exec_module
  File "<frozen importlib._bootstrap>", line 241, in _call_with_frames_removed
  File "passenger_wsgi.py", line 8, in <module>
    wsgi = imp.load_source('wsgi', 'passenger_wsgi.py')
  File "/opt/alt/python310/lib64/python3.10/imp.py", line 170, in load_source
    module = _exec(spec, sys.modules[name])
  File "<frozen importlib._bootstrap>", line 619, in _exec
  File "<frozen importlib._bootstrap_external>", line 883, in exec_module
  File "<frozen importlib._bootstrap>", line 241, in _call_with_frames_removed
  File "passenger_wsgi.py", line 8, in <module>
    wsgi = imp.load_source('wsgi', 'passenger_wsgi.py')
  File "/opt/alt/python310/lib64/python3.10/imp.py", line 170, in load_source
    module = _exec(spec, sys.modules[name])
  File "<frozen importlib._bootstrap>", line 619, in _exec
  File "<frozen importlib._bootstrap_external>", line 883, in exec_module
  File "<frozen importlib._bootstrap>", line 241, in _call_with_frames_removed
  File "passenger_wsgi.py", line 8, in <module>
    wsgi = imp.load_source('wsgi', 'passenger_wsgi.py')
  File "/opt/alt/python310/lib64/python3.10/imp.py", line 170, in load_source
    module = _exec(spec, sys.modules[name])
  File "<frozen importlib._bootstrap>", line 619, in _exec
  File "<frozen importlib._bootstrap_external>", line 883, in exec_module
  File "<frozen importlib._bootstrap>", line 241, in _call_with_frames_removed
  File "passenger_wsgi.py", line 8, in <module>
    wsgi = imp.load_source('wsgi', 'passenger_wsgi.py')
  File "/opt/alt/python310/lib64/python3.10/imp.py", line 170, in load_source
    module = _exec(spec, sys.modules[name])
  File "<frozen importlib._bootstrap>", line 619, in _exec
  File "<frozen importlib._bootstrap_external>", line 883, in exec_module
  File "<frozen importlib._bootstrap>", line 241, in _call_with_frames_removed
  File "passenger_wsgi.py", line 8, in <module>
    wsgi = imp.load_source('wsgi', 'passenger_wsgi.py')
  File "/opt/alt/python310/lib64/python3.10/imp.py", line 170, in load_source
    module = _exec(spec, sys.modules[name])
  File "<frozen importlib._bootstrap>", line 619, in _exec
  File "<frozen importlib._bootstrap_external>", line 883, in exec_module
  File "<frozen importlib._bootstrap>", line 241, in _call_with_frames_removed
  File "passenger_wsgi.py", line 8, in <module>
    wsgi = imp.load_source('wsgi', 'passenger_wsgi.py')
  File "/opt/alt/python310/lib64/python3.10/imp.py", line 170, in load_source
    module = _exec(spec, sys.modules[name])
  File "<frozen importlib._bootstrap>", line 619, in _exec
  File "<frozen importlib._bootstrap_external>", line 883, in exec_module
  File "<frozen importlib._bootstrap>", line 241, in _call_with_frames_removed
  File "passenger_wsgi.py", line 8, in <module>
    wsgi = imp.load_source('wsgi', 'passenger_wsgi.py')
  File "/opt/alt/python310/lib64/python3.10/imp.py", line 170, in load_source
    module = _exec(spec, sys.modules[name])
  File "<frozen importlib._bootstrap>", line 619, in _exec
  File "<frozen importlib._bootstrap_external>", line 883, in exec_module
  File "<frozen importlib._bootstrap>", line 241, in _call_with_frames_removed
  File "passenger_wsgi.py", line 8, in <module>
    wsgi = imp.load_source('wsgi', 'passenger_wsgi.py')
  File "/opt/alt/python310/lib64/python3.10/imp.py", line 170, in load_source
    module = _exec(spec, sys.modules[name])
  File "<frozen importlib._bootstrap>", line 619, in _exec
  File "<frozen importlib._bootstrap_external>", line 883, in exec_module
  File "<frozen importlib._bootstrap>", line 241, in _call_with_frames_removed
  File "passenger_wsgi.py", line 8, in <module>
    wsgi = imp.load_source('wsgi', 'passenger_wsgi.py')
  File "/opt/alt/python310/lib64/python3.10/imp.py", line 170, in load_source
    module = _exec(spec, sys.modules[name])
  File "<frozen importlib._bootstrap>", line 619, in _exec
  File "<frozen importlib._bootstrap_external>", line 883, in exec_module
  File "<frozen importlib._bootstrap>", line 241, in _call_with_frames_removed
  File "passenger_wsgi.py", line 8, in <module>
    wsgi = imp.load_source('wsgi', 'passenger_wsgi.py')
  File "/opt/alt/python310/lib64/python3.10/imp.py", line 170, in load_source
    module = _exec(spec, sys.modules[name])
  File "<frozen importlib._bootstrap>", line 619, in _exec
  File "<frozen importlib._bootstrap_external>", line 883, in exec_module
  File "<frozen importlib._bootstrap>", line 241, in _call_with_frames_removed
  File "passenger_wsgi.py", line 8, in <module>
    wsgi = imp.load_source('wsgi', 'passenger_wsgi.py')
  File "/opt/alt/python310/lib64/python3.10/imp.py", line 170, in load_source
    module = _exec(spec, sys.modules[name])
  File "<frozen importlib._bootstrap>", line 619, in _exec
  File "<frozen importlib._bootstrap_external>", line 883, in exec_module
  File "<frozen importlib._bootstrap>", line 241, in _call_with_frames_removed
  File "passenger_wsgi.py", line 8, in <module>
    wsgi = imp.load_source('wsgi', 'passenger_wsgi.py')
  File "/opt/alt/python310/lib64/python3.10/imp.py", line 170, in load_source
    module = _exec(spec, sys.modules[name])
  File "<frozen importlib._bootstrap>", line 619, in _exec
  File "<frozen importlib._bootstrap_external>", line 883, in exec_module
  File "<frozen importlib._bootstrap>", line 241, in _call_with_frames_removed
  File "passenger_wsgi.py", line 8, in <module>
    wsgi = imp.load_source('wsgi', 'passenger_wsgi.py')
  File "/opt/alt/python310/lib64/python3.10/imp.py", line 170, in load_source
    module = _exec(spec, sys.modules[name])
  File "<frozen importlib._bootstrap>", line 619, in _exec
  File "<frozen importlib._bootstrap_external>", line 883, in exec_module
  File "<frozen importlib._bootstrap>", line 241, in _call_with_frames_removed
  File "passenger_wsgi.py", line 8, in <module>
    wsgi = imp.load_source('wsgi', 'passenger_wsgi.py')
  File "/opt/alt/python310/lib64/python3.10/imp.py", line 170, in load_source
    module = _exec(spec, sys.modules[name])
  File "<frozen importlib._bootstrap>", line 619, in _exec
  File "<frozen importlib._bootstrap_external>", line 883, in exec_module
  File "<frozen importlib._bootstrap>", line 241, in _call_with_frames_removed
  File "passenger_wsgi.py", line 8, in <module>
    wsgi = imp.load_source('wsgi', 'passenger_wsgi.py')
  File "/opt/alt/python310/lib64/python3.10/imp.py", line 170, in load_source
    module = _exec(spec, sys.modules[name])
  File "<frozen importlib._bootstrap>", line 619, in _exec
  File "<frozen importlib._bootstrap_external>", line 883, in exec_module
  File "<frozen importlib._bootstrap>", line 241, in _call_with_frames_removed
  File "passenger_wsgi.py", line 8, in <module>
    wsgi = imp.load_source('wsgi', 'passenger_wsgi.py')
  File "/opt/alt/python310/lib64/python3.10/imp.py", line 170, in load_source
    module = _exec(spec, sys.modules[name])
  File "<frozen importlib._bootstrap>", line 619, in _exec
  File "<frozen importlib._bootstrap_external>", line 883, in exec_module
  File "<frozen importlib._bootstrap>", line 241, in _call_with_frames_removed
  File "passenger_wsgi.py", line 8, in <module>
    wsgi = imp.load_source('wsgi', 'passenger_wsgi.py')
  File "/opt/alt/python310/lib64/python3.10/imp.py", line 170, in load_source
    module = _exec(spec, sys.modules[name])
  File "<frozen importlib._bootstrap>", line 619, in _exec
  File "<frozen importlib._bootstrap_external>", line 883, in exec_module
  File "<frozen importlib._bootstrap>", line 241, in _call_with_frames_removed
  File "passenger_wsgi.py", line 8, in <module>
    wsgi = imp.load_source('wsgi', 'passenger_wsgi.py')
  File "/opt/alt/python310/lib64/python3.10/imp.py", line 170, in load_source
    module = _exec(spec, sys.modules[name])
  File "<frozen importlib._bootstrap>", line 619, in _exec
  File "<frozen importlib._bootstrap_external>", line 883, in exec_module
  File "<frozen importlib._bootstrap>", line 241, in _call_with_frames_removed
  File "passenger_wsgi.py", line 8, in <module>
    wsgi = imp.load_source('wsgi', 'passenger_wsgi.py')
  File "/opt/alt/python310/lib64/python3.10/imp.py", line 170, in load_source
    module = _exec(spec, sys.modules[name])
  File "<frozen importlib._bootstrap>", line 619, in _exec
  File "<frozen importlib._bootstrap_external>", line 883, in exec_module
  File "<frozen importlib._bootstrap>", line 241, in _call_with_frames_removed
  File "passenger_wsgi.py", line 8, in <module>
    wsgi = imp.load_source('wsgi', 'passenger_wsgi.py')
  File "/opt/alt/python310/lib64/python3.10/imp.py", line 170, in load_source
    module = _exec(spec, sys.modules[name])
  File "<frozen importlib._bootstrap>", line 619, in _exec
  File "<frozen importlib._bootstrap_external>", line 883, in exec_module
  File "<frozen importlib._bootstrap>", line 241, in _call_with_frames_removed
  File "passenger_wsgi.py", line 8, in <module>
    wsgi = imp.load_source('wsgi', 'passenger_wsgi.py')
  File "/opt/alt/python310/lib64/python3.10/imp.py", line 170, in load_source
    module = _exec(spec, sys.modules[name])
  File "<frozen importlib._bootstrap>", line 619, in _exec
  File "<frozen importlib._bootstrap_external>", line 883, in exec_module
  File "<frozen importlib._bootstrap>", line 241, in _call_with_frames_removed
  File "passenger_wsgi.py", line 8, in <module>
    wsgi = imp.load_source('wsgi', 'passenger_wsgi.py')
  File "/opt/alt/python310/lib64/python3.10/imp.py", line 170, in load_source
    module = _exec(spec, sys.modules[name])
  File "<frozen importlib._bootstrap>", line 619, in _exec
  File "<frozen importlib._bootstrap_external>", line 883, in exec_module
  File "<frozen importlib._bootstrap>", line 241, in _call_with_frames_removed
  File "passenger_wsgi.py", line 8, in <module>
    wsgi = imp.load_source('wsgi', 'passenger_wsgi.py')
  File "/opt/alt/python310/lib64/python3.10/imp.py", line 170, in load_source
    module = _exec(spec, sys.modules[name])
  File "<frozen importlib._bootstrap>", line 619, in _exec
  File "<frozen importlib._bootstrap_external>", line 883, in exec_module
  File "<frozen importlib._bootstrap>", line 241, in _call_with_frames_removed
  File "passenger_wsgi.py", line 8, in <module>
    wsgi = imp.load_source('wsgi', 'passenger_wsgi.py')
  File "/opt/alt/python310/lib64/python3.10/imp.py", line 170, in load_source
    module = _exec(spec, sys.modules[name])
  File "<frozen importlib._bootstrap>", line 619, in _exec
  File "<frozen importlib._bootstrap_external>", line 883, in exec_module
  File "<frozen importlib._bootstrap>", line 241, in _call_with_frames_removed
  File "passenger_wsgi.py", line 8, in <module>
    wsgi = imp.load_source('wsgi', 'passenger_wsgi.py')
  File "/opt/alt/python310/lib64/python3.10/imp.py", line 170, in load_source
    module = _exec(spec, sys.modules[name])
  File "<frozen importlib._bootstrap>", line 619, in _exec
  File "<frozen importlib._bootstrap_external>", line 883, in exec_module
  File "<frozen importlib._bootstrap>", line 241, in _call_with_frames_removed
  File "passenger_wsgi.py", line 8, in <module>
    wsgi = imp.load_source('wsgi', 'passenger_wsgi.py')
  File "/opt/alt/python310/lib64/python3.10/imp.py", line 170, in load_source
    module = _exec(spec, sys.modules[name])
  File "<frozen importlib._bootstrap>", line 619, in _exec
  File "<frozen importlib._bootstrap_external>", line 883, in exec_module
  File "<frozen importlib._bootstrap>", line 241, in _call_with_frames_removed
  File "passenger_wsgi.py", line 8, in <module>
    wsgi = imp.load_source('wsgi', 'passenger_wsgi.py')
  File "/opt/alt/python310/lib64/python3.10/imp.py", line 170, in load_source
    module = _exec(spec, sys.modules[name])
  File "<frozen importlib._bootstrap>", line 619, in _exec
  File "<frozen importlib._bootstrap_external>", line 883, in exec_module
  File "<frozen importlib._bootstrap>", line 241, in _call_with_frames_removed
  File "passenger_wsgi.py", line 8, in <module>
    wsgi = imp.load_source('wsgi', 'passenger_wsgi.py')
  File "/opt/alt/python310/lib64/python3.10/imp.py", line 170, in load_source
    module = _exec(spec, sys.modules[name])
  File "<frozen importlib._bootstrap>", line 619, in _exec
  File "<frozen importlib._bootstrap_external>", line 883, in exec_module
  File "<frozen importlib._bootstrap>", line 241, in _call_with_frames_removed
  File "passenger_wsgi.py", line 8, in <module>
    wsgi = imp.load_source('wsgi', 'passenger_wsgi.py')
  File "/opt/alt/python310/lib64/python3.10/imp.py", line 170, in load_source
    module = _exec(spec, sys.modules[name])
  File "<frozen importlib._bootstrap>", line 619, in _exec
  File "<frozen importlib._bootstrap_external>", line 883, in exec_module
  File "<frozen importlib._bootstrap>", line 241, in _call_with_frames_removed
  File "passenger_wsgi.py", line 8, in <module>
    wsgi = imp.load_source('wsgi', 'passenger_wsgi.py')
  File "/opt/alt/python310/lib64/python3.10/imp.py", line 170, in load_source
    module = _exec(spec, sys.modules[name])
  File "<frozen importlib._bootstrap>", line 619, in _exec
  File "<frozen importlib._bootstrap_external>", line 883, in exec_module
  File "<frozen importlib._bootstrap>", line 241, in _call_with_frames_removed
  File "passenger_wsgi.py", line 8, in <module>
    wsgi = imp.load_source('wsgi', 'passenger_wsgi.py')
  File "/opt/alt/python310/lib64/python3.10/imp.py", line 170, in load_source
    module = _exec(spec, sys.modules[name])
  File "<frozen importlib._bootstrap>", line 619, in _exec
  File "<frozen importlib._bootstrap_external>", line 883, in exec_module
  File "<frozen importlib._bootstrap>", line 241, in _call_with_frames_removed
  File "passenger_wsgi.py", line 8, in <module>
    wsgi = imp.load_source('wsgi', 'passenger_wsgi.py')
  File "/opt/alt/python310/lib64/python3.10/imp.py", line 170, in load_source
    module = _exec(spec, sys.modules[name])
  File "<frozen importlib._bootstrap>", line 619, in _exec
  File "<frozen importlib._bootstrap_external>", line 883, in exec_module
  File "<frozen importlib._bootstrap>", line 241, in _call_with_frames_removed
  File "passenger_wsgi.py", line 8, in <module>
    wsgi = imp.load_source('wsgi', 'passenger_wsgi.py')
  File "/opt/alt/python310/lib64/python3.10/imp.py", line 170, in load_source
    module = _exec(spec, sys.modules[name])
  File "<frozen importlib._bootstrap>", line 619, in _exec
  File "<frozen importlib._bootstrap_external>", line 883, in exec_module
  File "<frozen importlib._bootstrap>", line 241, in _call_with_frames_removed
  File "passenger_wsgi.py", line 8, in <module>
    wsgi = imp.load_source('wsgi', 'passenger_wsgi.py')
  File "/opt/alt/python310/lib64/python3.10/imp.py", line 170, in load_source
    module = _exec(spec, sys.modules[name])
  File "<frozen importlib._bootstrap>", line 619, in _exec
  File "<frozen importlib._bootstrap_external>", line 883, in exec_module
  File "<frozen importlib._bootstrap>", line 241, in _call_with_frames_removed
  File "passenger_wsgi.py", line 8, in <module>
    wsgi = imp.load_source('wsgi', 'passenger_wsgi.py')
  File "/opt/alt/python310/lib64/python3.10/imp.py", line 170, in load_source
    module = _exec(spec, sys.modules[name])
  File "<frozen importlib._bootstrap>", line 619, in _exec
  File "<frozen importlib._bootstrap_external>", line 883, in exec_module
  File "<frozen importlib._bootstrap>", line 241, in _call_with_frames_removed
  File "passenger_wsgi.py", line 8, in <module>
    wsgi = imp.load_source('wsgi', 'passenger_wsgi.py')
  File "/opt/alt/python310/lib64/python3.10/imp.py", line 170, in load_source
    module = _exec(spec, sys.modules[name])
  File "<frozen importlib._bootstrap>", line 619, in _exec
  File "<frozen importlib._bootstrap_external>", line 883, in exec_module
  File "<frozen importlib._bootstrap>", line 241, in _call_with_frames_removed
  File "passenger_wsgi.py", line 8, in <module>
    wsgi = imp.load_source('wsgi', 'passenger_wsgi.py')
  File "/opt/alt/python310/lib64/python3.10/imp.py", line 170, in load_source
    module = _exec(spec, sys.modules[name])
  File "<frozen importlib._bootstrap>", line 619, in _exec
  File "<frozen importlib._bootstrap_external>", line 883, in exec_module
  File "<frozen importlib._bootstrap>", line 241, in _call_with_frames_removed
  File "passenger_wsgi.py", line 8, in <module>
    wsgi = imp.load_source('wsgi', 'passenger_wsgi.py')
  File "/opt/alt/python310/lib64/python3.10/imp.py", line 170, in load_source
    module = _exec(spec, sys.modules[name])
  File "<frozen importlib._bootstrap>", line 619, in _exec
  File "<frozen importlib._bootstrap_external>", line 883, in exec_module
  File "<frozen importlib._bootstrap>", line 241, in _call_with_frames_removed
  File "passenger_wsgi.py", line 8, in <module>
    wsgi = imp.load_source('wsgi', 'passenger_wsgi.py')
  File "/opt/alt/python310/lib64/python3.10/imp.py", line 170, in load_source
    module = _exec(spec, sys.modules[name])
  File "<frozen importlib._bootstrap>", line 619, in _exec
  File "<frozen importlib._bootstrap_external>", line 883, in exec_module
  File "<frozen importlib._bootstrap>", line 241, in _call_with_frames_removed
  File "passenger_wsgi.py", line 8, in <module>
    wsgi = imp.load_source('wsgi', 'passenger_wsgi.py')
  File "/opt/alt/python310/lib64/python3.10/imp.py", line 170, in load_source
    module = _exec(spec, sys.modules[name])
  File "<frozen importlib._bootstrap>", line 619, in _exec
  File "<frozen importlib._bootstrap_external>", line 883, in exec_module
  File "<frozen importlib._bootstrap>", line 241, in _call_with_frames_removed
  File "passenger_wsgi.py", line 8, in <module>
    wsgi = imp.load_source('wsgi', 'passenger_wsgi.py')
  File "/opt/alt/python310/lib64/python3.10/imp.py", line 170, in load_source
    module = _exec(spec, sys.modules[name])
  File "<frozen importlib._bootstrap>", line 619, in _exec
  File "<frozen importlib._bootstrap_external>", line 883, in exec_module
  File "<frozen importlib._bootstrap>", line 241, in _call_with_frames_removed
  File "passenger_wsgi.py", line 8, in <module>
    wsgi = imp.load_source('wsgi', 'passenger_wsgi.py')
  File "/opt/alt/python310/lib64/python3.10/imp.py", line 170, in load_source
    module = _exec(spec, sys.modules[name])
  File "<frozen importlib._bootstrap>", line 619, in _exec
  File "<frozen importlib._bootstrap_external>", line 883, in exec_module
  File "<frozen importlib._bootstrap>", line 241, in _call_with_frames_removed
  File "passenger_wsgi.py", line 8, in <module>
    wsgi = imp.load_source('wsgi', 'passenger_wsgi.py')
  File "/opt/alt/python310/lib64/python3.10/imp.py", line 170, in load_source
    module = _exec(spec, sys.modules[name])
  File "<frozen importlib._bootstrap>", line 619, in _exec
  File "<frozen importlib._bootstrap_external>", line 883, in exec_module
  File "<frozen importlib._bootstrap>", line 241, in _call_with_frames_removed
  File "passenger_wsgi.py", line 8, in <module>
    wsgi = imp.load_source('wsgi', 'passenger_wsgi.py')
  File "/opt/alt/python310/lib64/python3.10/imp.py", line 170, in load_source
    module = _exec(spec, sys.modules[name])
  File "<frozen importlib._bootstrap>", line 619, in _exec
  File "<frozen importlib._bootstrap_external>", line 883, in exec_module
  File "<frozen importlib._bootstrap>", line 241, in _call_with_frames_removed
  File "passenger_wsgi.py", line 8, in <module>
    wsgi = imp.load_source('wsgi', 'passenger_wsgi.py')
  File "/opt/alt/python310/lib64/python3.10/imp.py", line 170, in load_source
    module = _exec(spec, sys.modules[name])
  File "<frozen importlib._bootstrap>", line 619, in _exec
  File "<frozen importlib._bootstrap_external>", line 883, in exec_module
  File "<frozen importlib._bootstrap>", line 241, in _call_with_frames_removed
  File "passenger_wsgi.py", line 8, in <module>
    wsgi = imp.load_source('wsgi', 'passenger_wsgi.py')
  File "/opt/alt/python310/lib64/python3.10/imp.py", line 170, in load_source
    module = _exec(spec, sys.modules[name])
  File "<frozen importlib._bootstrap>", line 619, in _exec
  File "<frozen importlib._bootstrap_external>", line 883, in exec_module
  File "<frozen importlib._bootstrap>", line 241, in _call_with_frames_removed
  File "passenger_wsgi.py", line 8, in <module>
    wsgi = imp.load_source('wsgi', 'passenger_wsgi.py')
  File "/opt/alt/python310/lib64/python3.10/imp.py", line 170, in load_source
    module = _exec(spec, sys.modules[name])
  File "<frozen importlib._bootstrap>", line 619, in _exec
  File "<frozen importlib._bootstrap_external>", line 883, in exec_module
  File "<frozen importlib._bootstrap>", line 241, in _call_with_frames_removed
  File "passenger_wsgi.py", line 8, in <module>
    wsgi = imp.load_source('wsgi', 'passenger_wsgi.py')
  File "/opt/alt/python310/lib64/python3.10/imp.py", line 170, in load_source
    module = _exec(spec, sys.modules[name])
  File "<frozen importlib._bootstrap>", line 619, in _exec
  File "<frozen importlib._bootstrap_external>", line 883, in exec_module
  File "<frozen importlib._bootstrap>", line 241, in _call_with_frames_removed
  File "passenger_wsgi.py", line 8, in <module>
    wsgi = imp.load_source('wsgi', 'passenger_wsgi.py')
  File "/opt/alt/python310/lib64/python3.10/imp.py", line 170, in load_source
    module = _exec(spec, sys.modules[name])
  File "<frozen importlib._bootstrap>", line 619, in _exec
  File "<frozen importlib._bootstrap_external>", line 883, in exec_module
  File "<frozen importlib._bootstrap>", line 241, in _call_with_frames_removed
  File "passenger_wsgi.py", line 8, in <module>
    wsgi = imp.load_source('wsgi', 'passenger_wsgi.py')
  File "/opt/alt/python310/lib64/python3.10/imp.py", line 170, in load_source
    module = _exec(spec, sys.modules[name])
  File "<frozen importlib._bootstrap>", line 619, in _exec
  File "<frozen importlib._bootstrap_external>", line 883, in exec_module
  File "<frozen importlib._bootstrap>", line 241, in _call_with_frames_removed
  File "passenger_wsgi.py", line 8, in <module>
    wsgi = imp.load_source('wsgi', 'passenger_wsgi.py')
  File "/opt/alt/python310/lib64/python3.10/imp.py", line 170, in load_source
    module = _exec(spec, sys.modules[name])
  File "<frozen importlib._bootstrap>", line 619, in _exec
  File "<frozen importlib._bootstrap_external>", line 883, in exec_module
  File "<frozen importlib._bootstrap>", line 241, in _call_with_frames_removed
  File "passenger_wsgi.py", line 8, in <module>
    wsgi = imp.load_source('wsgi', 'passenger_wsgi.py')
  File "/opt/alt/python310/lib64/python3.10/imp.py", line 170, in load_source
    module = _exec(spec, sys.modules[name])
  File "<frozen importlib._bootstrap>", line 619, in _exec
  File "<frozen importlib._bootstrap_external>", line 883, in exec_module
  File "<frozen importlib._bootstrap>", line 241, in _call_with_frames_removed
  File "passenger_wsgi.py", line 8, in <module>
    wsgi = imp.load_source('wsgi', 'passenger_wsgi.py')
  File "/opt/alt/python310/lib64/python3.10/imp.py", line 170, in load_source
    module = _exec(spec, sys.modules[name])
  File "<frozen importlib._bootstrap>", line 619, in _exec
  File "<frozen importlib._bootstrap_external>", line 883, in exec_module
  File "<frozen importlib._bootstrap>", line 241, in _call_with_frames_removed
  File "passenger_wsgi.py", line 8, in <module>
    wsgi = imp.load_source('wsgi', 'passenger_wsgi.py')
  File "/opt/alt/python310/lib64/python3.10/imp.py", line 170, in load_source
    module = _exec(spec, sys.modules[name])
  File "<frozen importlib._bootstrap>", line 619, in _exec
  File "<frozen importlib._bootstrap_external>", line 883, in exec_module
  File "<frozen importlib._bootstrap>", line 241, in _call_with_frames_removed
  File "passenger_wsgi.py", line 8, in <module>
    wsgi = imp.load_source('wsgi', 'passenger_wsgi.py')
  File "/opt/alt/python310/lib64/python3.10/imp.py", line 170, in load_source
    module = _exec(spec, sys.modules[name])
  File "<frozen importlib._bootstrap>", line 619, in _exec
  File "<frozen importlib._bootstrap_external>", line 883, in exec_module
  File "<frozen importlib._bootstrap>", line 241, in _call_with_frames_removed
  File "passenger_wsgi.py", line 8, in <module>
    wsgi = imp.load_source('wsgi', 'passenger_wsgi.py')
  File "/opt/alt/python310/lib64/python3.10/imp.py", line 170, in load_source
    module = _exec(spec, sys.modules[name])
  File "<frozen importlib._bootstrap>", line 619, in _exec
  File "<frozen importlib._bootstrap_external>", line 883, in exec_module
  File "<frozen importlib._bootstrap>", line 241, in _call_with_frames_removed
  File "passenger_wsgi.py", line 8, in <module>
    wsgi = imp.load_source('wsgi', 'passenger_wsgi.py')
  File "/opt/alt/python310/lib64/python3.10/imp.py", line 170, in load_source
    module = _exec(spec, sys.modules[name])
  File "<frozen importlib._bootstrap>", line 619, in _exec
  File "<frozen importlib._bootstrap_external>", line 883, in exec_module
  File "<frozen importlib._bootstrap>", line 241, in _call_with_frames_removed
  File "passenger_wsgi.py", line 8, in <module>
    wsgi = imp.load_source('wsgi', 'passenger_wsgi.py')
  File "/opt/alt/python310/lib64/python3.10/imp.py", line 170, in load_source
    module = _exec(spec, sys.modules[name])
  File "<frozen importlib._bootstrap>", line 619, in _exec
  File "<frozen importlib._bootstrap_external>", line 883, in exec_module
  File "<frozen importlib._bootstrap>", line 241, in _call_with_frames_removed
  File "passenger_wsgi.py", line 8, in <module>
    wsgi = imp.load_source('wsgi', 'passenger_wsgi.py')
  File "/opt/alt/python310/lib64/python3.10/imp.py", line 170, in load_source
    module = _exec(spec, sys.modules[name])
  File "<frozen importlib._bootstrap>", line 619, in _exec
  File "<frozen importlib._bootstrap_external>", line 883, in exec_module
  File "<frozen importlib._bootstrap>", line 241, in _call_with_frames_removed
  File "passenger_wsgi.py", line 8, in <module>
    wsgi = imp.load_source('wsgi', 'passenger_wsgi.py')
  File "/opt/alt/python310/lib64/python3.10/imp.py", line 170, in load_source
    module = _exec(spec, sys.modules[name])
  File "<frozen importlib._bootstrap>", line 619, in _exec
  File "<frozen importlib._bootstrap_external>", line 883, in exec_module
  File "<frozen importlib._bootstrap>", line 241, in _call_with_frames_removed
  File "passenger_wsgi.py", line 8, in <module>
    wsgi = imp.load_source('wsgi', 'passenger_wsgi.py')
  File "/opt/alt/python310/lib64/python3.10/imp.py", line 170, in load_source
    module = _exec(spec, sys.modules[name])
  File "<frozen importlib._bootstrap>", line 619, in _exec
  File "<frozen importlib._bootstrap_external>", line 883, in exec_module
  File "<frozen importlib._bootstrap>", line 241, in _call_with_frames_removed
  File "passenger_wsgi.py", line 8, in <module>
    wsgi = imp.load_source('wsgi', 'passenger_wsgi.py')
  File "/opt/alt/python310/lib64/python3.10/imp.py", line 170, in load_source
    module = _exec(spec, sys.modules[name])
  File "<frozen importlib._bootstrap>", line 619, in _exec
  File "<frozen importlib._bootstrap_external>", line 883, in exec_module
  File "<frozen importlib._bootstrap>", line 241, in _call_with_frames_removed
  File "passenger_wsgi.py", line 8, in <module>
    wsgi = imp.load_source('wsgi', 'passenger_wsgi.py')
  File "/opt/alt/python310/lib64/python3.10/imp.py", line 170, in load_source
    module = _exec(spec, sys.modules[name])
  File "<frozen importlib._bootstrap>", line 619, in _exec
  File "<frozen importlib._bootstrap_external>", line 883, in exec_module
  File "<frozen importlib._bootstrap>", line 241, in _call_with_frames_removed
  File "passenger_wsgi.py", line 8, in <module>
    wsgi = imp.load_source('wsgi', 'passenger_wsgi.py')
  File "/opt/alt/python310/lib64/python3.10/imp.py", line 170, in load_source
    module = _exec(spec, sys.modules[name])
  File "<frozen importlib._bootstrap>", line 619, in _exec
  File "<frozen importlib._bootstrap_external>", line 883, in exec_module
  File "<frozen importlib._bootstrap>", line 241, in _call_with_frames_removed
  File "passenger_wsgi.py", line 8, in <module>
    wsgi = imp.load_source('wsgi', 'passenger_wsgi.py')
  File "/opt/alt/python310/lib64/python3.10/imp.py", line 170, in load_source
    module = _exec(spec, sys.modules[name])
  File "<frozen importlib._bootstrap>", line 619, in _exec
  File "<frozen importlib._bootstrap_external>", line 883, in exec_module
  File "<frozen importlib._bootstrap>", line 241, in _call_with_frames_removed
  File "passenger_wsgi.py", line 8, in <module>
    wsgi = imp.load_source('wsgi', 'passenger_wsgi.py')
  File "/opt/alt/python310/lib64/python3.10/imp.py", line 170, in load_source
    module = _exec(spec, sys.modules[name])
  File "<frozen importlib._bootstrap>", line 619, in _exec
  File "<frozen importlib._bootstrap_external>", line 883, in exec_module
  File "<frozen importlib._bootstrap>", line 241, in _call_with_frames_removed
  File "passenger_wsgi.py", line 8, in <module>
    wsgi = imp.load_source('wsgi', 'passenger_wsgi.py')
  File "/opt/alt/python310/lib64/python3.10/imp.py", line 170, in load_source
    module = _exec(spec, sys.modules[name])
  File "<frozen importlib._bootstrap>", line 619, in _exec
  File "<frozen importlib._bootstrap_external>", line 883, in exec_module
  File "<frozen importlib._bootstrap>", line 241, in _call_with_frames_removed
  File "passenger_wsgi.py", line 8, in <module>
    wsgi = imp.load_source('wsgi', 'passenger_wsgi.py')
  File "/opt/alt/python310/lib64/python3.10/imp.py", line 170, in load_source
    module = _exec(spec, sys.modules[name])
  File "<frozen importlib._bootstrap>", line 619, in _exec
  File "<frozen importlib._bootstrap_external>", line 883, in exec_module
  File "<frozen importlib._bootstrap>", line 241, in _call_with_frames_removed
  File "passenger_wsgi.py", line 8, in <module>
    wsgi = imp.load_source('wsgi', 'passenger_wsgi.py')
  File "/opt/alt/python310/lib64/python3.10/imp.py", line 170, in load_source
    module = _exec(spec, sys.modules[name])
  File "<frozen importlib._bootstrap>", line 619, in _exec
  File "<frozen importlib._bootstrap_external>", line 883, in exec_module
  File "<frozen importlib._bootstrap>", line 241, in _call_with_frames_removed
  File "passenger_wsgi.py", line 8, in <module>
    wsgi = imp.load_source('wsgi', 'passenger_wsgi.py')
  File "/opt/alt/python310/lib64/python3.10/imp.py", line 170, in load_source
    module = _exec(spec, sys.modules[name])
  File "<frozen importlib._bootstrap>", line 619, in _exec
  File "<frozen importlib._bootstrap_external>", line 883, in exec_module
  File "<frozen importlib._bootstrap>", line 241, in _call_with_frames_removed
  File "passenger_wsgi.py", line 8, in <module>
    wsgi = imp.load_source('wsgi', 'passenger_wsgi.py')
  File "/opt/alt/python310/lib64/python3.10/imp.py", line 170, in load_source
    module = _exec(spec, sys.modules[name])
  File "<frozen importlib._bootstrap>", line 619, in _exec
  File "<frozen importlib._bootstrap_external>", line 883, in exec_module
  File "<frozen importlib._bootstrap>", line 241, in _call_with_frames_removed
  File "passenger_wsgi.py", line 8, in <module>
    wsgi = imp.load_source('wsgi', 'passenger_wsgi.py')
  File "/opt/alt/python310/lib64/python3.10/imp.py", line 170, in load_source
    module = _exec(spec, sys.modules[name])
  File "<frozen importlib._bootstrap>", line 619, in _exec
  File "<frozen importlib._bootstrap_external>", line 883, in exec_module
  File "<frozen importlib._bootstrap>", line 241, in _call_with_frames_removed
  File "passenger_wsgi.py", line 8, in <module>
    wsgi = imp.load_source('wsgi', 'passenger_wsgi.py')
  File "/opt/alt/python310/lib64/python3.10/imp.py", line 170, in load_source
    module = _exec(spec, sys.modules[name])
  File "<frozen importlib._bootstrap>", line 619, in _exec
  File "<frozen importlib._bootstrap_external>", line 883, in exec_module
  File "<frozen importlib._bootstrap>", line 241, in _call_with_frames_removed
  File "passenger_wsgi.py", line 8, in <module>
    wsgi = imp.load_source('wsgi', 'passenger_wsgi.py')
  File "/opt/alt/python310/lib64/python3.10/imp.py", line 170, in load_source
    module = _exec(spec, sys.modules[name])
  File "<frozen importlib._bootstrap>", line 619, in _exec
  File "<frozen importlib._bootstrap_external>", line 883, in exec_module
  File "<frozen importlib._bootstrap>", line 241, in _call_with_frames_removed
  File "passenger_wsgi.py", line 8, in <module>
    wsgi = imp.load_source('wsgi', 'passenger_wsgi.py')
  File "/opt/alt/python310/lib64/python3.10/imp.py", line 170, in load_source
    module = _exec(spec, sys.modules[name])
  File "<frozen importlib._bootstrap>", line 612, in _exec
  File "<frozen importlib._bootstrap>", line 556, in _init_module_attrs
  File "<frozen importlib._bootstrap>", line 397, in cached
  File "<frozen importlib._bootstrap_external>", line 513, in _get_cached
  File "<frozen importlib._bootstrap_external>", line 406, in cache_from_source
  File "<frozen importlib._bootstrap_external>", line 134, in _path_split
RecursionError: maximum recursion depth exceeded
[UID:1969][3558087] Child process with pid: 3558099 was killed by signal: 15, core dumped: no
Not Found: /favicon.ico
Not Found: /favicon.ico
Not Found: /favicon.ico
Not Found: /favicon.ico
Not Found: /favicon.ico
Not Found: /favicon.ico
Not Found: /favicon.ico
Not Found: /sitemap.xml
Not Found: /robots.txt
Not Found: /favicon.ico
Not Found: /favicon.ico
Not Found: /wordpress/
Not Found: /robots.txt
Not Found: /.env
Not Found: /.env.local
Not Found: /.env.production
Not Found: /api/.env
Forbidden (Referer checking failed - no Referer.): /
Not Found: /wp-includes/wlwmanifest.xml
Not Found: /xmlrpc.php
Not Found: /blog/wp-includes/wlwmanifest.xml
Not Found: /web/wp-includes/wlwmanifest.xml
Not Found: /wordpress/wp-includes/wlwmanifest.xml
Not Found: /website/wp-includes/wlwmanifest.xml
Not Found: /wp/wp-includes/wlwmanifest.xml
Not Found: /news/wp-includes/wlwmanifest.xml
Not Found: /2018/wp-includes/wlwmanifest.xml
Not Found: /2019/wp-includes/wlwmanifest.xml
Not Found: /shop/wp-includes/wlwmanifest.xml
Not Found: /wp1/wp-includes/wlwmanifest.xml
Not Found: /test/wp-includes/wlwmanifest.xml
Not Found: /media/wp-includes/wlwmanifest.xml
Not Found: /wp2/wp-includes/wlwmanifest.xml
Not Found: /site/wp-includes/wlwmanifest.xml
Not Found: /cms/wp-includes/wlwmanifest.xml
Not Found: /sito/wp-includes/wlwmanifest.xml
Not Found: /.env
Not Found: /.env.local
Not Found: /.env.production
Not Found: /.env.staging
Not Found: /.env.development
Not Found: /.env.backup
Not Found: /.env.old
Not Found: /.env.bak
Not Found: /api/.env
Not Found: /backend/.env
Not Found: /public/.env
Not Found: /www/.env
Not Found: /config/.env
Not Found: /app/.env
Not Found: /src/.env
Not Found: /storage/.env
Not Found: /wp-content/.env
Not Found: /wp-admin/.env
Not Found: /phpinfo.php
Not Found: /phpinfo
Not Found: /info.php
Not Found: /info
Not Found: /test.php
Not Found: /php.php
Not Found: /phpinfo.php.bak
Not Found: /public/phpinfo.php
Not Found: /server.php
Not Found: /debug.php
Not Found: /php_info.php
Not Found: /testphp.php
Not Found: /probe.php
Not Found: /check.php
Not Found: /api/phpinfo.php
Not Found: /api/info.php
Not Found: /.bitbucket/config
Not Found: /.bitbucket/credentials
Not Found: /bitbucket/config
Not Found: /bitbucket/credentials
Not Found: /config/bitbucket.json
Not Found: /config/bitbucket.js
Not Found: /config/bitbucket.php
Not Found: /bitbucket/.env
Not Found: /bitbucket_keys.json
Not Found: /.bitbucket_keys
Not Found: /bitbucket/config.json
Not Found: /bitbucket/credentials.json
Not Found: /.bitbucket/config.bak
Not Found: /.bitbucket/credentials.bak
Not Found: /app/Services/BitbucketService.php
Not Found: /storage/app/bitbucket.json
Not Found: /config/atlassian.json
Not Found: /config/atlassian.js
Not Found: /atlassian/.env
Not Found: /atlassian/config.json
Not Found: /atlassian/credentials.json
Not Found: /database.sql
Not Found: /backup.sql
Not Found: /dump.sql
Not Found: /db.sql
Not Found: /database.sql.gz
Not Found: /backup.sql.gz
Not Found: /dump.sql.gz
Not Found: /.heroku/config
Not Found: /.gcloud/credentials
Not Found: /gcp-credentials.json
Not Found: /.azure/credentials
Not Found: /azure.json
Not Found: /.aws/credentials
Not Found: /aws-credentials.json
Not Found: /config.json
Not Found: /secrets.json
Not Found: /credentials.json
Not Found: /.secrets
Not Found: /.keys
Not Found: /config/database.php
Not Found: /config/app.php
Not Found: /config/services.php
Not Found: /bootstrap/cache/config.php
Not Found: /wp-config.php
Not Found: /wp-config.bak
Not Found: /wp-config.old
Not Found: /blog/wp-config.php
Not Found: /wordpress/wp-config.php
Not Found: /settings.py
Not Found: /local_settings.py
Not Found: /config/database.yml
Not Found: /config/secrets.yml
Not Found: /config/master.key
Not Found: /appsettings.json
Not Found: /appsettings.Production.json
Not Found: /debug.log
Not Found: /error.log
Not Found: /logs/error.log
Not Found: /storage/logs/laravel.log
Not Found: /docker-compose.yml
Not Found: /.docker/config.json
Not Found: /k8s/secrets.yaml
Not Found: /config/stripe.js
Not Found: /config/stripe.ts
Not Found: /api/stripe.js
Not Found: /api/stripe.ts
Not Found: /functions/stripe.js
Not Found: /functions/payment.js
Not Found: /routes/payment.js
Not Found: /routes/stripe.js
Not Found: /config/stripe.php
Not Found: /app/Services/StripeService.php
Not Found: /storage/app/stripe.json
Not Found: /storage/app/keys/stripe.key
Not Found: /config/stripe.json
Not Found: /config/stripe.yaml
Not Found: /config/payment.yml
Not Found: /config/webhook.php
Not Found: /api/webhook.js
Not Found: /webhook/stripe.php
Not Found: /webhooks/settings.json
Not Found: /stripe/.env
Not Found: /stripe/config.json
Not Found: /stripe/keys.json
Not Found: /stripe_keys.json
Not Found: /.stripe_keys
Not Found: /stripe.key
Not Found: /lib/stripe.js
Not Found: /utils/stripeConfig.js
Not Found: /server/config/stripe.js
Not Found: /backend/config.js
Not Found: /services/stripeService.js
Not Found: /app/config/stripe.php
Not Found: /stripe/config.py
Not Found: /core/settings/stripe.json
Not Found: /modules/payment/stripe.js
Not Found: /plugins/stripe/config.js
Not Found: /src/config/stripe.ts
Not Found: /database/seeds/stripe_keys.sql
Not Found: /config/sendgrid.js
Not Found: /config/sendgrid.php
Not Found: /config/sendgrid.json
Not Found: /api/sendgrid.js
Not Found: /mail/sendgrid.js
Not Found: /email/sendgrid.js
Not Found: /sendgrid/.env
Not Found: /sendgrid/config.json
Not Found: /sendgrid_keys.json
Not Found: /.sendgrid_keys
Not Found: /config/mail/sendgrid.php
Not Found: /app/Services/SendGridService.php
Not Found: /storage/app/sendgrid.json
Not Found: /config/email/sendgrid.js
Not Found: /config/brevo.js
Not Found: /config/brevo.php
Not Found: /config/brevo.json
Not Found: /api/brevo.js
Not Found: /mail/brevo.js
Not Found: /email/brevo.js
Not Found: /brevo/.env
Not Found: /brevo/config.json
Not Found: /brevo_keys.json
Not Found: /.brevo_keys
Not Found: /config/mail/brevo.php
Not Found: /app/Services/BrevoService.php
Not Found: /storage/app/brevo.json
Not Found: /config/sendinblue.js
Not Found: /config/sendinblue.php
Not Found: /.aws/config
Not Found: /aws/config.json
Not Found: /aws/credentials.json
Not Found: /config/aws.json
Not Found: /config/aws_credentials.json
Not Found: /.aws_keys
Not Found: /aws_keys.txt
Not Found: /aws/.env
Not Found: /.aws/.env
Not Found: /s3/credentials.json
Not Found: /s3/config.json
Not Found: /.aws_secret
Not Found: /aws_secret.json
Not Found: /aws_secrets.json
Not Found: /aws-config.json
Not Found: /config/s3.json
Not Found: /config/s3_credentials.json
Not Found: /storage/aws.json
Not Found: /app/Services/AWSService.php
Not Found: /config/cloud/aws.js
Not Found: /.env.prod
Not Found: /.env.dev
Not Found: /.env.test
Not Found: /.env.save
Not Found: /.env.sample
Not Found: /.env.example
Not Found: /.env.dist
Not Found: /.env.prod.local
Not Found: /.env.dev.local
Not Found: /.env.remote
Not Found: /api/v1/.env
Not Found: /api/v2/.env
Not Found: /api/v3/.env
Not Found: /rest/.env
Not Found: /graphql/.env
Not Found: /webhook/.env
Not Found: /webhooks/.env
Not Found: /payment/.env
Not Found: /payments/.env
Not Found: /mail/.env
Not Found: /email/.env
Not Found: /smtp/.env
Not Found: /mailer/.env
Not Found: /notification/.env
Not Found: /notifications/.env
Not Found: /cloud/.env
Not Found: /s3/.env
Not Found: /cdn/.env
Not Found: /media/.env
Not Found: /files/.env
Not Found: /v1/.env
Not Found: /v2/.env
Not Found: /v3/.env
Not Found: /frontend/.env
Not Found: /client/.env
Not Found: /docker/.env
Not Found: /kubernetes/.env
Not Found: /k8s/.env
Not Found: /tools/.env
Not Found: /cron/.env
Not Found: /modules/.env
Not Found: /plugins/.env
Not Found: /themes/.env
Not Found: /includes/.env
Not Found: /site/.env
Not Found: /html/.env
Not Found: /wwwroot/.env
Not Found: /htdocs/.env
Not Found: /public_html/.env
Not Found: /config/mail.php
Not Found: /config/payment.php
Not Found: /app/etc/env.php
Not Found: /config/application.yml
Not Found: /config/environments/production.rb
Not Found: /config/initializers/secret_token.rb
Not Found: /.rbenv-vars
Not Found: /appsettings.Development.json
Not Found: /appsettings.Staging.json
Not Found: /web.config
Not Found: /App.config
Not Found: /includes/config.php
Not Found: /include/config.php
Not Found: /inc/config.php
Not Found: /includes/dbconfig.php
Not Found: /application/config/config.php
Not Found: /application/config/database.php
Not Found: /system/application/config/database.php
Not Found: /project/settings.py
Not Found: /settings_local.py
Not Found: /config/settings.py
Not Found: /config/production.json
Not Found: /config/development.json
Not Found: /settings.js
Not Found: /config.js
Not Found: /phpinfo.php.old
Not Found: /_profiler/phpinfo
Not Found: /cpanel/phpinfo.php
Not Found: /www/phpinfo.php
Not Found: /web/phpinfo.php
Not Found: /server/phpinfo.php
Not Found: /info2.php
Not Found: /info1.php
Not Found: /info3.php
Not Found: /php-info.php
Not Found: /phptest.php
Not Found: /phpversion.php
Not Found: /php_version.php
Not Found: /serverinfo.php
Not Found: /_debug
Not Found: /pi.php
Not Found: /i.php
Not Found: /p.php
Not Found: /t.php
Not Found: /3.php
Not Found: /2.php
Not Found: /1.php
Not Found: /diagnostic.php
Not Found: /phpinfo.txt
Not Found: /info.txt
Not Found: /phpinfo.html
Not Found: /info.html
Not Found: /phpinfo.php~
Not Found: /phpinfo.php.save
Not Found: /wp-admin/info.php
Not Found: /wp-content/phpinfo.php
Not Found: /cgi-bin/phpinfo.php
Not Found: /v1/phpinfo.php
Not Found: /v2/phpinfo.php
Not Found: /db_backup.sql
Not Found: /sql_backup.sql
Not Found: /data.sql
Not Found: /export.sql
Not Found: /import.sql
Not Found: /backup/database.sql
Not Found: /backups/database.sql
Not Found: /sql/database.sql
Not Found: /db/database.sql
Not Found: /logs/application.log
Not Found: /logs/app.log
Not Found: /logs/debug.log
Not Found: /log/debug.log
Not Found: /storage/logs/debug.log
Not Found: /var/log/error.log
Not Found: /var/log/debug.log
Not Found: /.s3cfg
Not Found: /s3cfg
Not Found: /.s3cfg.bak
Not Found: /.s3cfg.old
Not Found: /config/.s3cfg
Not Found: /.config/s3cfg
Not Found: /s3cfg.conf
Not Found: /.s3cfg.conf
Not Found: /aws/.s3cfg
Not Found: /.aws/.s3cfg
Not Found: /s3/.s3cfg
Not Found: /storage/.s3cfg
Not Found: /app/.s3cfg
Not Found: /root/.s3cfg
Not Found: /home/.s3cfg
Not Found: /actuator/env
Not Found: /actuator/env.json
Not Found: /actuator/configprops
Not Found: /actuator/configprops.json
Not Found: /actuator/health
Not Found: /actuator/health.json
Not Found: /actuator/info
Not Found: /actuator/info.json
Not Found: /actuator/beans
Not Found: /actuator/beans.json
Not Found: /actuator/mappings
Not Found: /actuator/mappings.json
Not Found: /actuator/metrics
Not Found: /actuator/metrics.json
Not Found: /actuator/httptrace
Not Found: /actuator/httptrace.json
Not Found: /actuator/threaddump
Not Found: /actuator/threaddump.json
Not Found: /actuator/heapdump
Not Found: /actuator/loggers
Not Found: /actuator/loggers.json
Not Found: /actuator/refresh
Not Found: /actuator/restart
Not Found: /actuator/shutdown
Not Found: /api/actuator/env
Not Found: /api/actuator/env.json
Not Found: /management/env
Not Found: /management/env.json
Not Found: /httpd.conf
Not Found: /apache.conf
Not Found: /apache2.conf
Not Found: /httpd.conf.bak
Not Found: /apache.conf.bak
Not Found: /apache2.conf.bak
Not Found: /conf/httpd.conf
Not Found: /conf/apache.conf
Not Found: /conf/apache2.conf
Not Found: /etc/httpd/conf/httpd.conf
Not Found: /etc/apache2/apache2.conf
Not Found: /etc/apache2/httpd.conf
Not Found: /config/httpd.conf
Not Found: /config/apache.conf
Not Found: /config/apache2.conf
Not Found: /bootstrap/cache/services.php
Not Found: /bootstrap/cache/packages.php
Not Found: /bootstrap/cache/routes.php
Not Found: /bootstrap/cache/events.php
Not Found: /config/cache.php
Not Found: /config/queue.php
Not Found: /config/session.php
Not Found: /config/view.php
Not Found: /config/filesystems.php
Not Found: /config/broadcasting.php
Not Found: /config/logging.php
Not Found: /config/auth.php
Not Found: /config/passport.php
Not Found: /config/hashing.php
Not Found: /config/encryption.php
Not Found: /storage/framework/config.php
Not Found: /storage/framework/sessions
Not Found: /storage/framework/cache
Not Found: /storage/framework/views
Not Found: /app/Http/Controllers/.env
Not Found: /app/Models/.env
Not Found: /app/Providers/.env
Not Found: /resources/.env
Not Found: /routes/.env
Not Found: /database/.env
Not Found: /database/migrations/.env
Not Found: /database/seeds/.env
Not Found: /tests/.env
Not Found: /vendor/.env
Not Found: /.env.testing
Not Found: /.env.production.local
Not Found: /.env.staging.local
Not Found: /.env.development.local
Not Found: /artisan
Not Found: /artisan.bak
Not Found: /composer.json
Not Found: /composer.lock
Not Found: /package.json
Not Found: /package-lock.json
Not Found: /yarn.lock
Not Found: /.env.docker
Not Found: /.env.kubernetes
Not Found: /.env.k8s
Not Found: /.env.ci
Not Found: /.env.cd
Not Found: /.env.pipeline
Not Found: /.env.deploy
Not Found: /.env.release
Not Found: /.env.build
Not Found: /.env.shared
Not Found: /.env.current
Not Found: /.env.tmp
Not Found: /.env.cache
Not Found: /.env.swp
Not Found: /.env.swo
Not Found: /.env.production.backup
Not Found: /.env.development.backup
Not Found: /.env.staging.backup
Not Found: /.env.local.backup
Not Found: /.env.prod.backup
Not Found: /.env.dev.backup
Not Found: /.env.test.backup
Forbidden (Referer checking failed - no Referer.): /
Not Found: /robots.txt
Not Found: /favicon.ico
Not Found: /favicon.ico
Not Found: /favicon.ico
Not Found: /favicon.ico
